latitude,longitude,elevation,utc_offset_seconds,timezone,timezone_abbreviation
48.89279,2.2920206,36.0,0,GMT,GMT

time,temperature_2m (°C),relative_humidity_2m (%),precipitation (mm)
2023-01-01T00:00,14.8,54,0.00
2023-01-01T01:00,15.2,52,0.00
2023-01-01T02:00,15.0,53,0.00
2023-01-01T03:00,14.5,56,0.00
2023-01-01T04:00,14.3,59,0.00
2023-01-01T05:00,13.8,62,0.00
2023-01-01T06:00,13.7,64,0.00
2023-01-01T07:00,13.2,69,0.00
2023-01-01T08:00,12.7,75,0.20
2023-01-01T09:00,12.7,75,0.00
2023-01-01T10:00,13.0,74,0.00
2023-01-01T11:00,12.7,76,0.00
2023-01-01T12:00,12.0,88,0.00
2023-01-01T13:00,11.9,91,0.80
2023-01-01T14:00,11.7,92,1.30
2023-01-01T15:00,12.1,90,0.20
2023-01-01T16:00,12.0,89,0.60
2023-01-01T17:00,11.9,88,0.70
2023-01-01T18:00,12.2,85,0.00
2023-01-01T19:00,12.6,83,0.00
2023-01-01T20:00,14.1,75,0.00
2023-01-01T21:00,15.0,68,0.00
2023-01-01T22:00,15.1,68,0.00
2023-01-01T23:00,14.4,76,0.20
2023-01-02T00:00,13.6,82,0.30
2023-01-02T01:00,13.0,84,0.30
2023-01-02T02:00,12.4,85,0.60
2023-01-02T03:00,11.9,86,0.50
2023-01-02T04:00,11.6,88,0.20
2023-01-02T05:00,11.3,88,0.80
2023-01-02T06:00,10.6,91,2.60
2023-01-02T07:00,10.4,91,0.90
2023-01-02T08:00,10.2,92,0.50
2023-01-02T09:00,10.2,93,0.10
2023-01-02T10:00,10.8,88,0.00
2023-01-02T11:00,11.0,85,0.00
2023-01-02T12:00,10.4,89,0.00
2023-01-02T13:00,11.0,85,0.10
2023-01-02T14:00,10.9,84,0.10
2023-01-02T15:00,10.5,86,0.00
2023-01-02T16:00,9.0,89,0.00
2023-01-02T17:00,7.6,89,0.00
2023-01-02T18:00,7.2,89,0.00
2023-01-02T19:00,6.9,90,0.00
2023-01-02T20:00,6.6,91,0.00
2023-01-02T21:00,6.2,92,0.00
2023-01-02T22:00,5.8,94,0.00
2023-01-02T23:00,5.7,94,0.00
2023-01-03T00:00,6.3,95,0.00
2023-01-03T01:00,5.8,96,0.00
2023-01-03T02:00,6.1,95,0.00
2023-01-03T03:00,6.0,95,0.00
2023-01-03T04:00,5.9,95,0.00
2023-01-03T05:00,5.8,94,0.00
2023-01-03T06:00,5.8,94,0.00
2023-01-03T07:00,5.7,94,0.00
2023-01-03T08:00,5.6,94,0.00
2023-01-03T09:00,6.5,92,0.00
2023-01-03T10:00,7.9,91,0.00
2023-01-03T11:00,9.0,88,0.00
2023-01-03T12:00,8.9,86,0.00
2023-01-03T13:00,9.4,85,0.00
2023-01-03T14:00,9.8,83,0.00
2023-01-03T15:00,9.9,83,0.00
2023-01-03T16:00,8.9,88,0.00
2023-01-03T17:00,8.7,88,0.00
2023-01-03T18:00,8.6,89,0.00
2023-01-03T19:00,9.2,86,0.00
2023-01-03T20:00,9.4,88,0.60
2023-01-03T21:00,9.4,89,0.60
2023-01-03T22:00,9.5,89,0.80
2023-01-03T23:00,9.6,89,0.60
2023-01-04T00:00,9.8,90,0.50
2023-01-04T01:00,9.9,90,0.40
2023-01-04T02:00,10.1,88,0.00
2023-01-04T03:00,10.5,87,0.00
2023-01-04T04:00,10.7,87,0.00
2023-01-04T05:00,10.8,87,0.10
2023-01-04T06:00,11.0,88,0.00
2023-01-04T07:00,11.2,88,0.00
2023-01-04T08:00,11.0,90,0.00
2023-01-04T09:00,12.2,86,0.10
2023-01-04T10:00,12.0,89,0.10
2023-01-04T11:00,12.9,85,0.00
2023-01-04T12:00,12.5,90,0.10
2023-01-04T13:00,12.7,90,0.40
2023-01-04T14:00,12.9,89,0.00
2023-01-04T15:00,13.0,89,0.00
2023-01-04T16:00,12.9,89,0.00
2023-01-04T17:00,12.8,90,0.00
2023-01-04T18:00,12.9,89,0.00
2023-01-04T19:00,12.8,88,0.00
2023-01-04T20:00,12.9,89,0.00
2023-01-04T21:00,13.1,87,0.00
2023-01-04T22:00,13.2,86,0.00
2023-01-04T23:00,13.0,87,0.00
2023-01-05T00:00,12.8,87,0.40
2023-01-05T01:00,12.4,89,0.10
2023-01-05T02:00,12.5,90,0.10
2023-01-05T03:00,12.5,86,0.00
2023-01-05T04:00,11.9,87,0.00
2023-01-05T05:00,12.2,86,0.00
2023-01-05T06:00,11.9,89,0.00
2023-01-05T07:00,12.4,90,0.00
2023-01-05T08:00,12.4,91,0.00
2023-01-05T09:00,12.6,90,0.00
2023-01-05T10:00,13.7,83,0.00
2023-01-05T11:00,13.7,85,0.00
2023-01-05T12:00,13.6,85,0.00
2023-01-05T13:00,13.6,83,0.00
2023-01-05T14:00,13.4,82,0.00
2023-01-05T15:00,13.0,81,0.00
2023-01-05T16:00,12.4,82,0.00
2023-01-05T17:00,12.1,82,0.00
2023-01-05T18:00,11.8,82,0.00
2023-01-05T19:00,11.4,83,0.00
2023-01-05T20:00,11.1,86,0.00
2023-01-05T21:00,11.2,86,0.00
2023-01-05T22:00,11.1,87,0.00
2023-01-05T23:00,11.0,87,0.00
2023-01-06T00:00,10.9,84,0.00
2023-01-06T01:00,9.6,89,0.00
2023-01-06T02:00,10.7,83,0.00
2023-01-06T03:00,10.7,81,0.00
2023-01-06T04:00,10.8,83,0.00
2023-01-06T05:00,10.1,90,0.00
2023-01-06T06:00,10.4,90,0.00
2023-01-06T07:00,10.8,88,0.00
2023-01-06T08:00,10.2,91,0.00
2023-01-06T09:00,11.6,85,0.00
2023-01-06T10:00,12.2,82,0.00
2023-01-06T11:00,12.9,79,0.00
2023-01-06T12:00,12.5,78,0.00
2023-01-06T13:00,12.8,77,0.00
2023-01-06T14:00,12.9,77,0.00
2023-01-06T15:00,13.0,77,0.00
2023-01-06T16:00,12.5,79,0.00
2023-01-06T17:00,10.7,87,0.00
2023-01-06T18:00,10.2,89,0.00
2023-01-06T19:00,10.0,89,0.00
2023-01-06T20:00,9.9,86,0.00
2023-01-06T21:00,9.8,83,0.00
2023-01-06T22:00,9.6,82,0.00
2023-01-06T23:00,9.2,84,0.00
2023-01-07T00:00,9.4,84,0.00
2023-01-07T01:00,8.6,89,0.00
2023-01-07T02:00,8.2,91,0.00
2023-01-07T03:00,8.0,92,0.00
2023-01-07T04:00,7.7,93,0.00
2023-01-07T05:00,7.3,93,0.00
2023-01-07T06:00,6.8,93,0.00
2023-01-07T07:00,6.4,93,0.00
2023-01-07T08:00,6.1,93,0.00
2023-01-07T09:00,7.1,86,0.00
2023-01-07T10:00,8.0,83,0.00
2023-01-07T11:00,8.9,79,0.00
2023-01-07T12:00,10.2,74,0.00
2023-01-07T13:00,10.9,72,0.00
2023-01-07T14:00,11.0,75,0.80
2023-01-07T15:00,10.7,77,0.70
2023-01-07T16:00,10.2,82,0.60
2023-01-07T17:00,10.3,81,0.00
2023-01-07T18:00,10.5,80,0.40
2023-01-07T19:00,10.6,78,0.00
2023-01-07T20:00,10.4,79,0.00
2023-01-07T21:00,10.1,81,0.00
2023-01-07T22:00,9.8,83,0.00
2023-01-07T23:00,9.7,86,0.20
2023-01-08T00:00,9.6,90,0.10
2023-01-08T01:00,9.6,89,0.00
2023-01-08T02:00,9.5,91,0.00
2023-01-08T03:00,9.4,90,0.10
2023-01-08T04:00,8.7,92,0.00
2023-01-08T05:00,8.0,91,2.00
2023-01-08T06:00,9.1,90,1.30
2023-01-08T07:00,9.0,88,0.00
2023-01-08T08:00,8.0,88,0.00
2023-01-08T09:00,8.3,88,0.00
2023-01-08T10:00,9.2,82,0.00
2023-01-08T11:00,10.1,78,0.00
2023-01-08T12:00,9.9,85,0.00
2023-01-08T13:00,10.2,78,0.00
2023-01-08T14:00,10.6,78,0.00
2023-01-08T15:00,10.2,80,0.00
2023-01-08T16:00,9.7,82,0.00
2023-01-08T17:00,9.1,84,1.00
2023-01-08T18:00,8.9,89,1.40
2023-01-08T19:00,8.4,88,0.30
2023-01-08T20:00,8.6,87,0.20
2023-01-08T21:00,8.1,88,0.00
2023-01-08T22:00,7.1,89,0.00
2023-01-08T23:00,6.5,90,0.00
2023-01-09T00:00,6.2,86,0.00
2023-01-09T01:00,6.4,82,0.00
2023-01-09T02:00,6.8,80,0.00
2023-01-09T03:00,7.0,80,0.00
2023-01-09T04:00,6.9,80,0.00
2023-01-09T05:00,7.5,77,0.00
2023-01-09T06:00,7.1,77,0.00
2023-01-09T07:00,6.6,77,0.00
2023-01-09T08:00,6.3,76,0.00
2023-01-09T09:00,7.0,74,0.00
2023-01-09T10:00,7.6,71,0.00
2023-01-09T11:00,7.9,70,0.00
2023-01-09T12:00,8.3,72,0.00
2023-01-09T13:00,8.5,71,0.00
2023-01-09T14:00,8.4,69,0.10
2023-01-09T15:00,8.1,70,0.00
2023-01-09T16:00,7.2,76,0.00
2023-01-09T17:00,6.6,75,0.00
2023-01-09T18:00,6.1,77,0.00
2023-01-09T19:00,5.7,78,0.00
2023-01-09T20:00,5.6,77,0.00
2023-01-09T21:00,5.3,78,0.00
2023-01-09T22:00,5.4,74,0.00
2023-01-09T23:00,5.3,73,0.00
2023-01-10T00:00,4.4,83,0.00
2023-01-10T01:00,4.1,84,0.00
2023-01-10T02:00,3.8,85,0.00
2023-01-10T03:00,3.8,86,0.00
2023-01-10T04:00,3.8,87,0.00
2023-01-10T05:00,4.2,86,0.00
2023-01-10T06:00,4.5,86,0.00
2023-01-10T07:00,5.1,83,0.00
2023-01-10T08:00,5.5,83,0.00
2023-01-10T09:00,6.0,84,0.30
2023-01-10T10:00,6.1,90,0.40
2023-01-10T11:00,6.5,90,0.80
2023-01-10T12:00,6.8,91,0.30
2023-01-10T13:00,8.0,91,0.40
2023-01-10T14:00,8.4,90,0.10
2023-01-10T15:00,8.7,92,0.30
2023-01-10T16:00,9.5,92,0.00
2023-01-10T17:00,10.0,92,0.00
2023-01-10T18:00,10.5,92,0.00
2023-01-10T19:00,11.1,91,0.00
2023-01-10T20:00,11.3,90,0.00
2023-01-10T21:00,11.6,90,0.20
2023-01-10T22:00,11.8,91,0.00
2023-01-10T23:00,12.1,90,0.00
2023-01-11T00:00,12.0,90,0.00
2023-01-11T01:00,12.3,88,0.10
2023-01-11T02:00,12.3,91,0.50
2023-01-11T03:00,12.2,91,1.80
2023-01-11T04:00,12.0,91,1.90
2023-01-11T05:00,12.0,89,1.40
2023-01-11T06:00,11.0,91,2.10
2023-01-11T07:00,10.5,90,0.10
2023-01-11T08:00,9.6,91,0.00
2023-01-11T09:00,9.6,89,0.00
2023-01-11T10:00,9.9,86,0.00
2023-01-11T11:00,10.4,81,0.00
2023-01-11T12:00,11.0,76,0.00
2023-01-11T13:00,11.2,70,0.00
2023-01-11T14:00,11.1,68,0.00
2023-01-11T15:00,10.6,69,0.00
2023-01-11T16:00,9.8,72,0.00
2023-01-11T17:00,9.0,75,0.00
2023-01-11T18:00,8.8,75,0.00
2023-01-11T19:00,9.3,72,0.00
2023-01-11T20:00,9.4,73,0.00
2023-01-11T21:00,9.6,74,0.00
2023-01-11T22:00,9.6,75,0.00
2023-01-11T23:00,9.1,78,0.00
2023-01-12T00:00,9.5,78,0.00
2023-01-12T01:00,9.9,77,0.00
2023-01-12T02:00,9.9,75,0.00
2023-01-12T03:00,9.8,76,0.00
2023-01-12T04:00,9.8,77,0.00
2023-01-12T05:00,10.3,76,0.00
2023-01-12T06:00,11.0,73,0.00
2023-01-12T07:00,11.3,73,0.00
2023-01-12T08:00,11.4,73,0.00
2023-01-12T09:00,11.5,75,0.00
2023-01-12T10:00,11.9,74,0.00
2023-01-12T11:00,11.9,75,0.00
2023-01-12T12:00,11.6,79,0.00
2023-01-12T13:00,11.9,79,0.00
2023-01-12T14:00,11.9,78,0.00
2023-01-12T15:00,11.7,76,0.00
2023-01-12T16:00,11.6,75,0.00
2023-01-12T17:00,11.6,75,0.00
2023-01-12T18:00,11.3,79,0.30
2023-01-12T19:00,11.2,81,0.20
2023-01-12T20:00,11.0,83,0.10
2023-01-12T21:00,11.0,85,0.10
2023-01-12T22:00,11.1,85,0.00
2023-01-12T23:00,11.0,87,0.90
2023-01-13T00:00,10.8,88,0.00
2023-01-13T01:00,10.8,90,0.50
2023-01-13T02:00,10.8,90,0.10
2023-01-13T03:00,10.2,83,0.20
2023-01-13T04:00,9.5,84,0.00
2023-01-13T05:00,9.0,83,0.00
2023-01-13T06:00,8.4,83,0.00
2023-01-13T07:00,8.1,82,0.00
2023-01-13T08:00,7.8,83,0.00
2023-01-13T09:00,8.4,80,0.00
2023-01-13T10:00,9.3,77,0.00
2023-01-13T11:00,9.9,72,0.10
2023-01-13T12:00,9.2,78,0.10
2023-01-13T13:00,10.1,75,0.00
2023-01-13T14:00,10.3,69,0.00
2023-01-13T15:00,10.1,68,0.00
2023-01-13T16:00,9.2,71,0.00
2023-01-13T17:00,8.6,73,0.00
2023-01-13T18:00,8.1,75,0.00
2023-01-13T19:00,7.6,76,0.00
2023-01-13T20:00,7.3,79,0.00
2023-01-13T21:00,7.0,82,0.00
2023-01-13T22:00,6.8,83,0.00
2023-01-13T23:00,7.4,82,0.00
2023-01-14T00:00,8.3,82,0.40
2023-01-14T01:00,8.5,86,0.00
2023-01-14T02:00,8.8,91,0.00
2023-01-14T03:00,9.6,89,0.00
2023-01-14T04:00,9.8,89,0.00
2023-01-14T05:00,9.8,87,0.00
2023-01-14T06:00,9.8,87,0.00
2023-01-14T07:00,9.9,82,0.00
2023-01-14T08:00,9.8,84,0.10
2023-01-14T09:00,10.6,86,0.30
2023-01-14T10:00,10.6,90,0.40
2023-01-14T11:00,11.5,89,0.30
2023-01-14T12:00,11.3,86,0.20
2023-01-14T13:00,11.9,86,0.10
2023-01-14T14:00,12.4,86,0.30
2023-01-14T15:00,12.2,88,0.20
2023-01-14T16:00,12.5,88,0.20
2023-01-14T17:00,12.6,88,0.10
2023-01-14T18:00,12.4,90,0.60
2023-01-14T19:00,12.3,91,0.80
2023-01-14T20:00,11.2,91,3.00
2023-01-14T21:00,10.3,91,1.50
2023-01-14T22:00,9.6,90,0.90
2023-01-14T23:00,8.4,88,0.50
2023-01-15T00:00,7.5,89,0.60
2023-01-15T01:00,7.3,88,0.30
2023-01-15T02:00,7.1,88,0.30
2023-01-15T03:00,6.7,87,0.40
2023-01-15T04:00,6.5,85,0.10
2023-01-15T05:00,6.2,83,0.00
2023-01-15T06:00,5.8,82,0.00
2023-01-15T07:00,5.5,80,0.00
2023-01-15T08:00,4.9,80,0.00
2023-01-15T09:00,5.5,78,0.00
2023-01-15T10:00,6.6,72,0.00
2023-01-15T11:00,7.4,66,0.00
2023-01-15T12:00,7.9,66,0.00
2023-01-15T13:00,8.6,61,0.00
2023-01-15T14:00,8.7,60,0.00
2023-01-15T15:00,8.3,64,0.00
2023-01-15T16:00,7.5,68,0.00
2023-01-15T17:00,7.0,70,0.00
2023-01-15T18:00,6.8,71,0.00
2023-01-15T19:00,6.7,72,0.00
2023-01-15T20:00,6.4,74,0.00
2023-01-15T21:00,6.2,77,0.00
2023-01-15T22:00,5.9,80,0.00
2023-01-15T23:00,6.0,81,0.00
2023-01-16T00:00,6.1,84,0.10
2023-01-16T01:00,6.2,84,0.10
2023-01-16T02:00,6.4,85,0.40
2023-01-16T03:00,6.4,89,2.40
2023-01-16T04:00,5.7,91,2.30
2023-01-16T05:00,6.4,87,0.00
2023-01-16T06:00,5.8,84,0.10
2023-01-16T07:00,6.1,86,0.20
2023-01-16T08:00,5.4,87,0.40
2023-01-16T09:00,5.1,89,0.50
2023-01-16T10:00,5.6,89,0.10
2023-01-16T11:00,4.3,92,0.50
2023-01-16T12:00,4.9,92,0.70
2023-01-16T13:00,5.6,82,0.60
2023-01-16T14:00,5.8,82,0.00
2023-01-16T15:00,5.3,76,0.00
2023-01-16T16:00,4.7,78,0.00
2023-01-16T17:00,4.1,80,0.00
2023-01-16T18:00,3.4,83,0.00
2023-01-16T19:00,2.8,87,0.00
2023-01-16T20:00,2.2,89,0.00
2023-01-16T21:00,1.9,89,0.00
2023-01-16T22:00,1.4,91,0.00
2023-01-16T23:00,0.9,92,0.00
2023-01-17T00:00,3.2,83,0.00
2023-01-17T01:00,2.3,88,0.00
2023-01-17T02:00,0.3,95,0.00
2023-01-17T03:00,-0.3,97,0.00
2023-01-17T04:00,-0.5,97,0.00
2023-01-17T05:00,-0.7,98,0.00
2023-01-17T06:00,-1.0,98,0.00
2023-01-17T07:00,-1.2,98,0.00
2023-01-17T08:00,-0.3,98,0.00
2023-01-17T09:00,0.7,95,0.00
2023-01-17T10:00,2.1,90,0.00
2023-01-17T11:00,3.3,86,0.00
2023-01-17T12:00,2.6,93,0.00
2023-01-17T13:00,3.0,91,0.40
2023-01-17T14:00,3.2,92,0.90
2023-01-17T15:00,3.4,93,0.70
2023-01-17T16:00,3.0,92,0.80
2023-01-17T17:00,2.7,92,0.40
2023-01-17T18:00,2.4,92,0.30
2023-01-17T19:00,2.4,90,0.20
2023-01-17T20:00,1.9,88,0.10
2023-01-17T21:00,1.2,86,0.00
2023-01-17T22:00,0.8,84,0.00
2023-01-17T23:00,0.6,83,0.00
2023-01-18T00:00,0.4,85,0.00
2023-01-18T01:00,0.2,85,0.00
2023-01-18T02:00,0.1,86,0.00
2023-01-18T03:00,-0.4,88,0.00
2023-01-18T04:00,-1.1,90,0.00
2023-01-18T05:00,-1.7,91,0.00
2023-01-18T06:00,-2.4,92,0.00
2023-01-18T07:00,-2.6,92,0.00
2023-01-18T08:00,-2.5,90,0.00
2023-01-18T09:00,-0.3,85,0.00
2023-01-18T10:00,1.7,80,0.00
2023-01-18T11:00,3.3,74,0.00
2023-01-18T12:00,4.3,73,0.00
2023-01-18T13:00,5.0,66,0.00
2023-01-18T14:00,5.0,68,0.10
2023-01-18T15:00,4.7,67,0.10
2023-01-18T16:00,3.3,77,0.00
2023-01-18T17:00,2.5,79,0.00
2023-01-18T18:00,1.4,87,0.00
2023-01-18T19:00,0.7,89,0.00
2023-01-18T20:00,0.3,91,0.00
2023-01-18T21:00,-0.3,93,0.00
2023-01-18T22:00,-1.1,94,0.00
2023-01-18T23:00,-1.8,94,0.00
2023-01-19T00:00,-0.9,95,0.00
2023-01-19T01:00,-0.6,94,0.00
2023-01-19T02:00,-1.0,94,0.00
2023-01-19T03:00,-1.8,94,0.00
2023-01-19T04:00,-2.2,94,0.00
2023-01-19T05:00,-2.2,93,0.00
2023-01-19T06:00,-1.7,92,0.00
2023-01-19T07:00,-1.8,92,0.00
2023-01-19T08:00,-2.0,93,0.00
2023-01-19T09:00,0.0,89,0.00
2023-01-19T10:00,1.4,86,0.00
2023-01-19T11:00,2.9,82,0.00
2023-01-19T12:00,2.7,75,0.00
2023-01-19T13:00,3.4,76,1.20
2023-01-19T14:00,2.9,85,1.80
2023-01-19T15:00,3.0,90,1.10
2023-01-19T16:00,3.0,90,0.20
2023-01-19T17:00,2.5,94,0.00
2023-01-19T18:00,2.5,93,0.00
2023-01-19T19:00,1.3,97,0.10
2023-01-19T20:00,1.3,97,0.10
2023-01-19T21:00,0.2,97,0.00
2023-01-19T22:00,-0.7,95,0.00
2023-01-19T23:00,-1.1,95,0.00
2023-01-20T00:00,0.3,96,0.00
2023-01-20T01:00,-1.5,96,0.00
2023-01-20T02:00,-2.5,97,0.00
2023-01-20T03:00,-2.7,97,0.00
2023-01-20T04:00,-2.6,95,0.00
2023-01-20T05:00,-2.3,94,0.00
2023-01-20T06:00,-1.3,91,0.00
2023-01-20T07:00,-1.0,89,0.00
2023-01-20T08:00,0.4,86,0.00
2023-01-20T09:00,1.5,84,0.00
2023-01-20T10:00,2.5,85,0.00
2023-01-20T11:00,4.2,80,0.00
2023-01-20T12:00,4.3,81,0.00
2023-01-20T13:00,5.7,73,0.00
2023-01-20T14:00,5.8,72,0.20
2023-01-20T15:00,5.9,72,0.00
2023-01-20T16:00,4.5,78,0.00
2023-01-20T17:00,3.2,84,0.00
2023-01-20T18:00,2.2,87,0.00
2023-01-20T19:00,1.5,89,0.00
2023-01-20T20:00,1.5,90,0.00
2023-01-20T21:00,1.0,91,0.00
2023-01-20T22:00,1.0,90,0.00
2023-01-20T23:00,1.5,90,0.00
2023-01-21T00:00,2.3,89,0.00
2023-01-21T01:00,2.6,90,0.10
2023-01-21T02:00,2.1,94,0.00
2023-01-21T03:00,2.2,89,0.00
2023-01-21T04:00,1.2,88,0.00
2023-01-21T05:00,0.1,90,0.00
2023-01-21T06:00,-0.8,90,0.00
2023-01-21T07:00,-1.4,90,0.00
2023-01-21T08:00,-1.6,90,0.00
2023-01-21T09:00,-0.6,86,0.00
2023-01-21T10:00,0.7,82,0.00
2023-01-21T11:00,1.9,76,0.00
2023-01-21T12:00,2.6,71,0.00
2023-01-21T13:00,3.2,69,0.00
2023-01-21T14:00,3.8,67,0.00
2023-01-21T15:00,3.7,64,0.00
2023-01-21T16:00,2.4,72,0.00
2023-01-21T17:00,0.9,77,0.00
2023-01-21T18:00,0.1,81,0.00
2023-01-21T19:00,-0.7,86,0.00
2023-01-21T20:00,-1.3,90,0.00
2023-01-21T21:00,-1.6,92,0.00
2023-01-21T22:00,-1.0,87,0.00
2023-01-21T23:00,-0.9,84,0.00
2023-01-22T00:00,-0.6,85,0.00
2023-01-22T01:00,-0.6,81,0.00
2023-01-22T02:00,-0.5,78,0.00
2023-01-22T03:00,-0.8,80,0.00
2023-01-22T04:00,-0.9,80,0.00
2023-01-22T05:00,-0.9,78,0.00
2023-01-22T06:00,-0.9,79,0.00
2023-01-22T07:00,-0.9,79,0.00
2023-01-22T08:00,-0.7,80,0.00
2023-01-22T09:00,-0.5,77,0.00
2023-01-22T10:00,0.2,73,0.00
2023-01-22T11:00,0.8,72,0.00
2023-01-22T12:00,1.4,76,0.00
2023-01-22T13:00,2.9,68,0.00
2023-01-22T14:00,3.1,71,0.00
2023-01-22T15:00,2.7,76,0.00
2023-01-22T16:00,2.3,78,0.00
2023-01-22T17:00,1.8,80,0.00
2023-01-22T18:00,1.4,80,0.00
2023-01-22T19:00,0.8,82,0.00
2023-01-22T20:00,0.4,83,0.00
2023-01-22T21:00,0.5,83,0.00
2023-01-22T22:00,0.5,83,0.00
2023-01-22T23:00,0.5,81,0.00
2023-01-23T00:00,1.1,84,0.00
2023-01-23T01:00,1.1,83,0.00
2023-01-23T02:00,1.0,83,0.00
2023-01-23T03:00,1.0,82,0.00
2023-01-23T04:00,0.9,84,0.00
2023-01-23T05:00,0.8,85,0.00
2023-01-23T06:00,0.6,86,0.00
2023-01-23T07:00,0.4,86,0.00
2023-01-23T08:00,0.4,84,0.00
2023-01-23T09:00,1.2,81,0.00
2023-01-23T10:00,1.8,80,0.00
2023-01-23T11:00,2.4,79,0.00
2023-01-23T12:00,2.3,80,0.00
2023-01-23T13:00,2.9,73,0.00
2023-01-23T14:00,3.6,68,0.00
2023-01-23T15:00,3.5,69,0.00
2023-01-23T16:00,3.2,71,0.00
2023-01-23T17:00,3.1,72,0.00
2023-01-23T18:00,2.9,74,0.00
2023-01-23T19:00,1.6,83,0.00
2023-01-23T20:00,1.0,87,0.00
2023-01-23T21:00,0.3,89,0.00
2023-01-23T22:00,-0.1,90,0.00
2023-01-23T23:00,-0.6,91,0.00
2023-01-24T00:00,0.0,90,0.00
2023-01-24T01:00,-0.2,91,0.00
2023-01-24T02:00,-0.5,93,0.00
2023-01-24T03:00,-0.7,93,0.00
2023-01-24T04:00,-1.0,93,0.00
2023-01-24T05:00,-1.4,93,0.00
2023-01-24T06:00,-1.6,93,0.00
2023-01-24T07:00,-0.9,92,0.00
2023-01-24T08:00,-0.4,88,0.00
2023-01-24T09:00,0.6,85,0.00
2023-01-24T10:00,1.5,83,0.00
2023-01-24T11:00,2.6,80,0.00
2023-01-24T12:00,2.9,81,0.00
2023-01-24T13:00,3.4,80,0.00
2023-01-24T14:00,3.5,80,0.00
2023-01-24T15:00,3.5,80,0.00
2023-01-24T16:00,3.4,80,0.00
2023-01-24T17:00,3.1,81,0.00
2023-01-24T18:00,2.8,81,0.00
2023-01-24T19:00,2.6,81,0.00
2023-01-24T20:00,2.3,81,0.00
2023-01-24T21:00,1.9,82,0.00
2023-01-24T22:00,1.8,83,0.00
2023-01-24T23:00,1.6,84,0.00
2023-01-25T00:00,1.6,82,0.00
2023-01-25T01:00,1.4,83,0.00
2023-01-25T02:00,1.3,83,0.00
2023-01-25T03:00,1.4,84,0.00
2023-01-25T04:00,1.4,84,0.00
2023-01-25T05:00,1.4,85,0.00
2023-01-25T06:00,1.4,85,0.00
2023-01-25T07:00,1.4,86,0.00
2023-01-25T08:00,1.6,86,0.00
2023-01-25T09:00,2.0,85,0.00
2023-01-25T10:00,2.3,84,0.00
2023-01-25T11:00,2.4,85,0.00
2023-01-25T12:00,1.0,86,0.00
2023-01-25T13:00,1.1,85,0.00
2023-01-25T14:00,1.2,84,0.00
2023-01-25T15:00,1.2,83,0.00
2023-01-25T16:00,0.9,83,0.00
2023-01-25T17:00,0.8,82,0.00
2023-01-25T18:00,1.0,81,0.00
2023-01-25T19:00,1.0,82,0.00
2023-01-25T20:00,0.7,85,0.00
2023-01-25T21:00,0.7,85,0.00
2023-01-25T22:00,0.9,86,0.00
2023-01-25T23:00,1.0,86,0.00
2023-01-26T00:00,0.1,91,0.00
2023-01-26T01:00,0.4,87,0.00
2023-01-26T02:00,0.6,87,0.00
2023-01-26T03:00,0.7,87,0.00
2023-01-26T04:00,0.8,87,0.00
2023-01-26T05:00,0.8,86,0.00
2023-01-26T06:00,0.9,86,0.00
2023-01-26T07:00,0.8,86,0.00
2023-01-26T08:00,0.9,86,0.00
2023-01-26T09:00,1.2,86,0.00
2023-01-26T10:00,1.9,85,0.00
2023-01-26T11:00,2.5,85,0.00
2023-01-26T12:00,2.2,90,0.10
2023-01-26T13:00,2.9,88,0.00
2023-01-26T14:00,3.5,89,0.10
2023-01-26T15:00,4.1,89,0.10
2023-01-26T16:00,4.3,92,0.10
2023-01-26T17:00,4.6,91,0.00
2023-01-26T18:00,4.5,89,0.00
2023-01-26T19:00,3.2,92,0.00
2023-01-26T20:00,2.7,94,0.00
2023-01-26T21:00,3.1,92,0.00
2023-01-26T22:00,3.1,93,0.00
2023-01-26T23:00,3.8,92,0.00
2023-01-27T00:00,4.5,92,0.00
2023-01-27T01:00,4.0,93,0.10
2023-01-27T02:00,4.3,93,0.20
2023-01-27T03:00,3.9,93,0.00
2023-01-27T04:00,4.0,91,0.00
2023-01-27T05:00,3.8,89,0.00
2023-01-27T06:00,3.5,89,0.00
2023-01-27T07:00,3.5,89,0.00
2023-01-27T08:00,3.5,90,0.00
2023-01-27T09:00,3.6,90,0.00
2023-01-27T10:00,3.8,85,0.10
2023-01-27T11:00,4.1,81,0.10
2023-01-27T12:00,4.3,79,0.00
2023-01-27T13:00,4.3,78,0.00
2023-01-27T14:00,4.7,76,0.00
2023-01-27T15:00,4.5,75,0.00
2023-01-27T16:00,4.3,75,0.00
2023-01-27T17:00,3.9,77,0.00
2023-01-27T18:00,3.8,81,0.00
2023-01-27T19:00,3.8,83,0.00
2023-01-27T20:00,3.6,85,0.00
2023-01-27T21:00,3.6,85,0.00
2023-01-27T22:00,3.6,85,0.00
2023-01-27T23:00,3.5,85,0.00
2023-01-28T00:00,3.4,86,0.00
2023-01-28T01:00,3.5,86,0.00
2023-01-28T02:00,3.5,85,0.00
2023-01-28T03:00,3.3,84,0.00
2023-01-28T04:00,2.9,81,0.00
2023-01-28T05:00,2.3,81,0.00
2023-01-28T06:00,1.2,84,0.00
2023-01-28T07:00,1.1,83,0.00
2023-01-28T08:00,1.4,81,0.00
2023-01-28T09:00,2.1,76,0.00
2023-01-28T10:00,2.8,73,0.00
2023-01-28T11:00,3.2,71,0.00
2023-01-28T12:00,3.4,73,0.00
2023-01-28T13:00,3.5,71,0.00
2023-01-28T14:00,3.7,67,0.00
2023-01-28T15:00,3.5,65,0.00
2023-01-28T16:00,3.3,64,0.00
2023-01-28T17:00,2.0,70,0.00
2023-01-28T18:00,0.8,76,0.00
2023-01-28T19:00,-0.4,82,0.00
2023-01-28T20:00,-1.3,86,0.00
2023-01-28T21:00,-1.9,88,0.00
2023-01-28T22:00,-3.2,90,0.00
2023-01-28T23:00,-3.7,91,0.00
2023-01-29T00:00,-1.1,90,0.00
2023-01-29T01:00,-0.1,84,0.00
2023-01-29T02:00,0.2,84,0.00
2023-01-29T03:00,-0.3,90,0.00
2023-01-29T04:00,-0.1,87,0.00
2023-01-29T05:00,-1.4,93,0.00
2023-01-29T06:00,-1.5,94,0.00
2023-01-29T07:00,-1.6,94,0.00
2023-01-29T08:00,-1.4,94,0.00
2023-01-29T09:00,0.0,90,0.00
2023-01-29T10:00,2.1,81,0.00
2023-01-29T11:00,3.6,73,0.00
2023-01-29T12:00,4.3,69,0.00
2023-01-29T13:00,4.4,67,0.00
2023-01-29T14:00,4.6,67,0.00
2023-01-29T15:00,4.7,67,0.00
2023-01-29T16:00,4.6,67,0.00
2023-01-29T17:00,4.0,71,0.00
2023-01-29T18:00,3.9,72,0.00
2023-01-29T19:00,3.9,72,0.00
2023-01-29T20:00,3.9,73,0.00
2023-01-29T21:00,3.8,76,0.00
2023-01-29T22:00,3.7,80,0.00
2023-01-29T23:00,4.0,81,0.00
2023-01-30T00:00,4.0,83,0.00
2023-01-30T01:00,4.0,85,0.00
2023-01-30T02:00,4.4,82,0.00
2023-01-30T03:00,3.9,84,0.00
2023-01-30T04:00,3.3,88,0.00
2023-01-30T05:00,3.7,86,0.00
2023-01-30T06:00,4.3,84,0.00
2023-01-30T07:00,4.9,83,0.00
2023-01-30T08:00,5.2,85,0.00
2023-01-30T09:00,5.9,84,0.00
2023-01-30T10:00,6.4,84,0.00
2023-01-30T11:00,7.5,83,0.00
2023-01-30T12:00,7.3,87,0.00
2023-01-30T13:00,8.3,85,0.00
2023-01-30T14:00,8.8,81,0.00
2023-01-30T15:00,9.0,81,0.00
2023-01-30T16:00,8.4,82,0.00
2023-01-30T17:00,5.9,86,0.00
2023-01-30T18:00,4.1,89,0.00
2023-01-30T19:00,3.8,91,0.00
2023-01-30T20:00,3.1,92,0.00
2023-01-30T21:00,1.2,96,0.00
2023-01-30T22:00,0.2,97,0.00
2023-01-30T23:00,0.0,97,0.00
2023-01-31T00:00,0.4,96,0.00
2023-01-31T01:00,-0.1,96,0.00
2023-01-31T02:00,-0.4,97,0.00
2023-01-31T03:00,-0.7,97,0.00
2023-01-31T04:00,-0.8,97,0.00
2023-01-31T05:00,-1.2,97,0.00
2023-01-31T06:00,-1.0,96,0.00
2023-01-31T07:00,-0.9,95,0.00
2023-01-31T08:00,0.9,93,0.00
2023-01-31T09:00,3.0,87,0.00
2023-01-31T10:00,4.4,86,0.00
2023-01-31T11:00,6.3,81,0.00
2023-01-31T12:00,5.3,86,0.00
2023-01-31T13:00,7.1,82,0.00
2023-01-31T14:00,7.9,77,0.00
2023-01-31T15:00,8.3,76,0.00
2023-01-31T16:00,8.1,77,0.00
2023-01-31T17:00,7.6,80,0.00
2023-01-31T18:00,7.3,80,0.00
2023-01-31T19:00,7.3,80,0.00
2023-01-31T20:00,7.5,81,0.00
2023-01-31T21:00,7.3,84,0.00
2023-01-31T22:00,6.6,90,0.00
2023-01-31T23:00,7.6,88,0.00
2023-02-01T00:00,7.2,86,0.00
2023-02-01T01:00,7.4,88,0.00
2023-02-01T02:00,7.3,87,0.00
2023-02-01T03:00,7.2,81,0.00
2023-02-01T04:00,6.6,83,0.00
2023-02-01T05:00,6.3,83,0.00
2023-02-01T06:00,5.9,83,0.00
2023-02-01T07:00,6.1,80,0.00
2023-02-01T08:00,6.2,79,0.00
2023-02-01T09:00,6.8,77,0.00
2023-02-01T10:00,8.2,70,0.00
2023-02-01T11:00,8.7,68,0.00
2023-02-01T12:00,9.1,65,0.00
2023-02-01T13:00,9.4,64,0.00
2023-02-01T14:00,9.7,60,0.00
2023-02-01T15:00,9.5,63,0.00
2023-02-01T16:00,9.2,64,0.00
2023-02-01T17:00,8.1,67,0.00
2023-02-01T18:00,7.8,69,0.00
2023-02-01T19:00,7.5,71,0.00
2023-02-01T20:00,7.4,72,0.00
2023-02-01T21:00,5.9,79,0.00
2023-02-01T22:00,5.4,83,0.00
2023-02-01T23:00,5.6,84,0.00
2023-02-02T00:00,6.4,82,0.00
2023-02-02T01:00,5.7,88,0.00
2023-02-02T02:00,5.1,91,0.00
2023-02-02T03:00,4.7,93,0.00
2023-02-02T04:00,4.4,93,0.00
2023-02-02T05:00,5.2,91,0.00
2023-02-02T06:00,5.8,89,0.00
2023-02-02T07:00,5.9,89,0.00
2023-02-02T08:00,6.5,88,0.00
2023-02-02T09:00,7.8,80,0.00
2023-02-02T10:00,8.1,77,0.00
2023-02-02T11:00,8.5,77,0.00
2023-02-02T12:00,10.2,66,0.00
2023-02-02T13:00,10.0,64,0.00
2023-02-02T14:00,10.5,62,0.00
2023-02-02T15:00,10.5,63,0.00
2023-02-02T16:00,9.5,69,0.00
2023-02-02T17:00,9.0,70,0.00
2023-02-02T18:00,7.6,76,0.00
2023-02-02T19:00,6.4,83,0.00
2023-02-02T20:00,7.6,79,0.00
2023-02-02T21:00,7.8,79,0.00
2023-02-02T22:00,7.8,77,0.00
2023-02-02T23:00,7.9,77,0.00
2023-02-03T00:00,7.7,76,0.00
2023-02-03T01:00,7.8,77,0.00
2023-02-03T02:00,7.6,76,0.00
2023-02-03T03:00,7.2,79,0.00
2023-02-03T04:00,6.5,82,0.00
2023-02-03T05:00,6.9,79,0.00
2023-02-03T06:00,6.9,79,0.00
2023-02-03T07:00,7.2,77,0.00
2023-02-03T08:00,7.6,77,0.00
2023-02-03T09:00,8.3,76,0.00
2023-02-03T10:00,9.2,74,0.00
2023-02-03T11:00,9.8,74,0.00
2023-02-03T12:00,9.6,76,0.00
2023-02-03T13:00,9.9,76,0.00
2023-02-03T14:00,10.2,76,0.00
2023-02-03T15:00,10.1,79,0.00
2023-02-03T16:00,10.2,81,0.00
2023-02-03T17:00,9.7,83,0.00
2023-02-03T18:00,9.4,84,0.00
2023-02-03T19:00,8.2,89,0.00
2023-02-03T20:00,6.8,93,0.00
2023-02-03T21:00,7.2,93,0.00
2023-02-03T22:00,7.8,91,0.00
2023-02-03T23:00,8.0,91,0.00
2023-02-04T00:00,8.3,91,0.00
2023-02-04T01:00,8.6,91,0.00
2023-02-04T02:00,8.5,92,0.00
2023-02-04T03:00,8.5,93,0.00
2023-02-04T04:00,8.5,92,0.00
2023-02-04T05:00,8.4,92,0.00
2023-02-04T06:00,8.3,92,0.00
2023-02-04T07:00,8.2,91,0.00
2023-02-04T08:00,8.2,90,0.00
2023-02-04T09:00,8.8,87,0.00
2023-02-04T10:00,9.7,83,0.00
2023-02-04T11:00,10.8,77,0.00
2023-02-04T12:00,9.2,86,0.00
2023-02-04T13:00,9.8,81,0.00
2023-02-04T14:00,10.1,79,0.00
2023-02-04T15:00,10.4,76,0.00
2023-02-04T16:00,9.8,80,0.00
2023-02-04T17:00,9.0,86,0.00
2023-02-04T18:00,8.6,86,0.00
2023-02-04T19:00,8.6,81,0.00
2023-02-04T20:00,8.1,83,0.00
2023-02-04T21:00,7.7,82,0.00
2023-02-04T22:00,7.2,81,0.00
2023-02-04T23:00,6.5,84,0.00
2023-02-05T00:00,6.8,86,0.00
2023-02-05T01:00,6.1,90,0.00
2023-02-05T02:00,5.3,94,0.00
2023-02-05T03:00,4.5,95,0.00
2023-02-05T04:00,4.8,94,0.00
2023-02-05T05:00,5.7,90,0.00
2023-02-05T06:00,6.1,90,0.00
2023-02-05T07:00,6.6,89,0.00
2023-02-05T08:00,7.0,90,0.00
2023-02-05T09:00,8.0,88,0.10
2023-02-05T10:00,8.4,82,0.00
2023-02-05T11:00,9.4,70,0.00
2023-02-05T12:00,8.7,67,0.00
2023-02-05T13:00,8.4,63,0.00
2023-02-05T14:00,8.4,60,0.00
2023-02-05T15:00,8.4,57,0.00
2023-02-05T16:00,8.3,60,0.00
2023-02-05T17:00,6.5,65,0.00
2023-02-05T18:00,5.5,69,0.00
2023-02-05T19:00,4.9,72,0.00
2023-02-05T20:00,4.3,75,0.00
2023-02-05T21:00,4.0,80,0.00
2023-02-05T22:00,3.2,86,0.00
2023-02-05T23:00,2.5,90,0.00
2023-02-06T00:00,2.5,90,0.00
2023-02-06T01:00,2.2,91,0.00
2023-02-06T02:00,1.8,93,0.00
2023-02-06T03:00,1.5,94,0.00
2023-02-06T04:00,1.2,94,0.00
2023-02-06T05:00,0.8,94,0.00
2023-02-06T06:00,0.4,94,0.00
2023-02-06T07:00,0.3,94,0.00
2023-02-06T08:00,0.6,94,0.00
2023-02-06T09:00,2.2,88,0.00
2023-02-06T10:00,3.7,82,0.00
2023-02-06T11:00,5.1,75,0.00
2023-02-06T12:00,5.8,70,0.00
2023-02-06T13:00,6.5,64,0.00
2023-02-06T14:00,6.9,61,0.00
2023-02-06T15:00,6.9,62,0.00
2023-02-06T16:00,6.3,68,0.00
2023-02-06T17:00,4.3,75,0.00
2023-02-06T18:00,3.4,79,0.00
2023-02-06T19:00,2.8,81,0.00
2023-02-06T20:00,2.1,84,0.00
2023-02-06T21:00,1.4,88,0.00
2023-02-06T22:00,0.8,90,0.00
2023-02-06T23:00,0.5,91,0.00
2023-02-07T00:00,0.9,92,0.00
2023-02-07T01:00,0.7,92,0.00
2023-02-07T02:00,0.5,92,0.00
2023-02-07T03:00,0.3,92,0.00
2023-02-07T04:00,0.1,92,0.00
2023-02-07T05:00,-0.3,91,0.00
2023-02-07T06:00,-0.6,90,0.00
2023-02-07T07:00,-1.0,89,0.00
2023-02-07T08:00,-0.8,87,0.00
2023-02-07T09:00,0.7,81,0.00
2023-02-07T10:00,2.0,72,0.00
2023-02-07T11:00,3.2,65,0.00
2023-02-07T12:00,4.9,61,0.00
2023-02-07T13:00,5.7,59,0.00
2023-02-07T14:00,6.1,58,0.00
2023-02-07T15:00,6.2,59,0.00
2023-02-07T16:00,5.6,64,0.00
2023-02-07T17:00,2.7,78,0.00
2023-02-07T18:00,1.6,83,0.00
2023-02-07T19:00,0.7,86,0.00
2023-02-07T20:00,-0.1,87,0.00
2023-02-07T21:00,-1.2,89,0.00
2023-02-07T22:00,-2.0,90,0.00
2023-02-07T23:00,-2.6,91,0.00
2023-02-08T00:00,-2.8,91,0.00
2023-02-08T01:00,-3.3,92,0.00
2023-02-08T02:00,-3.6,92,0.00
2023-02-08T03:00,-3.8,92,0.00
2023-02-08T04:00,-3.8,92,0.00
2023-02-08T05:00,-4.0,91,0.00
2023-02-08T06:00,-4.2,91,0.00
2023-02-08T07:00,-3.9,90,0.00
2023-02-08T08:00,-2.7,85,0.00
2023-02-08T09:00,-0.8,77,0.00
2023-02-08T10:00,1.1,67,0.00
2023-02-08T11:00,2.7,60,0.00
2023-02-08T12:00,4.5,53,0.00
2023-02-08T13:00,5.5,50,0.00
2023-02-08T14:00,6.0,49,0.00
2023-02-08T15:00,6.0,49,0.00
2023-02-08T16:00,5.2,55,0.00
2023-02-08T17:00,1.3,71,0.00
2023-02-08T18:00,-0.4,78,0.00
2023-02-08T19:00,-1.4,80,0.00
2023-02-08T20:00,-2.4,81,0.00
2023-02-08T21:00,-3.3,83,0.00
2023-02-08T22:00,-2.5,78,0.00
2023-02-08T23:00,-2.6,79,0.00
2023-02-09T00:00,-2.7,81,0.00
2023-02-09T01:00,-2.2,80,0.00
2023-02-09T02:00,-2.5,81,0.00
2023-02-09T03:00,-2.9,84,0.00
2023-02-09T04:00,-4.9,90,0.00
2023-02-09T05:00,-5.1,91,0.00
2023-02-09T06:00,-5.2,91,0.00
2023-02-09T07:00,-4.9,90,0.00
2023-02-09T08:00,-3.7,87,0.00
2023-02-09T09:00,-0.9,74,0.00
2023-02-09T10:00,1.6,70,0.00
2023-02-09T11:00,3.7,66,0.00
2023-02-09T12:00,5.0,59,0.00
2023-02-09T13:00,6.1,54,0.00
2023-02-09T14:00,6.6,52,0.00
2023-02-09T15:00,6.6,50,0.00
2023-02-09T16:00,5.5,70,0.00
2023-02-09T17:00,2.6,73,0.00
2023-02-09T18:00,1.1,79,0.00
2023-02-09T19:00,-0.1,86,0.00
2023-02-09T20:00,0.2,86,0.00
2023-02-09T21:00,-0.5,88,0.00
2023-02-09T22:00,-0.7,88,0.00
2023-02-09T23:00,0.5,90,0.00
2023-02-10T00:00,3.2,89,0.00
2023-02-10T01:00,3.3,88,0.00
2023-02-10T02:00,2.1,93,0.00
2023-02-10T03:00,3.3,90,0.00
2023-02-10T04:00,2.9,93,0.00
2023-02-10T05:00,3.3,91,0.00
2023-02-10T06:00,3.4,89,0.00
2023-02-10T07:00,3.2,89,0.00
2023-02-10T08:00,3.7,86,0.00
2023-02-10T09:00,5.0,81,0.00
2023-02-10T10:00,5.7,78,0.00
2023-02-10T11:00,7.2,73,0.00
2023-02-10T12:00,8.2,74,0.00
2023-02-10T13:00,8.5,75,0.00
2023-02-10T14:00,8.9,74,0.00
2023-02-10T15:00,9.5,71,0.00
2023-02-10T16:00,8.9,78,0.00
2023-02-10T17:00,5.3,86,0.00
2023-02-10T18:00,3.9,92,0.00
2023-02-10T19:00,4.1,93,0.00
2023-02-10T20:00,4.1,92,0.00
2023-02-10T21:00,4.0,92,0.00
2023-02-10T22:00,3.4,94,0.00
2023-02-10T23:00,1.5,97,0.00
2023-02-11T00:00,1.9,96,0.00
2023-02-11T01:00,2.1,96,0.00
2023-02-11T02:00,2.0,96,0.00
2023-02-11T03:00,3.4,95,0.00
2023-02-11T04:00,3.1,97,0.00
2023-02-11T05:00,2.8,98,0.00
2023-02-11T06:00,0.4,100,0.00
2023-02-11T07:00,-0.5,100,0.00
2023-02-11T08:00,1.9,99,0.00
2023-02-11T09:00,3.1,97,0.00
2023-02-11T10:00,4.8,94,0.00
2023-02-11T11:00,6.9,87,0.00
2023-02-11T12:00,5.9,89,0.00
2023-02-11T13:00,7.3,84,0.00
2023-02-11T14:00,7.8,82,0.00
2023-02-11T15:00,8.5,79,0.00
2023-02-11T16:00,8.3,81,0.00
2023-02-11T17:00,7.3,89,0.00
2023-02-11T18:00,6.6,92,0.00
2023-02-11T19:00,6.1,95,0.00
2023-02-11T20:00,6.0,96,0.00
2023-02-11T21:00,5.7,96,0.00
2023-02-11T22:00,6.1,94,0.00
2023-02-11T23:00,5.8,95,0.00
2023-02-12T00:00,6.4,95,0.00
2023-02-12T01:00,6.5,94,0.00
2023-02-12T02:00,6.4,94,0.00
2023-02-12T03:00,6.3,93,0.00
2023-02-12T04:00,6.2,93,0.00
2023-02-12T05:00,6.1,92,0.00
2023-02-12T06:00,6.1,92,0.00
2023-02-12T07:00,6.0,93,0.00
2023-02-12T08:00,6.3,92,0.00
2023-02-12T09:00,7.2,87,0.00
2023-02-12T10:00,7.8,85,0.00
2023-02-12T11:00,8.8,79,0.00
2023-02-12T12:00,8.3,82,0.00
2023-02-12T13:00,8.9,79,0.00
2023-02-12T14:00,8.9,77,0.00
2023-02-12T15:00,9.1,75,0.00
2023-02-12T16:00,9.0,73,0.00
2023-02-12T17:00,8.3,78,0.00
2023-02-12T18:00,7.3,83,0.00
2023-02-12T19:00,7.6,81,0.00
2023-02-12T20:00,6.4,87,0.00
2023-02-12T21:00,5.3,91,0.00
2023-02-12T22:00,3.8,94,0.00
2023-02-12T23:00,2.4,96,0.00
2023-02-13T00:00,1.5,98,0.00
2023-02-13T01:00,0.2,98,0.00
2023-02-13T02:00,-0.2,99,0.00
2023-02-13T03:00,-0.1,99,0.00
2023-02-13T04:00,-0.4,99,0.00
2023-02-13T05:00,-0.9,100,0.00
2023-02-13T06:00,-1.3,100,0.00
2023-02-13T07:00,-1.5,99,0.00
2023-02-13T08:00,0.5,99,0.00
2023-02-13T09:00,2.6,93,0.00
2023-02-13T10:00,4.8,87,0.00
2023-02-13T11:00,7.0,80,0.00
2023-02-13T12:00,9.0,76,0.00
2023-02-13T13:00,10.5,71,0.00
2023-02-13T14:00,11.4,68,0.00
2023-02-13T15:00,11.6,68,0.00
2023-02-13T16:00,11.0,73,0.00
2023-02-13T17:00,7.5,86,0.00
2023-02-13T18:00,5.4,91,0.00
2023-02-13T19:00,4.2,94,0.00
2023-02-13T20:00,3.1,96,0.00
2023-02-13T21:00,2.2,98,0.00
2023-02-13T22:00,1.4,99,0.00
2023-02-13T23:00,0.8,100,0.00
2023-02-14T00:00,0.8,99,0.00
2023-02-14T01:00,0.7,100,0.00
2023-02-14T02:00,-0.4,99,0.00
2023-02-14T03:00,0.1,99,0.00
2023-02-14T04:00,0.4,99,0.00
2023-02-14T05:00,0.1,98,0.00
2023-02-14T06:00,0.0,95,0.00
2023-02-14T07:00,0.0,96,0.00
2023-02-14T08:00,0.9,93,0.00
2023-02-14T09:00,1.7,92,0.00
2023-02-14T10:00,3.2,92,0.00
2023-02-14T11:00,4.3,96,0.00
2023-02-14T12:00,6.4,81,0.00
2023-02-14T13:00,8.6,74,0.00
2023-02-14T14:00,10.7,70,0.00
2023-02-14T15:00,11.6,68,0.00
2023-02-14T16:00,11.1,76,0.00
2023-02-14T17:00,7.4,86,0.00
2023-02-14T18:00,5.5,90,0.00
2023-02-14T19:00,4.4,93,0.00
2023-02-14T20:00,3.4,93,0.00
2023-02-14T21:00,2.1,93,0.00
2023-02-14T22:00,1.5,94,0.00
2023-02-14T23:00,0.9,95,0.00
2023-02-15T00:00,1.9,93,0.00
2023-02-15T01:00,1.1,94,0.00
2023-02-15T02:00,0.2,96,0.00
2023-02-15T03:00,-0.4,99,0.00
2023-02-15T04:00,-0.2,100,0.00
2023-02-15T05:00,-1.4,100,0.00
2023-02-15T06:00,-1.7,99,0.00
2023-02-15T07:00,-1.4,98,0.00
2023-02-15T08:00,0.7,94,0.00
2023-02-15T09:00,3.6,86,0.00
2023-02-15T10:00,6.7,77,0.00
2023-02-15T11:00,9.1,72,0.00
2023-02-15T12:00,9.6,73,0.00
2023-02-15T13:00,11.7,68,0.00
2023-02-15T14:00,12.8,64,0.00
2023-02-15T15:00,12.7,62,0.00
2023-02-15T16:00,11.2,71,0.00
2023-02-15T17:00,8.8,78,0.00
2023-02-15T18:00,6.5,83,0.00
2023-02-15T19:00,5.5,84,0.00
2023-02-15T20:00,4.9,84,0.00
2023-02-15T21:00,4.3,85,0.00
2023-02-15T22:00,3.6,88,0.00
2023-02-15T23:00,3.4,90,0.00
2023-02-16T00:00,3.2,91,0.00
2023-02-16T01:00,3.1,92,0.00
2023-02-16T02:00,4.6,91,0.00
2023-02-16T03:00,4.4,93,0.00
2023-02-16T04:00,3.2,94,0.00
2023-02-16T05:00,3.3,94,0.00
2023-02-16T06:00,2.9,95,0.00
2023-02-16T07:00,3.1,95,0.00
2023-02-16T08:00,4.6,93,0.90
2023-02-16T09:00,5.8,91,0.50
2023-02-16T10:00,7.8,88,0.00
2023-02-16T11:00,8.4,90,0.00
2023-02-16T12:00,9.8,84,0.00
2023-02-16T13:00,11.0,76,0.00
2023-02-16T14:00,10.9,73,0.00
2023-02-16T15:00,11.3,66,0.00
2023-02-16T16:00,11.4,61,0.00
2023-02-16T17:00,11.1,60,0.00
2023-02-16T18:00,10.4,70,0.00
2023-02-16T19:00,10.2,78,0.00
2023-02-16T20:00,10.4,81,0.00
2023-02-16T21:00,10.6,84,0.00
2023-02-16T22:00,10.7,85,0.00
2023-02-16T23:00,10.8,87,0.00
2023-02-17T00:00,10.7,89,0.00
2023-02-17T01:00,10.9,89,0.00
2023-02-17T02:00,10.7,91,0.00
2023-02-17T03:00,10.8,92,0.00
2023-02-17T04:00,10.8,93,0.00
2023-02-17T05:00,10.9,92,0.00
2023-02-17T06:00,11.1,92,0.00
2023-02-17T07:00,10.9,94,0.00
2023-02-17T08:00,11.6,91,0.00
2023-02-17T09:00,12.4,87,0.00
2023-02-17T10:00,13.1,83,0.00
2023-02-17T11:00,13.4,82,0.00
2023-02-17T12:00,13.7,83,0.00
2023-02-17T13:00,14.4,79,0.10
2023-02-17T14:00,14.5,76,0.00
2023-02-17T15:00,14.9,73,0.00
2023-02-17T16:00,14.5,77,0.00
2023-02-17T17:00,13.7,79,0.00
2023-02-17T18:00,12.7,83,0.10
2023-02-17T19:00,11.0,90,0.00
2023-02-17T20:00,10.7,90,0.00
2023-02-17T21:00,10.9,88,0.00
2023-02-17T22:00,10.7,87,0.00
2023-02-17T23:00,10.4,86,0.00
2023-02-18T00:00,10.9,83,0.00
2023-02-18T01:00,10.9,78,0.00
2023-02-18T02:00,10.3,75,0.00
2023-02-18T03:00,10.3,78,0.00
2023-02-18T04:00,10.1,85,0.00
2023-02-18T05:00,10.1,87,0.00
2023-02-18T06:00,9.9,84,0.00
2023-02-18T07:00,9.4,81,0.00
2023-02-18T08:00,9.4,79,0.00
2023-02-18T09:00,10.0,77,0.00
2023-02-18T10:00,10.4,76,0.00
2023-02-18T11:00,11.0,74,0.00
2023-02-18T12:00,11.8,69,0.00
2023-02-18T13:00,12.1,69,0.00
2023-02-18T14:00,12.4,68,0.00
2023-02-18T15:00,12.5,68,0.00
2023-02-18T16:00,12.0,70,0.00
2023-02-18T17:00,11.6,71,0.00
2023-02-18T18:00,11.2,71,0.00
2023-02-18T19:00,11.0,72,0.00
2023-02-18T20:00,10.9,73,0.00
2023-02-18T21:00,10.9,74,0.00
2023-02-18T22:00,10.8,75,0.00
2023-02-18T23:00,10.7,77,0.00
2023-02-19T00:00,10.1,81,0.00
2023-02-19T01:00,10.1,82,0.00
2023-02-19T02:00,10.1,83,0.10
2023-02-19T03:00,10.0,85,0.00
2023-02-19T04:00,9.8,87,0.00
2023-02-19T05:00,9.7,84,0.00
2023-02-19T06:00,9.3,86,0.00
2023-02-19T07:00,9.2,87,0.00
2023-02-19T08:00,9.4,85,0.00
2023-02-19T09:00,9.7,81,0.00
2023-02-19T10:00,10.2,77,0.00
2023-02-19T11:00,10.6,73,0.00
2023-02-19T12:00,11.1,70,0.00
2023-02-19T13:00,11.4,68,0.00
2023-02-19T14:00,11.8,66,0.00
2023-02-19T15:00,11.8,65,0.00
2023-02-19T16:00,11.9,63,0.00
2023-02-19T17:00,9.7,76,0.00
2023-02-19T18:00,7.3,86,0.00
2023-02-19T19:00,6.4,89,0.00
2023-02-19T20:00,5.8,91,0.00
2023-02-19T21:00,4.6,95,0.00
2023-02-19T22:00,4.0,96,0.00
2023-02-19T23:00,4.1,96,0.00
2023-02-20T00:00,3.2,98,0.00
2023-02-20T01:00,2.7,99,0.00
2023-02-20T02:00,2.4,99,0.00
2023-02-20T03:00,2.5,99,0.00
2023-02-20T04:00,2.4,99,0.00
2023-02-20T05:00,1.9,100,0.00
2023-02-20T06:00,2.2,100,0.00
2023-02-20T07:00,3.0,100,0.00
2023-02-20T08:00,3.4,98,0.00
2023-02-20T09:00,4.1,98,0.00
2023-02-20T10:00,5.7,90,0.00
2023-02-20T11:00,7.3,83,0.00
2023-02-20T12:00,9.6,76,0.00
2023-02-20T13:00,10.6,72,0.00
2023-02-20T14:00,11.2,70,0.00
2023-02-20T15:00,11.4,69,0.00
2023-02-20T16:00,11.1,71,0.00
2023-02-20T17:00,7.8,88,0.00
2023-02-20T18:00,5.6,92,0.00
2023-02-20T19:00,5.6,91,0.00
2023-02-20T20:00,4.1,96,0.00
2023-02-20T21:00,3.9,98,0.00
2023-02-20T22:00,4.4,99,0.00
2023-02-20T23:00,3.9,100,0.00
2023-02-21T00:00,4.0,99,0.00
2023-02-21T01:00,1.8,100,0.00
2023-02-21T02:00,0.6,100,0.00
2023-02-21T03:00,0.3,98,0.00
2023-02-21T04:00,0.2,99,0.00
2023-02-21T05:00,0.4,99,0.00
2023-02-21T06:00,0.9,98,0.00
2023-02-21T07:00,1.5,98,0.00
2023-02-21T08:00,2.5,97,0.00
2023-02-21T09:00,4.0,96,0.00
2023-02-21T10:00,4.9,97,0.00
2023-02-21T11:00,6.9,90,0.00
2023-02-21T12:00,9.4,80,0.00
2023-02-21T13:00,11.5,72,0.00
2023-02-21T14:00,12.9,68,0.00
2023-02-21T15:00,13.5,66,0.00
2023-02-21T16:00,13.4,67,0.00
2023-02-21T17:00,10.9,79,0.00
2023-02-21T18:00,10.9,77,0.00
2023-02-21T19:00,9.9,82,0.00
2023-02-21T20:00,6.4,93,0.00
2023-02-21T21:00,5.5,96,0.00
2023-02-21T22:00,5.3,96,0.00
2023-02-21T23:00,5.3,95,0.00
2023-02-22T00:00,6.3,93,0.00
2023-02-22T01:00,9.6,80,0.00
2023-02-22T02:00,9.0,81,0.00
2023-02-22T03:00,7.3,92,0.00
2023-02-22T04:00,6.5,94,0.00
2023-02-22T05:00,6.6,95,0.00
2023-02-22T06:00,7.0,95,0.00
2023-02-22T07:00,6.7,96,0.00
2023-02-22T08:00,7.6,97,0.00
2023-02-22T09:00,8.3,96,0.00
2023-02-22T10:00,8.6,94,0.00
2023-02-22T11:00,9.0,92,0.10
2023-02-22T12:00,8.8,93,0.10
2023-02-22T13:00,9.9,89,0.80
2023-02-22T14:00,10.4,84,0.40
2023-02-22T15:00,9.9,88,0.70
2023-02-22T16:00,9.8,88,0.10
2023-02-22T17:00,9.2,92,0.00
2023-02-22T18:00,8.9,94,0.00
2023-02-22T19:00,8.7,93,0.00
2023-02-22T20:00,8.6,93,0.00
2023-02-22T21:00,8.4,94,0.10
2023-02-22T22:00,8.3,94,0.10
2023-02-22T23:00,7.9,94,0.00
2023-02-23T00:00,7.6,96,0.00
2023-02-23T01:00,7.0,97,0.00
2023-02-23T02:00,7.0,96,0.00
2023-02-23T03:00,6.9,96,0.00
2023-02-23T04:00,6.4,96,0.00
2023-02-23T05:00,6.0,96,0.00
2023-02-23T06:00,5.4,96,0.00
2023-02-23T07:00,5.0,96,0.00
2023-02-23T08:00,5.4,93,0.00
2023-02-23T09:00,6.0,89,0.00
2023-02-23T10:00,7.2,84,0.00
2023-02-23T11:00,8.3,78,0.00
2023-02-23T12:00,9.1,78,0.00
2023-02-23T13:00,9.8,76,0.00
2023-02-23T14:00,9.7,77,0.00
2023-02-23T15:00,10.1,74,0.00
2023-02-23T16:00,9.9,74,0.00
2023-02-23T17:00,9.4,76,0.00
2023-02-23T18:00,7.3,87,0.00
2023-02-23T19:00,6.4,90,0.00
2023-02-23T20:00,5.8,90,0.00
2023-02-23T21:00,6.6,87,0.00
2023-02-23T22:00,6.3,91,0.00
2023-02-23T23:00,5.5,93,0.00
2023-02-24T00:00,5.3,93,0.00
2023-02-24T01:00,5.4,94,0.00
2023-02-24T02:00,4.9,96,0.00
2023-02-24T03:00,4.7,98,0.00
2023-02-24T04:00,5.4,98,0.00
2023-02-24T05:00,5.6,98,0.00
2023-02-24T06:00,5.8,95,0.00
2023-02-24T07:00,5.9,92,0.00
2023-02-24T08:00,6.1,88,0.00
2023-02-24T09:00,6.2,86,0.00
2023-02-24T10:00,7.2,79,0.00
2023-02-24T11:00,8.4,72,0.00
2023-02-24T12:00,9.5,67,0.00
2023-02-24T13:00,10.0,62,0.00
2023-02-24T14:00,10.4,60,0.00
2023-02-24T15:00,9.9,60,0.00
2023-02-24T16:00,9.2,58,0.00
2023-02-24T17:00,7.6,63,0.00
2023-02-24T18:00,4.7,77,0.00
2023-02-24T19:00,4.6,81,0.00
2023-02-24T20:00,5.1,82,0.00
2023-02-24T21:00,5.9,80,0.00
2023-02-24T22:00,5.7,85,0.00
2023-02-24T23:00,5.5,87,0.00
2023-02-25T00:00,5.5,84,0.00
2023-02-25T01:00,5.7,81,0.00
2023-02-25T02:00,5.2,84,0.00
2023-02-25T03:00,3.1,94,0.00
2023-02-25T04:00,2.2,96,0.00
2023-02-25T05:00,1.7,96,0.00
2023-02-25T06:00,1.4,96,0.00
2023-02-25T07:00,1.4,95,0.00
2023-02-25T08:00,2.9,90,0.00
2023-02-25T09:00,5.0,82,0.00
2023-02-25T10:00,6.8,67,0.00
2023-02-25T11:00,7.7,56,0.00
2023-02-25T12:00,6.2,73,0.00
2023-02-25T13:00,7.4,56,0.00
2023-02-25T14:00,7.9,52,0.00
2023-02-25T15:00,7.5,56,0.10
2023-02-25T16:00,7.2,57,0.00
2023-02-25T17:00,6.3,60,0.00
2023-02-25T18:00,6.1,61,0.00
2023-02-25T19:00,6.0,60,0.00
2023-02-25T20:00,5.7,61,0.00
2023-02-25T21:00,4.9,65,0.00
2023-02-25T22:00,3.4,68,0.00
2023-02-25T23:00,2.6,69,0.00
2023-02-26T00:00,2.0,69,0.00
2023-02-26T01:00,1.3,67,0.00
2023-02-26T02:00,0.7,65,0.00
2023-02-26T03:00,0.2,65,0.00
2023-02-26T04:00,-0.2,67,0.00
2023-02-26T05:00,-0.7,72,0.00
2023-02-26T06:00,-1.1,77,0.00
2023-02-26T07:00,-1.2,78,0.00
2023-02-26T08:00,0.5,75,0.00
2023-02-26T09:00,1.7,68,0.00
2023-02-26T10:00,2.8,57,0.00
2023-02-26T11:00,3.7,46,0.00
2023-02-26T12:00,4.8,41,0.00
2023-02-26T13:00,5.1,42,0.00
2023-02-26T14:00,5.1,41,0.00
2023-02-26T15:00,5.1,38,0.00
2023-02-26T16:00,4.4,41,0.00
2023-02-26T17:00,3.2,46,0.00
2023-02-26T18:00,2.1,48,0.00
2023-02-26T19:00,1.7,50,0.00
2023-02-26T20:00,1.4,51,0.00
2023-02-26T21:00,1.1,52,0.00
2023-02-26T22:00,0.8,55,0.00
2023-02-26T23:00,0.6,57,0.00
2023-02-27T00:00,0.4,59,0.00
2023-02-27T01:00,0.1,59,0.00
2023-02-27T02:00,-0.3,61,0.00
2023-02-27T03:00,-0.6,62,0.00
2023-02-27T04:00,-0.9,62,0.00
2023-02-27T05:00,-1.1,64,0.00
2023-02-27T06:00,-1.4,66,0.00
2023-02-27T07:00,-1.6,69,0.00
2023-02-27T08:00,-0.4,68,0.00
2023-02-27T09:00,1.2,63,0.00
2023-02-27T10:00,2.7,56,0.00
2023-02-27T11:00,4.0,50,0.00
2023-02-27T12:00,5.4,42,0.00
2023-02-27T13:00,6.2,39,0.00
2023-02-27T14:00,6.5,39,0.00
2023-02-27T15:00,6.4,41,0.00
2023-02-27T16:00,5.8,45,0.00
2023-02-27T17:00,4.6,52,0.00
2023-02-27T18:00,3.3,58,0.00
2023-02-27T19:00,2.6,60,0.00
2023-02-27T20:00,2.0,62,0.00
2023-02-27T21:00,1.4,64,0.00
2023-02-27T22:00,0.8,67,0.00
2023-02-27T23:00,0.3,69,0.00
2023-02-28T00:00,-0.1,74,0.00
2023-02-28T01:00,-0.6,76,0.00
2023-02-28T02:00,-1.0,78,0.00
2023-02-28T03:00,-1.4,79,0.00
2023-02-28T04:00,-1.9,80,0.00
2023-02-28T05:00,-2.2,82,0.00
2023-02-28T06:00,-2.5,84,0.00
2023-02-28T07:00,-2.5,84,0.00
2023-02-28T08:00,-0.9,78,0.00
2023-02-28T09:00,0.9,72,0.00
2023-02-28T10:00,2.7,65,0.00
2023-02-28T11:00,4.0,55,0.00
2023-02-28T12:00,4.8,47,0.00
2023-02-28T13:00,5.0,46,0.00
2023-02-28T14:00,5.2,44,0.00
2023-02-28T15:00,4.9,43,0.00
2023-02-28T16:00,4.4,43,0.00
2023-02-28T17:00,3.8,44,0.00
2023-02-28T18:00,3.2,46,0.00
2023-02-28T19:00,2.9,49,0.00
2023-02-28T20:00,2.5,52,0.00
2023-02-28T21:00,1.4,58,0.00
2023-02-28T22:00,-0.1,64,0.00
2023-02-28T23:00,-0.6,66,0.00
2023-03-01T00:00,-0.6,65,0.00
2023-03-01T01:00,-1.0,67,0.00
2023-03-01T02:00,-1.3,68,0.00
2023-03-01T03:00,-1.6,69,0.00
2023-03-01T04:00,-2.0,71,0.00
2023-03-01T05:00,-2.3,75,0.00
2023-03-01T06:00,-2.5,77,0.00
2023-03-01T07:00,-2.5,78,0.00
2023-03-01T08:00,-0.9,74,0.00
2023-03-01T09:00,0.9,69,0.00
2023-03-01T10:00,2.6,64,0.00
2023-03-01T11:00,3.9,61,0.00
2023-03-01T12:00,6.0,53,0.00
2023-03-01T13:00,6.9,51,0.00
2023-03-01T14:00,7.3,50,0.00
2023-03-01T15:00,7.2,51,0.00
2023-03-01T16:00,6.5,54,0.00
2023-03-01T17:00,5.2,59,0.00
2023-03-01T18:00,3.4,65,0.00
2023-03-01T19:00,2.4,70,0.00
2023-03-01T20:00,1.6,73,0.00
2023-03-01T21:00,0.9,75,0.00
2023-03-01T22:00,0.1,79,0.00
2023-03-01T23:00,-0.5,82,0.00
2023-03-02T00:00,-0.5,81,0.00
2023-03-02T01:00,-0.9,83,0.00
2023-03-02T02:00,-1.4,85,0.00
2023-03-02T03:00,-1.8,86,0.00
2023-03-02T04:00,-2.2,87,0.00
2023-03-02T05:00,-2.5,88,0.00
2023-03-02T06:00,-2.5,88,0.00
2023-03-02T07:00,-2.3,88,0.00
2023-03-02T08:00,-0.5,80,0.00
2023-03-02T09:00,1.4,74,0.00
2023-03-02T10:00,3.5,68,0.00
2023-03-02T11:00,5.4,63,0.00
2023-03-02T12:00,7.4,56,0.00
2023-03-02T13:00,8.6,54,0.00
2023-03-02T14:00,9.2,54,0.00
2023-03-02T15:00,9.3,54,0.00
2023-03-02T16:00,8.9,56,0.00
2023-03-02T17:00,7.4,64,0.00
2023-03-02T18:00,4.7,76,0.00
2023-03-02T19:00,3.9,79,0.00
2023-03-02T20:00,3.3,81,0.00
2023-03-02T21:00,2.7,83,0.00
2023-03-02T22:00,1.9,87,0.00
2023-03-02T23:00,1.4,88,0.00
2023-03-03T00:00,1.6,86,0.00
2023-03-03T01:00,0.9,88,0.00
2023-03-03T02:00,0.4,90,0.00
2023-03-03T03:00,0.1,91,0.00
2023-03-03T04:00,-0.3,93,0.00
2023-03-03T05:00,-0.4,94,0.00
2023-03-03T06:00,-0.7,95,0.00
2023-03-03T07:00,-0.4,95,0.00
2023-03-03T08:00,1.4,88,0.00
2023-03-03T09:00,3.2,79,0.00
2023-03-03T10:00,4.7,75,0.00
2023-03-03T11:00,6.5,68,0.00
2023-03-03T12:00,7.8,61,0.00
2023-03-03T13:00,8.7,58,0.00
2023-03-03T14:00,9.0,58,0.00
2023-03-03T15:00,8.6,59,0.00
2023-03-03T16:00,7.8,61,0.00
2023-03-03T17:00,6.2,69,0.00
2023-03-03T18:00,4.0,77,0.00
2023-03-03T19:00,2.8,83,0.00
2023-03-03T20:00,1.9,86,0.00
2023-03-03T21:00,1.1,89,0.00
2023-03-03T22:00,0.4,91,0.00
2023-03-03T23:00,-0.4,93,0.00
2023-03-04T00:00,0.6,91,0.00
2023-03-04T01:00,0.3,91,0.00
2023-03-04T02:00,-0.3,92,0.00
2023-03-04T03:00,-0.7,93,0.00
2023-03-04T04:00,-1.1,94,0.00
2023-03-04T05:00,-1.3,94,0.00
2023-03-04T06:00,-1.8,93,0.00
2023-03-04T07:00,-1.3,91,0.00
2023-03-04T08:00,1.2,84,0.00
2023-03-04T09:00,3.6,75,0.00
2023-03-04T10:00,4.9,70,0.00
2023-03-04T11:00,6.1,65,0.00
2023-03-04T12:00,5.7,67,0.00
2023-03-04T13:00,6.2,63,0.00
2023-03-04T14:00,6.8,63,0.00
2023-03-04T15:00,6.6,66,0.00
2023-03-04T16:00,6.4,65,0.00
2023-03-04T17:00,5.9,68,0.00
2023-03-04T18:00,5.2,72,0.00
2023-03-04T19:00,4.9,76,0.00
2023-03-04T20:00,4.8,78,0.00
2023-03-04T21:00,3.9,85,0.00
2023-03-04T22:00,4.1,85,0.00
2023-03-04T23:00,4.2,86,0.00
2023-03-05T00:00,4.2,85,0.00
2023-03-05T01:00,4.4,87,0.10
2023-03-05T02:00,4.3,90,0.00
2023-03-05T03:00,4.1,92,0.00
2023-03-05T04:00,3.6,95,0.00
2023-03-05T05:00,2.8,97,0.00
2023-03-05T06:00,3.4,97,0.00
2023-03-05T07:00,2.6,98,0.00
2023-03-05T08:00,4.2,93,0.00
2023-03-05T09:00,5.3,84,0.00
2023-03-05T10:00,5.8,78,0.10
2023-03-05T11:00,6.5,71,0.10
2023-03-05T12:00,6.6,61,0.00
2023-03-05T13:00,7.0,56,0.00
2023-03-05T14:00,7.2,55,0.00
2023-03-05T15:00,6.9,58,0.00
2023-03-05T16:00,6.5,61,0.00
2023-03-05T17:00,5.8,70,0.00
2023-03-05T18:00,5.1,77,0.00
2023-03-05T19:00,4.7,85,0.00
2023-03-05T20:00,4.5,87,0.00
2023-03-05T21:00,4.3,83,0.00
2023-03-05T22:00,4.1,84,0.00
2023-03-05T23:00,4.1,88,0.20
2023-03-06T00:00,4.2,86,0.30
2023-03-06T01:00,3.9,83,0.00
2023-03-06T02:00,3.6,77,0.00
2023-03-06T03:00,3.0,80,0.00
2023-03-06T04:00,2.3,83,0.00
2023-03-06T05:00,1.3,88,0.00
2023-03-06T06:00,2.3,84,0.00
2023-03-06T07:00,2.6,84,0.00
2023-03-06T08:00,3.0,83,0.10
2023-03-06T09:00,3.6,82,0.00
2023-03-06T10:00,5.0,73,0.00
2023-03-06T11:00,6.4,62,0.00
2023-03-06T12:00,6.4,65,0.10
2023-03-06T13:00,7.1,64,0.10
2023-03-06T14:00,7.4,63,0.10
2023-03-06T15:00,7.3,64,0.00
2023-03-06T16:00,7.1,68,0.40
2023-03-06T17:00,6.4,75,0.10
2023-03-06T18:00,5.5,77,0.00
2023-03-06T19:00,5.4,73,0.00
2023-03-06T20:00,4.9,74,0.00
2023-03-06T21:00,4.8,72,0.00
2023-03-06T22:00,4.0,77,0.00
2023-03-06T23:00,3.6,80,0.00
2023-03-07T00:00,4.2,77,0.00
2023-03-07T01:00,4.5,76,0.00
2023-03-07T02:00,4.1,79,0.00
2023-03-07T03:00,4.3,79,0.00
2023-03-07T04:00,4.1,81,0.00
2023-03-07T05:00,3.7,84,0.00
2023-03-07T06:00,3.3,87,0.00
2023-03-07T07:00,3.9,84,0.00
2023-03-07T08:00,4.9,78,0.00
2023-03-07T09:00,5.4,75,0.10
2023-03-07T10:00,6.6,68,0.00
2023-03-07T11:00,8.4,58,0.00
2023-03-07T12:00,7.7,58,0.00
2023-03-07T13:00,8.3,54,0.00
2023-03-07T14:00,8.2,56,0.00
2023-03-07T15:00,8.6,53,0.00
2023-03-07T16:00,8.8,52,0.00
2023-03-07T17:00,8.3,55,0.00
2023-03-07T18:00,7.4,58,0.00
2023-03-07T19:00,7.2,61,0.00
2023-03-07T20:00,6.8,67,0.00
2023-03-07T21:00,6.5,73,0.10
2023-03-07T22:00,6.2,81,0.20
2023-03-07T23:00,5.7,88,0.80
2023-03-08T00:00,5.4,88,1.40
2023-03-08T01:00,5.5,90,0.70
2023-03-08T02:00,5.5,90,0.50
2023-03-08T03:00,5.5,90,1.60
2023-03-08T04:00,5.5,92,2.00
2023-03-08T05:00,5.8,93,1.40
2023-03-08T06:00,7.9,90,0.20
2023-03-08T07:00,9.1,91,0.00
2023-03-08T08:00,10.7,88,0.00
2023-03-08T09:00,11.4,87,0.40
2023-03-08T10:00,12.9,79,0.00
2023-03-08T11:00,13.7,74,0.00
2023-03-08T12:00,13.6,82,0.00
2023-03-08T13:00,13.8,82,2.50
2023-03-08T14:00,14.4,81,1.10
2023-03-08T15:00,13.3,79,0.90
2023-03-08T16:00,13.0,82,0.10
2023-03-08T17:00,12.7,80,0.00
2023-03-08T18:00,11.9,82,0.00
2023-03-08T19:00,11.9,82,0.00
2023-03-08T20:00,11.0,89,2.70
2023-03-08T21:00,10.7,84,4.20
2023-03-08T22:00,9.8,85,2.00
2023-03-08T23:00,9.9,82,0.30
2023-03-09T00:00,9.8,88,0.00
2023-03-09T01:00,9.2,87,0.00
2023-03-09T02:00,8.8,88,0.00
2023-03-09T03:00,8.9,86,0.00
2023-03-09T04:00,9.1,86,0.00
2023-03-09T05:00,8.8,87,0.00
2023-03-09T06:00,8.9,89,0.00
2023-03-09T07:00,9.9,88,0.20
2023-03-09T08:00,10.8,85,0.00
2023-03-09T09:00,11.5,82,0.00
2023-03-09T10:00,13.6,67,0.00
2023-03-09T11:00,14.1,64,0.00
2023-03-09T12:00,14.2,64,0.00
2023-03-09T13:00,14.8,60,0.00
2023-03-09T14:00,14.6,66,0.60
2023-03-09T15:00,13.3,77,1.00
2023-03-09T16:00,13.1,78,0.00
2023-03-09T17:00,12.4,81,0.60
2023-03-09T18:00,11.7,87,1.70
2023-03-09T19:00,11.4,90,0.70
2023-03-09T20:00,11.4,87,0.50
2023-03-09T21:00,11.2,87,0.00
2023-03-09T22:00,11.0,87,0.20
2023-03-09T23:00,10.8,85,0.10
2023-03-10T00:00,10.7,86,0.10
2023-03-10T01:00,10.5,85,0.00
2023-03-10T02:00,9.6,84,0.00
2023-03-10T03:00,8.8,84,0.00
2023-03-10T04:00,8.6,84,0.00
2023-03-10T05:00,9.1,82,0.20
2023-03-10T06:00,8.5,88,0.90
2023-03-10T07:00,8.9,89,0.30
2023-03-10T08:00,8.8,89,0.10
2023-03-10T09:00,8.3,83,0.00
2023-03-10T10:00,8.0,75,0.00
2023-03-10T11:00,8.0,68,0.00
2023-03-10T12:00,8.0,70,0.00
2023-03-10T13:00,7.6,67,0.10
2023-03-10T14:00,7.2,63,0.00
2023-03-10T15:00,6.7,68,0.10
2023-03-10T16:00,6.2,68,0.10
2023-03-10T17:00,5.8,70,0.00
2023-03-10T18:00,5.3,71,0.00
2023-03-10T19:00,5.0,73,0.00
2023-03-10T20:00,4.7,76,0.00
2023-03-10T21:00,4.6,78,0.00
2023-03-10T22:00,4.5,79,0.00
2023-03-10T23:00,4.0,86,0.00
2023-03-11T00:00,3.5,87,0.00
2023-03-11T01:00,3.1,88,0.60
2023-03-11T02:00,2.6,90,0.50
2023-03-11T03:00,2.4,91,0.80
2023-03-11T04:00,1.8,96,0.30
2023-03-11T05:00,1.5,98,0.30
2023-03-11T06:00,1.1,100,0.60
2023-03-11T07:00,1.4,97,0.10
2023-03-11T08:00,2.5,90,0.00
2023-03-11T09:00,3.9,81,0.00
2023-03-11T10:00,4.5,76,0.00
2023-03-11T11:00,5.1,71,0.00
2023-03-11T12:00,6.7,65,0.00
2023-03-11T13:00,7.2,63,0.00
2023-03-11T14:00,7.3,64,0.00
2023-03-11T15:00,7.3,66,0.00
2023-03-11T16:00,7.2,68,0.00
2023-03-11T17:00,6.9,72,0.00
2023-03-11T18:00,6.6,74,0.00
2023-03-11T19:00,6.5,76,0.00
2023-03-11T20:00,6.5,79,0.00
2023-03-11T21:00,6.3,85,1.50
2023-03-11T22:00,6.3,89,0.70
2023-03-11T23:00,6.9,91,0.00
2023-03-12T00:00,7.5,93,0.00
2023-03-12T01:00,8.8,91,0.30
2023-03-12T02:00,8.6,92,0.00
2023-03-12T03:00,8.8,92,0.00
2023-03-12T04:00,9.4,91,0.00
2023-03-12T05:00,9.4,90,0.00
2023-03-12T06:00,9.1,89,0.00
2023-03-12T07:00,9.1,89,0.00
2023-03-12T08:00,9.5,88,0.00
2023-03-12T09:00,10.0,85,0.00
2023-03-12T10:00,11.1,77,0.10
2023-03-12T11:00,12.4,70,0.10
2023-03-12T12:00,13.4,64,0.00
2023-03-12T13:00,13.9,61,0.00
2023-03-12T14:00,14.2,59,0.00
2023-03-12T15:00,13.7,65,0.00
2023-03-12T16:00,13.3,63,0.00
2023-03-12T17:00,12.8,65,0.00
2023-03-12T18:00,11.4,71,0.00
2023-03-12T19:00,11.3,75,0.00
2023-03-12T20:00,11.6,85,0.60
2023-03-12T21:00,11.7,90,2.90
2023-03-12T22:00,12.0,91,1.30
2023-03-12T23:00,12.4,91,0.00
2023-03-13T00:00,12.4,91,0.00
2023-03-13T01:00,12.4,90,0.00
2023-03-13T02:00,11.9,91,0.00
2023-03-13T03:00,11.8,90,0.00
2023-03-13T04:00,11.9,87,0.00
2023-03-13T05:00,12.1,85,0.00
2023-03-13T06:00,12.0,89,0.40
2023-03-13T07:00,12.7,86,0.00
2023-03-13T08:00,13.0,86,0.00
2023-03-13T09:00,13.7,83,0.00
2023-03-13T10:00,14.7,79,0.10
2023-03-13T11:00,14.7,81,0.20
2023-03-13T12:00,15.8,71,0.20
2023-03-13T13:00,15.4,70,0.00
2023-03-13T14:00,15.5,72,0.00
2023-03-13T15:00,15.3,72,0.00
2023-03-13T16:00,14.8,73,0.00
2023-03-13T17:00,14.3,71,0.00
2023-03-13T18:00,13.1,72,0.00
2023-03-13T19:00,12.4,73,0.00
2023-03-13T20:00,11.7,73,0.00
2023-03-13T21:00,10.9,73,0.00
2023-03-13T22:00,10.2,77,0.00
2023-03-13T23:00,10.3,79,0.20
2023-03-14T00:00,10.1,88,0.50
2023-03-14T01:00,10.2,86,0.40
2023-03-14T02:00,10.0,86,0.10
2023-03-14T03:00,10.1,86,0.10
2023-03-14T04:00,9.9,89,1.30
2023-03-14T05:00,9.3,87,1.20
2023-03-14T06:00,8.1,82,0.00
2023-03-14T07:00,7.7,77,0.00
2023-03-14T08:00,8.0,72,0.00
2023-03-14T09:00,9.1,63,0.00
2023-03-14T10:00,9.2,64,0.10
2023-03-14T11:00,10.1,58,0.10
2023-03-14T12:00,9.8,61,0.60
2023-03-14T13:00,8.6,65,0.10
2023-03-14T14:00,9.6,62,0.10
2023-03-14T15:00,9.1,67,0.30
2023-03-14T16:00,8.2,67,0.40
2023-03-14T17:00,7.3,70,0.00
2023-03-14T18:00,6.2,75,0.00
2023-03-14T19:00,4.8,84,0.00
2023-03-14T20:00,3.8,90,0.00
2023-03-14T21:00,3.0,92,0.00
2023-03-14T22:00,2.4,94,0.00
2023-03-14T23:00,2.3,93,0.00
2023-03-15T00:00,2.7,91,0.00
2023-03-15T01:00,2.6,90,0.00
2023-03-15T02:00,2.9,90,0.00
2023-03-15T03:00,2.4,90,0.00
2023-03-15T04:00,2.1,91,0.00
2023-03-15T05:00,2.2,92,0.00
2023-03-15T06:00,1.8,93,0.00
2023-03-15T07:00,2.8,90,0.00
2023-03-15T08:00,5.1,83,0.00
2023-03-15T09:00,7.0,76,0.00
2023-03-15T10:00,8.3,70,0.10
2023-03-15T11:00,9.3,65,0.10
2023-03-15T12:00,10.4,49,0.00
2023-03-15T13:00,10.6,48,0.00
2023-03-15T14:00,10.8,48,0.00
2023-03-15T15:00,10.8,49,0.00
2023-03-15T16:00,10.6,51,0.00
2023-03-15T17:00,10.3,56,0.00
2023-03-15T18:00,8.3,65,0.00
2023-03-15T19:00,7.6,70,0.00
2023-03-15T20:00,7.3,70,0.00
2023-03-15T21:00,7.5,67,0.00
2023-03-15T22:00,7.3,65,0.00
2023-03-15T23:00,7.0,66,0.00
2023-03-16T00:00,6.8,69,0.00
2023-03-16T01:00,6.7,70,0.00
2023-03-16T02:00,5.6,76,0.00
2023-03-16T03:00,5.0,79,0.00
2023-03-16T04:00,5.1,78,0.00
2023-03-16T05:00,4.7,77,0.00
2023-03-16T06:00,4.7,74,0.00
2023-03-16T07:00,5.4,70,0.00
2023-03-16T08:00,7.0,68,0.00
2023-03-16T09:00,8.7,62,0.00
2023-03-16T10:00,10.7,57,0.00
2023-03-16T11:00,12.3,53,0.00
2023-03-16T12:00,13.5,50,0.00
2023-03-16T13:00,14.7,48,0.00
2023-03-16T14:00,15.2,50,0.00
2023-03-16T15:00,15.6,52,0.00
2023-03-16T16:00,15.5,57,0.00
2023-03-16T17:00,14.4,62,0.00
2023-03-16T18:00,12.4,68,0.00
2023-03-16T19:00,12.0,69,0.00
2023-03-16T20:00,11.6,68,0.00
2023-03-16T21:00,11.1,68,0.00
2023-03-16T22:00,10.2,71,0.00
2023-03-16T23:00,10.0,71,0.00
2023-03-17T00:00,9.5,73,0.00
2023-03-17T01:00,7.2,84,0.00
2023-03-17T02:00,7.1,86,0.00
2023-03-17T03:00,7.2,88,0.00
2023-03-17T04:00,7.7,86,0.00
2023-03-17T05:00,8.0,85,0.00
2023-03-17T06:00,7.7,85,0.00
2023-03-17T07:00,9.0,79,0.00
2023-03-17T08:00,10.5,77,0.00
2023-03-17T09:00,11.1,78,1.00
2023-03-17T10:00,10.5,81,0.00
2023-03-17T11:00,12.8,72,0.00
2023-03-17T12:00,15.3,58,0.00
2023-03-17T13:00,15.9,58,0.00
2023-03-17T14:00,15.5,63,0.00
2023-03-17T15:00,14.7,72,0.50
2023-03-17T16:00,15.2,69,0.00
2023-03-17T17:00,14.7,71,0.80
2023-03-17T18:00,12.6,86,2.30
2023-03-17T19:00,12.2,89,2.10
2023-03-17T20:00,11.9,89,0.20
2023-03-17T21:00,10.9,92,0.20
2023-03-17T22:00,10.6,94,0.00
2023-03-17T23:00,9.8,95,0.00
2023-03-18T00:00,9.3,93,0.00
2023-03-18T01:00,8.9,95,0.00
2023-03-18T02:00,8.5,96,0.00
2023-03-18T03:00,8.9,94,0.10
2023-03-18T04:00,8.8,93,0.10
2023-03-18T05:00,9.0,93,0.20
2023-03-18T06:00,9.0,93,0.00
2023-03-18T07:00,9.2,93,0.00
2023-03-18T08:00,10.6,90,0.00
2023-03-18T09:00,12.1,83,0.00
2023-03-18T10:00,13.8,75,0.00
2023-03-18T11:00,15.1,67,0.00
2023-03-18T12:00,14.4,65,0.00
2023-03-18T13:00,14.8,66,1.10
2023-03-18T14:00,14.9,64,3.80
2023-03-18T15:00,13.7,72,0.10
2023-03-18T16:00,13.5,70,0.00
2023-03-18T17:00,12.7,77,0.10
2023-03-18T18:00,11.8,80,0.00
2023-03-18T19:00,10.5,87,0.00
2023-03-18T20:00,10.3,88,0.50
2023-03-18T21:00,10.4,87,0.00
2023-03-18T22:00,9.4,92,0.00
2023-03-18T23:00,9.0,93,0.00
2023-03-19T00:00,9.9,92,0.00
2023-03-19T01:00,9.4,93,0.10
2023-03-19T02:00,8.9,93,0.00
2023-03-19T03:00,8.4,95,0.00
2023-03-19T04:00,8.0,96,0.00
2023-03-19T05:00,7.8,96,0.00
2023-03-19T06:00,7.5,96,0.00
2023-03-19T07:00,8.6,93,0.00
2023-03-19T08:00,9.5,90,0.00
2023-03-19T09:00,10.3,87,0.00
2023-03-19T10:00,10.1,84,1.90
2023-03-19T11:00,10.3,84,0.20
2023-03-19T12:00,10.2,80,0.20
2023-03-19T13:00,10.6,74,0.10
2023-03-19T14:00,11.2,68,0.00
2023-03-19T15:00,11.3,62,0.20
2023-03-19T16:00,10.8,61,0.10
2023-03-19T17:00,10.3,63,0.00
2023-03-19T18:00,8.6,66,0.00
2023-03-19T19:00,6.7,72,0.00
2023-03-19T20:00,4.2,85,0.00
2023-03-19T21:00,3.6,89,0.00
2023-03-19T22:00,2.9,91,0.00
2023-03-19T23:00,2.3,92,0.00
2023-03-20T00:00,3.2,92,0.00
2023-03-20T01:00,2.1,94,0.00
2023-03-20T02:00,1.7,94,0.00
2023-03-20T03:00,1.6,94,0.00
2023-03-20T04:00,2.4,93,0.00
2023-03-20T05:00,4.7,84,0.00
2023-03-20T06:00,5.3,80,0.00
2023-03-20T07:00,6.0,77,0.00
2023-03-20T08:00,7.0,76,0.00
2023-03-20T09:00,8.6,72,0.00
2023-03-20T10:00,10.2,69,0.00
2023-03-20T11:00,11.6,62,0.00
2023-03-20T12:00,12.3,61,0.00
2023-03-20T13:00,13.3,59,0.00
2023-03-20T14:00,12.9,61,0.00
2023-03-20T15:00,12.5,64,0.00
2023-03-20T16:00,12.3,69,0.00
2023-03-20T17:00,12.0,72,0.00
2023-03-20T18:00,10.4,79,0.00
2023-03-20T19:00,9.6,82,0.00
2023-03-20T20:00,10.2,79,0.00
2023-03-20T21:00,10.3,79,0.00
2023-03-20T22:00,10.3,78,0.00
2023-03-20T23:00,10.1,79,0.00
2023-03-21T00:00,9.8,86,0.00
2023-03-21T01:00,9.7,86,2.60
2023-03-21T02:00,9.5,88,0.00
2023-03-21T03:00,8.8,88,0.00
2023-03-21T04:00,8.3,88,0.00
2023-03-21T05:00,8.3,86,0.00
2023-03-21T06:00,8.1,86,0.00
2023-03-21T07:00,8.4,86,0.00
2023-03-21T08:00,9.3,86,0.00
2023-03-21T09:00,10.2,82,0.00
2023-03-21T10:00,11.9,76,0.40
2023-03-21T11:00,13.4,72,0.00
2023-03-21T12:00,13.9,71,0.00
2023-03-21T13:00,13.9,72,0.10
2023-03-21T14:00,14.3,69,0.10
2023-03-21T15:00,14.7,68,0.20
2023-03-21T16:00,14.7,65,0.00
2023-03-21T17:00,13.9,68,0.00
2023-03-21T18:00,12.6,74,0.00
2023-03-21T19:00,11.0,84,0.00
2023-03-21T20:00,10.3,88,0.00
2023-03-21T21:00,9.7,89,0.00
2023-03-21T22:00,9.3,87,0.00
2023-03-21T23:00,8.9,87,0.00
2023-03-22T00:00,9.1,87,0.00
2023-03-22T01:00,8.8,89,0.00
2023-03-22T02:00,8.5,91,0.00
2023-03-22T03:00,8.2,91,0.00
2023-03-22T04:00,8.1,90,0.00
2023-03-22T05:00,8.0,92,0.00
2023-03-22T06:00,8.7,90,0.00
2023-03-22T07:00,9.2,86,0.00
2023-03-22T08:00,10.1,80,0.10
2023-03-22T09:00,10.1,82,0.10
2023-03-22T10:00,10.3,83,0.40
2023-03-22T11:00,10.2,89,1.00
2023-03-22T12:00,11.7,86,0.10
2023-03-22T13:00,13.3,73,0.00
2023-03-22T14:00,13.1,75,0.10
2023-03-22T15:00,13.4,78,2.80
2023-03-22T16:00,13.8,73,0.00
2023-03-22T17:00,13.7,71,0.00
2023-03-22T18:00,13.0,80,2.10
2023-03-22T19:00,12.8,82,2.30
2023-03-22T20:00,12.4,81,1.80
2023-03-22T21:00,12.0,83,0.00
2023-03-22T22:00,11.6,82,0.00
2023-03-22T23:00,11.1,83,1.20
2023-03-23T00:00,11.2,86,0.00
2023-03-23T01:00,11.6,84,0.00
2023-03-23T02:00,11.3,84,0.00
2023-03-23T03:00,11.5,84,0.00
2023-03-23T04:00,11.4,83,0.00
2023-03-23T05:00,11.4,81,0.00
2023-03-23T06:00,11.3,82,0.20
2023-03-23T07:00,11.2,82,0.10
2023-03-23T08:00,11.7,80,0.00
2023-03-23T09:00,12.8,75,0.00
2023-03-23T10:00,14.3,68,0.00
2023-03-23T11:00,15.0,64,0.00
2023-03-23T12:00,15.6,61,0.00
2023-03-23T13:00,15.2,63,0.00
2023-03-23T14:00,15.6,63,0.00
2023-03-23T15:00,15.9,57,0.00
2023-03-23T16:00,15.4,61,0.00
2023-03-23T17:00,15.1,62,0.00
2023-03-23T18:00,14.1,68,0.00
2023-03-23T19:00,13.5,77,0.10
2023-03-23T20:00,13.6,82,0.10
2023-03-23T21:00,13.8,82,0.00
2023-03-23T22:00,13.9,81,0.40
2023-03-23T23:00,13.8,82,0.30
2023-03-24T00:00,13.2,86,0.60
2023-03-24T01:00,13.1,86,0.20
2023-03-24T02:00,12.3,88,0.10
2023-03-24T03:00,11.8,88,0.10
2023-03-24T04:00,11.1,87,0.10
2023-03-24T05:00,10.2,89,0.00
2023-03-24T06:00,9.7,89,0.00
2023-03-24T07:00,10.4,86,0.00
2023-03-24T08:00,11.7,79,0.00
2023-03-24T09:00,12.9,71,0.00
2023-03-24T10:00,14.2,60,0.00
2023-03-24T11:00,14.7,57,0.20
2023-03-24T12:00,12.6,70,0.00
2023-03-24T13:00,14.8,61,0.10
2023-03-24T14:00,14.6,62,0.10
2023-03-24T15:00,14.5,58,0.20
2023-03-24T16:00,14.1,59,0.40
2023-03-24T17:00,13.0,61,0.70
2023-03-24T18:00,11.7,63,0.00
2023-03-24T19:00,10.9,65,0.00
2023-03-24T20:00,10.2,68,0.00
2023-03-24T21:00,9.6,73,0.00
2023-03-24T22:00,9.3,76,0.00
2023-03-24T23:00,9.1,76,0.00
2023-03-25T00:00,9.1,77,0.00
2023-03-25T01:00,9.0,77,0.00
2023-03-25T02:00,8.6,79,0.00
2023-03-25T03:00,8.7,79,0.10
2023-03-25T04:00,8.3,80,0.00
2023-03-25T05:00,8.3,79,0.00
2023-03-25T06:00,8.2,80,0.00
2023-03-25T07:00,9.2,75,0.00
2023-03-25T08:00,10.1,72,0.00
2023-03-25T09:00,11.5,63,0.00
2023-03-25T10:00,11.8,61,0.00
2023-03-25T11:00,12.4,59,0.10
2023-03-25T12:00,10.6,71,0.00
2023-03-25T13:00,12.6,66,0.10
2023-03-25T14:00,13.7,54,0.10
2023-03-25T15:00,13.3,54,0.10
2023-03-25T16:00,13.8,49,0.00
2023-03-25T17:00,13.0,54,0.00
2023-03-25T18:00,11.7,59,0.00
2023-03-25T19:00,10.8,66,0.00
2023-03-25T20:00,10.3,72,0.00
2023-03-25T21:00,9.6,76,0.00
2023-03-25T22:00,9.9,74,0.00
2023-03-25T23:00,9.6,77,0.30
2023-03-26T00:00,9.2,81,0.80
2023-03-26T01:00,9.0,87,0.80
2023-03-26T02:00,8.8,87,0.70
2023-03-26T03:00,9.2,83,0.00
2023-03-26T04:00,9.2,81,0.10
2023-03-26T05:00,8.8,77,0.00
2023-03-26T06:00,8.0,77,0.00
2023-03-26T07:00,8.4,77,0.00
2023-03-26T08:00,9.7,74,0.00
2023-03-26T09:00,9.6,73,0.00
2023-03-26T10:00,10.0,72,0.10
2023-03-26T11:00,10.8,70,0.20
2023-03-26T12:00,9.9,78,0.10
2023-03-26T13:00,10.7,70,0.50
2023-03-26T14:00,11.2,64,0.20
2023-03-26T15:00,11.0,65,0.00
2023-03-26T16:00,10.9,67,0.20
2023-03-26T17:00,9.5,76,0.50
2023-03-26T18:00,8.6,79,0.00
2023-03-26T19:00,8.3,78,0.00
2023-03-26T20:00,8.1,81,0.00
2023-03-26T21:00,7.8,76,0.00
2023-03-26T22:00,6.4,79,0.00
2023-03-26T23:00,5.4,82,0.00
2023-03-27T00:00,5.9,76,0.00
2023-03-27T01:00,5.9,72,0.00
2023-03-27T02:00,5.9,70,0.00
2023-03-27T03:00,5.4,73,0.00
2023-03-27T04:00,4.3,79,0.00
2023-03-27T05:00,4.0,81,0.00
2023-03-27T06:00,3.2,86,0.00
2023-03-27T07:00,4.5,83,0.00
2023-03-27T08:00,6.1,75,0.00
2023-03-27T09:00,7.4,66,0.00
2023-03-27T10:00,8.5,56,0.00
2023-03-27T11:00,9.5,49,0.00
2023-03-27T12:00,9.0,50,0.00
2023-03-27T13:00,9.4,47,0.00
2023-03-27T14:00,9.5,45,0.00
2023-03-27T15:00,9.7,43,0.00
2023-03-27T16:00,9.7,42,0.00
2023-03-27T17:00,9.3,45,0.00
2023-03-27T18:00,6.9,58,0.00
2023-03-27T19:00,5.5,64,0.00
2023-03-27T20:00,5.6,63,0.00
2023-03-27T21:00,5.4,63,0.00
2023-03-27T22:00,5.6,62,0.00
2023-03-27T23:00,3.7,72,0.00
2023-03-28T00:00,5.2,72,0.00
2023-03-28T01:00,4.8,71,0.00
2023-03-28T02:00,4.4,70,0.00
2023-03-28T03:00,3.0,76,0.00
2023-03-28T04:00,3.4,75,0.00
2023-03-28T05:00,3.7,75,0.00
2023-03-28T06:00,3.8,74,0.00
2023-03-28T07:00,4.3,74,0.00
2023-03-28T08:00,4.7,73,0.00
2023-03-28T09:00,6.5,69,0.00
2023-03-28T10:00,8.2,63,0.00
2023-03-28T11:00,9.4,56,0.00
2023-03-28T12:00,9.5,52,0.00
2023-03-28T13:00,10.1,55,0.20
2023-03-28T14:00,11.0,51,0.00
2023-03-28T15:00,10.4,54,0.00
2023-03-28T16:00,10.0,58,0.20
2023-03-28T17:00,9.4,60,0.00
2023-03-28T18:00,8.6,64,0.00
2023-03-28T19:00,9.2,61,0.00
2023-03-28T20:00,8.7,69,0.50
2023-03-28T21:00,8.9,71,0.00
2023-03-28T22:00,9.3,69,0.00
2023-03-28T23:00,9.4,70,0.00
2023-03-29T00:00,9.1,72,0.00
2023-03-29T01:00,9.6,73,0.00
2023-03-29T02:00,9.9,74,0.00
2023-03-29T03:00,9.7,77,0.00
2023-03-29T04:00,9.6,79,0.00
2023-03-29T05:00,9.5,79,0.00
2023-03-29T06:00,9.2,85,0.40
2023-03-29T07:00,9.4,86,0.00
2023-03-29T08:00,11.1,83,0.00
2023-03-29T09:00,13.1,76,0.00
2023-03-29T10:00,14.9,70,0.00
2023-03-29T11:00,16.7,62,0.00
2023-03-29T12:00,18.5,55,0.00
2023-03-29T13:00,19.3,53,0.00
2023-03-29T14:00,19.6,48,0.00
2023-03-29T15:00,19.5,51,0.00
2023-03-29T16:00,19.2,55,0.00
2023-03-29T17:00,18.5,52,0.00
2023-03-29T18:00,17.0,59,0.00
2023-03-29T19:00,16.5,61,0.00
2023-03-29T20:00,16.6,59,0.10
2023-03-29T21:00,16.1,64,0.20
2023-03-29T22:00,15.2,66,0.20
2023-03-29T23:00,14.4,70,1.20
2023-03-30T00:00,13.9,78,0.30
2023-03-30T01:00,13.6,77,0.00
2023-03-30T02:00,13.5,78,0.20
2023-03-30T03:00,13.0,79,0.60
2023-03-30T04:00,12.3,84,0.00
2023-03-30T05:00,12.3,83,0.00
2023-03-30T06:00,11.5,84,0.00
2023-03-30T07:00,12.1,84,0.00
2023-03-30T08:00,13.1,79,0.00
2023-03-30T09:00,14.2,70,0.00
2023-03-30T10:00,15.4,65,0.00
2023-03-30T11:00,16.0,65,0.10
2023-03-30T12:00,13.7,74,0.10
2023-03-30T13:00,15.2,68,0.70
2023-03-30T14:00,15.5,62,0.90
2023-03-30T15:00,15.3,65,0.40
2023-03-30T16:00,15.1,68,0.00
2023-03-30T17:00,15.3,62,0.00
2023-03-30T18:00,14.3,62,0.00
2023-03-30T19:00,13.8,64,0.00
2023-03-30T20:00,13.3,68,0.00
2023-03-30T21:00,12.4,77,0.70
2023-03-30T22:00,11.8,79,1.30
2023-03-30T23:00,11.5,84,0.20
2023-03-31T00:00,11.6,85,0.40
2023-03-31T01:00,11.6,82,0.10
2023-03-31T02:00,10.6,91,2.00
2023-03-31T03:00,11.4,85,0.10
2023-03-31T04:00,11.1,83,0.00
2023-03-31T05:00,10.8,82,0.00
2023-03-31T06:00,10.7,80,0.00
2023-03-31T07:00,11.0,78,0.00
2023-03-31T08:00,11.9,73,0.00
2023-03-31T09:00,12.1,72,0.00
2023-03-31T10:00,12.9,66,0.00
2023-03-31T11:00,13.6,64,0.00
2023-03-31T12:00,12.6,70,0.30
2023-03-31T13:00,12.8,69,0.10
2023-03-31T14:00,14.8,57,0.00
2023-03-31T15:00,13.5,70,3.10
2023-03-31T16:00,13.2,65,0.00
2023-03-31T17:00,12.5,68,0.00
2023-03-31T18:00,11.4,68,0.00
2023-03-31T19:00,11.1,68,0.00
2023-03-31T20:00,10.6,70,0.00
2023-03-31T21:00,10.0,73,0.00
2023-03-31T22:00,10.0,77,0.40
2023-03-31T23:00,9.8,77,0.00
2023-04-01T00:00,9.1,86,0.00
2023-04-01T01:00,9.3,88,0.40
2023-04-01T02:00,9.4,87,0.20
2023-04-01T03:00,9.3,89,0.40
2023-04-01T04:00,9.3,87,0.10
2023-04-01T05:00,9.3,87,0.00
2023-04-01T06:00,9.2,88,0.00
2023-04-01T07:00,9.6,86,0.00
2023-04-01T08:00,10.2,81,0.10
2023-04-01T09:00,11.0,74,0.10
2023-04-01T10:00,12.3,71,0.20
2023-04-01T11:00,13.1,66,0.00
2023-04-01T12:00,10.1,81,0.10
2023-04-01T13:00,12.9,71,0.10
2023-04-01T14:00,13.1,61,0.50
2023-04-01T15:00,12.5,59,0.00
2023-04-01T16:00,12.1,63,0.10
2023-04-01T17:00,10.9,70,0.10
2023-04-01T18:00,9.9,79,0.10
2023-04-01T19:00,9.5,82,0.00
2023-04-01T20:00,9.5,84,0.00
2023-04-01T21:00,9.1,85,0.00
2023-04-01T22:00,8.7,88,0.00
2023-04-01T23:00,8.6,88,0.00
2023-04-02T00:00,8.9,88,0.00
2023-04-02T01:00,8.5,88,0.10
2023-04-02T02:00,8.2,88,0.10
2023-04-02T03:00,8.2,87,0.00
2023-04-02T04:00,8.1,87,0.00
2023-04-02T05:00,7.9,87,0.10
2023-04-02T06:00,7.8,87,0.00
2023-04-02T07:00,7.8,87,0.20
2023-04-02T08:00,8.3,83,0.00
2023-04-02T09:00,8.5,81,0.00
2023-04-02T10:00,9.4,77,0.00
2023-04-02T11:00,8.8,78,0.00
2023-04-02T12:00,9.0,79,0.00
2023-04-02T13:00,9.3,76,0.00
2023-04-02T14:00,8.9,77,0.00
2023-04-02T15:00,9.2,74,0.00
2023-04-02T16:00,9.5,69,0.00
2023-04-02T17:00,9.1,72,0.00
2023-04-02T18:00,8.0,75,0.00
2023-04-02T19:00,7.4,76,0.00
2023-04-02T20:00,7.2,76,0.00
2023-04-02T21:00,7.0,76,0.00
2023-04-02T22:00,6.8,76,0.00
2023-04-02T23:00,6.7,76,0.00
2023-04-03T00:00,6.5,77,0.00
2023-04-03T01:00,6.4,76,0.00
2023-04-03T02:00,6.5,74,0.00
2023-04-03T03:00,6.3,73,0.00
2023-04-03T04:00,5.3,73,0.00
2023-04-03T05:00,4.4,76,0.00
2023-04-03T06:00,3.1,83,0.00
2023-04-03T07:00,3.9,81,0.00
2023-04-03T08:00,5.8,73,0.00
2023-04-03T09:00,7.1,60,0.00
2023-04-03T10:00,8.0,58,0.00
2023-04-03T11:00,8.9,56,0.00
2023-04-03T12:00,10.2,57,0.00
2023-04-03T13:00,11.2,52,0.00
2023-04-03T14:00,11.7,50,0.00
2023-04-03T15:00,11.9,48,0.00
2023-04-03T16:00,11.6,47,0.00
2023-04-03T17:00,10.9,50,0.00
2023-04-03T18:00,9.2,59,0.00
2023-04-03T19:00,6.8,69,0.00
2023-04-03T20:00,5.8,74,0.00
2023-04-03T21:00,5.2,75,0.00
2023-04-03T22:00,4.6,75,0.00
2023-04-03T23:00,4.0,68,0.00
2023-04-04T00:00,4.1,68,0.00
2023-04-04T01:00,3.1,70,0.00
2023-04-04T02:00,2.0,74,0.00
2023-04-04T03:00,1.2,77,0.00
2023-04-04T04:00,0.9,76,0.00
2023-04-04T05:00,0.5,76,0.00
2023-04-04T06:00,0.6,75,0.00
2023-04-04T07:00,2.4,70,0.00
2023-04-04T08:00,4.1,64,0.00
2023-04-04T09:00,5.8,60,0.00
2023-04-04T10:00,7.2,53,0.00
2023-04-04T11:00,8.2,49,0.00
2023-04-04T12:00,9.5,47,0.00
2023-04-04T13:00,10.3,46,0.00
2023-04-04T14:00,10.6,45,0.00
2023-04-04T15:00,10.8,46,0.00
2023-04-04T16:00,10.6,48,0.00
2023-04-04T17:00,9.8,50,0.00
2023-04-04T18:00,7.8,63,0.00
2023-04-04T19:00,5.2,73,0.00
2023-04-04T20:00,4.2,76,0.00
2023-04-04T21:00,3.4,80,0.00
2023-04-04T22:00,2.7,84,0.00
2023-04-04T23:00,1.8,88,0.00
2023-04-05T00:00,1.5,89,0.00
2023-04-05T01:00,0.8,92,0.00
2023-04-05T02:00,1.2,88,0.00
2023-04-05T03:00,1.4,88,0.00
2023-04-05T04:00,-0.7,93,0.00
2023-04-05T05:00,-1.1,95,0.00
2023-04-05T06:00,-0.4,96,0.00
2023-04-05T07:00,2.3,88,0.00
2023-04-05T08:00,5.1,77,0.00
2023-04-05T09:00,7.7,68,0.00
2023-04-05T10:00,9.4,59,0.00
2023-04-05T11:00,10.6,56,0.00
2023-04-05T12:00,11.8,43,0.00
2023-04-05T13:00,12.9,43,0.00
2023-04-05T14:00,13.5,42,0.00
2023-04-05T15:00,13.8,40,0.00
2023-04-05T16:00,13.7,40,0.00
2023-04-05T17:00,13.1,43,0.00
2023-04-05T18:00,10.2,68,0.00
2023-04-05T19:00,8.9,70,0.00
2023-04-05T20:00,9.5,64,0.00
2023-04-05T21:00,8.5,73,0.00
2023-04-05T22:00,8.5,72,0.00
2023-04-05T23:00,8.2,73,0.00
2023-04-06T00:00,8.0,75,0.00
2023-04-06T01:00,7.9,76,0.00
2023-04-06T02:00,7.7,78,0.00
2023-04-06T03:00,7.7,80,0.00
2023-04-06T04:00,7.5,81,0.00
2023-04-06T05:00,7.7,80,0.10
2023-04-06T06:00,7.7,83,0.10
2023-04-06T07:00,8.4,77,0.00
2023-04-06T08:00,8.5,76,0.20
2023-04-06T09:00,8.8,85,0.30
2023-04-06T10:00,9.1,87,0.10
2023-04-06T11:00,10.5,76,0.00
2023-04-06T12:00,11.8,73,0.10
2023-04-06T13:00,14.4,57,0.20
2023-04-06T14:00,14.7,54,0.00
2023-04-06T15:00,14.7,54,0.10
2023-04-06T16:00,13.9,57,0.10
2023-04-06T17:00,12.9,62,0.10
2023-04-06T18:00,11.4,70,0.00
2023-04-06T19:00,9.6,78,0.00
2023-04-06T20:00,8.6,80,0.00
2023-04-06T21:00,7.4,84,0.00
2023-04-06T22:00,6.5,88,0.00
2023-04-06T23:00,6.0,90,0.00
2023-04-07T00:00,6.1,90,0.00
2023-04-07T01:00,6.1,91,0.00
2023-04-07T02:00,6.1,92,0.00
2023-04-07T03:00,5.5,94,0.00
2023-04-07T04:00,5.2,95,0.00
2023-04-07T05:00,4.8,96,0.00
2023-04-07T06:00,5.1,96,0.00
2023-04-07T07:00,6.9,90,0.00
2023-04-07T08:00,8.7,82,0.00
2023-04-07T09:00,10.6,71,0.10
2023-04-07T10:00,11.8,59,0.00
2023-04-07T11:00,12.6,52,0.10
2023-04-07T12:00,13.1,55,0.10
2023-04-07T13:00,13.7,53,0.00
2023-04-07T14:00,14.0,53,0.10
2023-04-07T15:00,13.4,55,0.10
2023-04-07T16:00,12.6,57,0.00
2023-04-07T17:00,12.1,58,0.00
2023-04-07T18:00,10.7,68,0.00
2023-04-07T19:00,8.7,79,0.00
2023-04-07T20:00,7.5,84,0.00
2023-04-07T21:00,6.6,89,0.00
2023-04-07T22:00,5.8,91,0.00
2023-04-07T23:00,5.2,93,0.00
2023-04-08T00:00,5.1,94,0.00
2023-04-08T01:00,4.4,95,0.00
2023-04-08T02:00,3.9,95,0.00
2023-04-08T03:00,3.4,95,0.00
2023-04-08T04:00,2.8,96,0.00
2023-04-08T05:00,2.1,97,0.00
2023-04-08T06:00,3.0,97,0.00
2023-04-08T07:00,5.0,91,0.00
2023-04-08T08:00,7.2,87,0.00
2023-04-08T09:00,9.7,68,0.00
2023-04-08T10:00,11.1,62,0.00
2023-04-08T11:00,12.2,57,0.00
2023-04-08T12:00,12.9,61,0.00
2023-04-08T13:00,13.8,57,0.00
2023-04-08T14:00,14.2,54,0.00
2023-04-08T15:00,13.8,55,0.00
2023-04-08T16:00,13.7,56,0.00
2023-04-08T17:00,12.8,58,0.00
2023-04-08T18:00,11.1,68,0.00
2023-04-08T19:00,8.6,78,0.00
2023-04-08T20:00,7.5,82,0.00
2023-04-08T21:00,6.8,85,0.00
2023-04-08T22:00,5.8,89,0.00
2023-04-08T23:00,4.7,91,0.00
2023-04-09T00:00,6.0,86,0.00
2023-04-09T01:00,4.4,91,0.00
2023-04-09T02:00,3.3,95,0.00
2023-04-09T03:00,3.1,96,0.00
2023-04-09T04:00,3.2,96,0.00
2023-04-09T05:00,3.2,97,0.00
2023-04-09T06:00,3.4,98,0.00
2023-04-09T07:00,5.6,91,0.00
2023-04-09T08:00,8.3,83,0.00
2023-04-09T09:00,11.1,77,0.00
2023-04-09T10:00,13.6,70,0.00
2023-04-09T11:00,15.2,60,0.00
2023-04-09T12:00,16.4,51,0.00
2023-04-09T13:00,16.3,49,0.00
2023-04-09T14:00,16.9,48,0.00
2023-04-09T15:00,17.2,47,0.00
2023-04-09T16:00,16.9,46,0.00
2023-04-09T17:00,16.1,50,0.00
2023-04-09T18:00,13.7,62,0.00
2023-04-09T19:00,11.7,67,0.00
2023-04-09T20:00,10.9,70,0.00
2023-04-09T21:00,10.1,72,0.00
2023-04-09T22:00,8.7,79,0.00
2023-04-09T23:00,8.0,81,0.00
2023-04-10T00:00,8.5,78,0.00
2023-04-10T01:00,8.2,80,0.00
2023-04-10T02:00,8.0,82,0.00
2023-04-10T03:00,7.9,83,0.00
2023-04-10T04:00,7.6,85,0.00
2023-04-10T05:00,8.0,83,0.00
2023-04-10T06:00,8.8,80,0.00
2023-04-10T07:00,9.7,77,0.00
2023-04-10T08:00,10.6,79,0.00
2023-04-10T09:00,13.1,70,0.00
2023-04-10T10:00,13.0,73,0.00
2023-04-10T11:00,16.0,60,0.00
2023-04-10T12:00,14.8,58,0.10
2023-04-10T13:00,14.7,61,0.00
2023-04-10T14:00,16.5,62,0.00
2023-04-10T15:00,15.3,75,0.60
2023-04-10T16:00,15.2,75,0.00
2023-04-10T17:00,14.3,80,0.40
2023-04-10T18:00,13.3,88,0.60
2023-04-10T19:00,11.5,93,0.60
2023-04-10T20:00,11.4,91,1.20
2023-04-10T21:00,11.2,91,1.70
2023-04-10T22:00,11.0,88,0.20
2023-04-10T23:00,10.7,85,0.20
2023-04-11T00:00,10.1,82,0.00
2023-04-11T01:00,9.0,86,0.00
2023-04-11T02:00,8.6,85,0.00
2023-04-11T03:00,8.0,86,0.00
2023-04-11T04:00,7.8,86,0.00
2023-04-11T05:00,7.5,87,0.00
2023-04-11T06:00,7.7,86,0.00
2023-04-11T07:00,8.7,83,0.00
2023-04-11T08:00,9.8,75,0.00
2023-04-11T09:00,10.8,69,0.00
2023-04-11T10:00,11.7,63,0.00
2023-04-11T11:00,12.4,58,0.00
2023-04-11T12:00,12.2,60,0.00
2023-04-11T13:00,12.6,57,0.20
2023-04-11T14:00,13.0,56,0.10
2023-04-11T15:00,12.8,58,0.00
2023-04-11T16:00,11.6,68,0.30
2023-04-11T17:00,10.4,84,1.00
2023-04-11T18:00,10.0,87,1.00
2023-04-11T19:00,9.7,90,1.10
2023-04-11T20:00,9.8,90,1.10
2023-04-11T21:00,9.9,89,0.70
2023-04-11T22:00,9.9,88,1.10
2023-04-11T23:00,9.8,88,0.70
2023-04-12T00:00,9.8,87,0.70
2023-04-12T01:00,10.0,89,1.00
2023-04-12T02:00,10.2,89,0.40
2023-04-12T03:00,10.4,90,0.70
2023-04-12T04:00,10.6,90,1.40
2023-04-12T05:00,10.2,94,2.20
2023-04-12T06:00,9.5,89,0.30
2023-04-12T07:00,8.7,84,0.20
2023-04-12T08:00,8.1,85,0.20
2023-04-12T09:00,10.5,73,0.00
2023-04-12T10:00,11.7,66,0.10
2023-04-12T11:00,12.8,62,0.00
2023-04-12T12:00,11.4,68,0.00
2023-04-12T13:00,11.7,70,0.50
2023-04-12T14:00,12.6,60,0.10
2023-04-12T15:00,12.0,50,0.00
2023-04-12T16:00,11.8,47,0.10
2023-04-12T17:00,11.1,50,0.00
2023-04-12T18:00,9.9,55,0.00
2023-04-12T19:00,9.1,56,0.00
2023-04-12T20:00,8.6,59,0.00
2023-04-12T21:00,8.5,60,0.00
2023-04-12T22:00,8.0,64,0.00
2023-04-12T23:00,7.7,66,0.00
2023-04-13T00:00,7.0,84,0.00
2023-04-13T01:00,7.4,78,0.10
2023-04-13T02:00,7.0,76,0.00
2023-04-13T03:00,6.8,74,0.00
2023-04-13T04:00,6.2,74,0.00
2023-04-13T05:00,5.8,77,0.00
2023-04-13T06:00,6.2,77,0.00
2023-04-13T07:00,7.7,72,0.00
2023-04-13T08:00,8.8,69,0.00
2023-04-13T09:00,9.7,63,0.10
2023-04-13T10:00,10.8,62,0.00
2023-04-13T11:00,11.5,58,0.10
2023-04-13T12:00,6.7,82,0.10
2023-04-13T13:00,9.3,73,0.60
2023-04-13T14:00,11.8,62,0.10
2023-04-13T15:00,9.7,71,2.10
2023-04-13T16:00,8.1,78,0.10
2023-04-13T17:00,8.3,76,0.90
2023-04-13T18:00,8.1,78,0.00
2023-04-13T19:00,5.6,91,0.00
2023-04-13T20:00,5.8,92,0.00
2023-04-13T21:00,5.4,94,0.00
2023-04-13T22:00,4.9,95,0.00
2023-04-13T23:00,4.3,95,0.00
2023-04-14T00:00,5.3,91,0.00
2023-04-14T01:00,4.4,92,3.20
2023-04-14T02:00,3.9,95,0.70
2023-04-14T03:00,3.6,94,0.00
2023-04-14T04:00,3.4,94,0.00
2023-04-14T05:00,3.6,95,0.00
2023-04-14T06:00,5.0,93,0.00
2023-04-14T07:00,6.1,92,0.00
2023-04-14T08:00,7.4,89,0.00
2023-04-14T09:00,7.8,86,0.20
2023-04-14T10:00,8.4,83,0.10
2023-04-14T11:00,9.1,77,0.30
2023-04-14T12:00,8.4,84,0.90
2023-04-14T13:00,8.3,88,0.50
2023-04-14T14:00,8.6,85,0.40
2023-04-14T15:00,8.5,85,0.10
2023-04-14T16:00,8.3,85,0.30
2023-04-14T17:00,8.2,85,0.00
2023-04-14T18:00,8.1,87,0.00
2023-04-14T19:00,7.7,91,0.00
2023-04-14T20:00,7.8,91,0.00
2023-04-14T21:00,7.1,94,0.00
2023-04-14T22:00,6.5,96,0.00
2023-04-14T23:00,7.0,96,0.00
2023-04-15T00:00,7.2,95,0.00
2023-04-15T01:00,7.3,97,2.60
2023-04-15T02:00,7.3,96,2.40
2023-04-15T03:00,7.8,95,0.90
2023-04-15T04:00,7.7,94,0.30
2023-04-15T05:00,7.6,91,0.10
2023-04-15T06:00,7.5,92,0.20
2023-04-15T07:00,7.7,91,0.60
2023-04-15T08:00,7.8,90,1.10
2023-04-15T09:00,8.1,91,0.50
2023-04-15T10:00,8.9,87,0.10
2023-04-15T11:00,10.4,77,0.10
2023-04-15T12:00,9.5,85,0.10
2023-04-15T13:00,10.7,75,0.00
2023-04-15T14:00,12.0,66,0.00
2023-04-15T15:00,12.8,65,0.20
2023-04-15T16:00,12.3,69,0.00
2023-04-15T17:00,12.8,63,0.00
2023-04-15T18:00,11.3,71,0.00
2023-04-15T19:00,9.6,82,0.00
2023-04-15T20:00,8.3,91,0.00
2023-04-15T21:00,7.4,91,0.00
2023-04-15T22:00,6.3,84,0.00
2023-04-15T23:00,5.4,85,0.00
2023-04-16T00:00,5.0,83,0.00
2023-04-16T01:00,4.1,87,0.00
2023-04-16T02:00,3.4,90,0.00
2023-04-16T03:00,3.0,91,0.00
2023-04-16T04:00,2.7,91,0.00
2023-04-16T05:00,2.2,92,0.00
2023-04-16T06:00,3.6,88,0.00
2023-04-16T07:00,5.9,82,0.00
2023-04-16T08:00,7.9,77,0.00
2023-04-16T09:00,9.6,72,0.00
2023-04-16T10:00,11.3,65,0.00
2023-04-16T11:00,12.9,55,0.00
2023-04-16T12:00,13.9,54,0.00
2023-04-16T13:00,14.8,49,0.00
2023-04-16T14:00,14.4,51,0.00
2023-04-16T15:00,14.7,50,0.00
2023-04-16T16:00,14.4,48,0.00
2023-04-16T17:00,13.7,54,0.00
2023-04-16T18:00,12.3,61,0.00
2023-04-16T19:00,9.6,71,0.00
2023-04-16T20:00,8.2,76,0.00
2023-04-16T21:00,7.1,79,0.00
2023-04-16T22:00,6.0,81,0.00
2023-04-16T23:00,5.1,83,0.00
2023-04-17T00:00,4.8,86,0.00
2023-04-17T01:00,4.2,89,0.00
2023-04-17T02:00,3.6,92,0.00
2023-04-17T03:00,3.4,93,0.00
2023-04-17T04:00,3.2,95,0.00
2023-04-17T05:00,3.1,96,0.00
2023-04-17T06:00,4.6,94,0.00
2023-04-17T07:00,6.5,89,0.00
2023-04-17T08:00,7.9,85,0.00
2023-04-17T09:00,8.9,82,0.00
2023-04-17T10:00,10.2,76,0.00
2023-04-17T11:00,11.7,71,0.00
2023-04-17T12:00,11.5,71,0.00
2023-04-17T13:00,12.0,70,0.00
2023-04-17T14:00,12.4,68,0.00
2023-04-17T15:00,12.4,67,0.00
2023-04-17T16:00,12.4,67,0.10
2023-04-17T17:00,12.1,67,0.00
2023-04-17T18:00,11.5,71,0.00
2023-04-17T19:00,10.8,75,0.00
2023-04-17T20:00,9.3,81,0.00
2023-04-17T21:00,8.4,85,0.00
2023-04-17T22:00,8.3,85,0.30
2023-04-17T23:00,8.2,85,0.60
2023-04-18T00:00,9.2,85,0.00
2023-04-18T01:00,8.1,88,0.00
2023-04-18T02:00,7.4,90,0.00
2023-04-18T03:00,6.8,90,0.00
2023-04-18T04:00,6.3,90,0.00
2023-04-18T05:00,5.9,92,0.00
2023-04-18T06:00,6.7,92,0.00
2023-04-18T07:00,8.3,89,0.00
2023-04-18T08:00,9.8,84,0.00
2023-04-18T09:00,11.6,76,0.00
2023-04-18T10:00,13.0,65,0.10
2023-04-18T11:00,13.9,55,0.00
2023-04-18T12:00,14.4,62,0.00
2023-04-18T13:00,15.0,54,0.00
2023-04-18T14:00,15.3,48,0.00
2023-04-18T15:00,14.9,51,0.10
2023-04-18T16:00,14.8,52,0.10
2023-04-18T17:00,14.1,57,0.00
2023-04-18T18:00,12.8,66,0.00
2023-04-18T19:00,11.5,72,0.00
2023-04-18T20:00,10.1,80,0.00
2023-04-18T21:00,9.1,86,0.00
2023-04-18T22:00,8.6,88,0.00
2023-04-18T23:00,8.5,88,0.00
2023-04-19T00:00,9.4,87,0.00
2023-04-19T01:00,8.8,87,0.00
2023-04-19T02:00,8.4,86,0.00
2023-04-19T03:00,8.0,87,0.00
2023-04-19T04:00,7.3,89,0.00
2023-04-19T05:00,6.8,90,0.00
2023-04-19T06:00,8.0,88,0.00
2023-04-19T07:00,9.8,84,0.00
2023-04-19T08:00,11.4,79,0.00
2023-04-19T09:00,13.2,75,0.00
2023-04-19T10:00,15.1,70,0.00
2023-04-19T11:00,16.2,65,0.00
2023-04-19T12:00,17.6,57,0.00
2023-04-19T13:00,18.0,53,0.00
2023-04-19T14:00,18.0,51,0.00
2023-04-19T15:00,17.0,56,0.00
2023-04-19T16:00,16.4,57,0.00
2023-04-19T17:00,15.5,61,0.00
2023-04-19T18:00,14.5,67,0.00
2023-04-19T19:00,13.7,68,0.00
2023-04-19T20:00,13.1,68,0.00
2023-04-19T21:00,12.8,64,0.00
2023-04-19T22:00,11.7,55,0.00
2023-04-19T23:00,11.0,53,0.00
2023-04-20T00:00,9.9,51,0.00
2023-04-20T01:00,9.5,52,0.00
2023-04-20T02:00,9.2,54,0.00
2023-04-20T03:00,8.4,55,0.00
2023-04-20T04:00,7.4,57,0.00
2023-04-20T05:00,6.4,57,0.00
2023-04-20T06:00,7.0,58,0.00
2023-04-20T07:00,7.7,60,0.00
2023-04-20T08:00,8.9,60,0.00
2023-04-20T09:00,10.4,55,0.00
2023-04-20T10:00,11.3,49,0.00
2023-04-20T11:00,12.1,52,0.00
2023-04-20T12:00,10.8,60,0.00
2023-04-20T13:00,10.9,57,0.00
2023-04-20T14:00,10.7,58,0.00
2023-04-20T15:00,10.5,60,0.00
2023-04-20T16:00,10.2,62,0.00
2023-04-20T17:00,9.8,61,0.00
2023-04-20T18:00,9.2,64,0.00
2023-04-20T19:00,7.2,75,0.00
2023-04-20T20:00,5.8,83,0.00
2023-04-20T21:00,5.0,87,0.00
2023-04-20T22:00,4.4,90,0.00
2023-04-20T23:00,3.4,94,0.00
2023-04-21T00:00,4.2,94,0.00
2023-04-21T01:00,2.5,97,0.00
2023-04-21T02:00,2.2,98,0.00
2023-04-21T03:00,1.9,99,0.00
2023-04-21T04:00,1.4,99,0.00
2023-04-21T05:00,1.4,100,0.00
2023-04-21T06:00,2.9,97,0.00
2023-04-21T07:00,5.0,90,0.00
2023-04-21T08:00,6.9,85,0.00
2023-04-21T09:00,9.0,75,0.00
2023-04-21T10:00,10.3,69,0.00
2023-04-21T11:00,11.2,64,0.00
2023-04-21T12:00,11.3,54,0.00
2023-04-21T13:00,11.7,52,0.00
2023-04-21T14:00,12.5,50,0.00
2023-04-21T15:00,12.8,49,0.00
2023-04-21T16:00,12.8,47,0.00
2023-04-21T17:00,12.6,47,0.00
2023-04-21T18:00,11.5,72,0.00
2023-04-21T19:00,10.7,55,0.00
2023-04-21T20:00,8.3,70,0.00
2023-04-21T21:00,8.1,71,0.00
2023-04-21T22:00,7.2,76,0.00
2023-04-21T23:00,4.7,87,0.00
2023-04-22T00:00,6.1,84,0.00
2023-04-22T01:00,5.5,87,0.00
2023-04-22T02:00,5.5,87,0.00
2023-04-22T03:00,6.6,81,0.00
2023-04-22T04:00,7.1,80,1.20
2023-04-22T05:00,7.2,89,1.90
2023-04-22T06:00,7.5,92,1.20
2023-04-22T07:00,8.2,93,1.30
2023-04-22T08:00,9.3,93,1.80
2023-04-22T09:00,11.1,88,0.40
2023-04-22T10:00,11.8,89,0.10
2023-04-22T11:00,13.4,83,0.00
2023-04-22T12:00,13.6,75,0.10
2023-04-22T13:00,14.7,67,0.00
2023-04-22T14:00,16.5,56,0.00
2023-04-22T15:00,16.9,54,0.00
2023-04-22T16:00,17.2,51,0.00
2023-04-22T17:00,16.6,54,0.00
2023-04-22T18:00,14.9,64,0.00
2023-04-22T19:00,11.6,78,0.00
2023-04-22T20:00,11.5,77,0.00
2023-04-22T21:00,11.1,77,0.00
2023-04-22T22:00,11.0,75,0.00
2023-04-22T23:00,10.4,79,0.00
2023-04-23T00:00,10.5,83,0.00
2023-04-23T01:00,9.6,89,0.00
2023-04-23T02:00,9.0,92,0.00
2023-04-23T03:00,8.7,93,0.00
2023-04-23T04:00,8.5,94,0.00
2023-04-23T05:00,8.8,94,0.00
2023-04-23T06:00,9.7,89,0.60
2023-04-23T07:00,10.0,90,1.80
2023-04-23T08:00,10.7,90,1.80
2023-04-23T09:00,11.3,83,0.80
2023-04-23T10:00,12.4,79,0.00
2023-04-23T11:00,14.0,74,0.00
2023-04-23T12:00,12.7,86,0.40
2023-04-23T13:00,13.3,74,0.10
2023-04-23T14:00,13.2,67,0.10
2023-04-23T15:00,14.2,65,0.10
2023-04-23T16:00,14.1,64,0.10
2023-04-23T17:00,12.9,72,0.10
2023-04-23T18:00,11.9,80,0.10
2023-04-23T19:00,10.5,84,0.10
2023-04-23T20:00,10.2,80,0.00
2023-04-23T21:00,9.8,80,0.00
2023-04-23T22:00,8.8,83,0.20
2023-04-23T23:00,8.8,82,0.00
2023-04-24T00:00,7.9,86,0.00
2023-04-24T01:00,8.1,85,0.00
2023-04-24T02:00,7.6,87,0.00
2023-04-24T03:00,7.1,90,0.00
2023-04-24T04:00,6.8,91,0.00
2023-04-24T05:00,6.6,92,0.00
2023-04-24T06:00,7.6,88,0.00
2023-04-24T07:00,9.1,82,0.00
2023-04-24T08:00,10.2,75,0.10
2023-04-24T09:00,10.7,74,0.20
2023-04-24T10:00,11.6,71,0.10
2023-04-24T11:00,12.4,68,0.10
2023-04-24T12:00,12.9,65,0.10
2023-04-24T13:00,13.4,62,0.00
2023-04-24T14:00,14.4,58,0.10
2023-04-24T15:00,12.2,67,0.20
2023-04-24T16:00,13.4,61,0.00
2023-04-24T17:00,13.2,57,0.00
2023-04-24T18:00,12.0,64,0.00
2023-04-24T19:00,10.0,71,0.00
2023-04-24T20:00,9.3,83,2.20
2023-04-24T21:00,8.7,91,0.20
2023-04-24T22:00,8.6,90,0.20
2023-04-24T23:00,8.0,90,0.00
2023-04-25T00:00,7.6,92,0.00
2023-04-25T01:00,6.5,94,0.00
2023-04-25T02:00,6.2,93,0.00
2023-04-25T03:00,6.0,94,0.00
2023-04-25T04:00,6.1,94,0.00
2023-04-25T05:00,6.9,93,0.00
2023-04-25T06:00,7.2,91,0.00
2023-04-25T07:00,7.7,88,0.00
2023-04-25T08:00,8.1,77,0.10
2023-04-25T09:00,8.8,72,0.10
2023-04-25T10:00,9.1,72,0.10
2023-04-25T11:00,10.8,63,0.20
2023-04-25T12:00,10.0,67,0.00
2023-04-25T13:00,10.7,64,0.00
2023-04-25T14:00,11.4,58,0.10
2023-04-25T15:00,11.2,59,0.00
2023-04-25T16:00,11.4,57,0.00
2023-04-25T17:00,11.1,57,0.00
2023-04-25T18:00,10.5,62,0.00
2023-04-25T19:00,7.2,77,0.00
2023-04-25T20:00,6.3,81,0.00
2023-04-25T21:00,5.1,87,0.00
2023-04-25T22:00,5.3,84,0.00
2023-04-25T23:00,5.0,83,0.00
2023-04-26T00:00,5.3,83,0.00
2023-04-26T01:00,4.7,85,0.00
2023-04-26T02:00,4.7,84,0.00
2023-04-26T03:00,4.6,82,0.00
2023-04-26T04:00,4.8,79,0.00
2023-04-26T05:00,5.0,78,0.00
2023-04-26T06:00,5.3,78,0.00
2023-04-26T07:00,6.3,76,0.00
2023-04-26T08:00,7.1,75,0.00
2023-04-26T09:00,8.0,75,0.00
2023-04-26T10:00,10.0,70,0.00
2023-04-26T11:00,11.4,64,0.00
2023-04-26T12:00,11.4,57,0.00
2023-04-26T13:00,11.7,57,0.00
2023-04-26T14:00,11.9,59,0.00
2023-04-26T15:00,12.0,61,0.20
2023-04-26T16:00,11.2,71,0.20
2023-04-26T17:00,11.0,76,0.00
2023-04-26T18:00,10.6,78,0.00
2023-04-26T19:00,10.2,78,0.00
2023-04-26T20:00,9.8,80,0.00
2023-04-26T21:00,9.5,84,0.00
2023-04-26T22:00,9.3,85,0.00
2023-04-26T23:00,9.3,85,0.00
2023-04-27T00:00,9.5,80,0.00
2023-04-27T01:00,9.3,82,0.00
2023-04-27T02:00,7.7,86,0.00
2023-04-27T03:00,8.2,82,0.00
2023-04-27T04:00,7.2,87,0.00
2023-04-27T05:00,6.8,89,0.00
2023-04-27T06:00,8.2,85,0.00
2023-04-27T07:00,9.8,82,0.00
2023-04-27T08:00,11.7,77,0.00
2023-04-27T09:00,13.6,72,0.00
2023-04-27T10:00,15.8,64,0.00
2023-04-27T11:00,17.3,61,0.00
2023-04-27T12:00,18.1,54,0.00
2023-04-27T13:00,18.2,53,0.00
2023-04-27T14:00,18.4,54,0.00
2023-04-27T15:00,17.9,58,0.00
2023-04-27T16:00,16.8,68,0.20
2023-04-27T17:00,15.6,79,0.70
2023-04-27T18:00,14.7,87,0.30
2023-04-27T19:00,14.4,88,0.30
2023-04-27T20:00,14.0,91,0.20
2023-04-27T21:00,13.8,92,0.00
2023-04-27T22:00,13.9,93,0.10
2023-04-27T23:00,14.2,93,0.10
2023-04-28T00:00,13.8,94,0.00
2023-04-28T01:00,14.5,94,0.70
2023-04-28T02:00,14.5,92,4.10
2023-04-28T03:00,14.3,92,0.80
2023-04-28T04:00,14.2,93,0.00
2023-04-28T05:00,14.0,93,0.60
2023-04-28T06:00,14.4,92,0.30
2023-04-28T07:00,15.1,89,0.30
2023-04-28T08:00,15.4,88,0.30
2023-04-28T09:00,16.9,78,0.10
2023-04-28T10:00,17.3,76,0.10
2023-04-28T11:00,18.3,71,0.10
2023-04-28T12:00,19.4,73,0.10
2023-04-28T13:00,20.4,67,0.00
2023-04-28T14:00,20.8,63,0.00
2023-04-28T15:00,20.8,59,0.00
2023-04-28T16:00,20.2,62,0.00
2023-04-28T17:00,19.3,65,0.00
2023-04-28T18:00,17.3,74,0.00
2023-04-28T19:00,15.1,80,0.00
2023-04-28T20:00,13.8,83,0.00
2023-04-28T21:00,12.8,86,0.00
2023-04-28T22:00,11.8,90,0.00
2023-04-28T23:00,11.0,93,0.00
2023-04-29T00:00,10.3,95,0.00
2023-04-29T01:00,9.4,97,0.00
2023-04-29T02:00,8.3,98,0.00
2023-04-29T03:00,7.8,99,0.00
2023-04-29T04:00,7.5,99,0.00
2023-04-29T05:00,8.2,99,0.00
2023-04-29T06:00,10.1,93,0.00
2023-04-29T07:00,10.7,93,0.00
2023-04-29T08:00,11.4,91,0.00
2023-04-29T09:00,12.6,86,0.10
2023-04-29T10:00,13.8,79,0.10
2023-04-29T11:00,14.8,72,0.10
2023-04-29T12:00,14.5,70,0.00
2023-04-29T13:00,15.3,67,0.10
2023-04-29T14:00,15.5,66,0.00
2023-04-29T15:00,15.7,64,0.00
2023-04-29T16:00,15.4,64,0.00
2023-04-29T17:00,15.0,64,0.00
2023-04-29T18:00,13.9,69,0.00
2023-04-29T19:00,13.0,70,0.00
2023-04-29T20:00,12.6,71,0.00
2023-04-29T21:00,12.1,72,0.00
2023-04-29T22:00,11.9,72,0.00
2023-04-29T23:00,11.4,74,0.00
2023-04-30T00:00,8.5,89,0.00
2023-04-30T01:00,7.9,90,0.00
2023-04-30T02:00,8.0,89,0.00
2023-04-30T03:00,7.3,92,0.00
2023-04-30T04:00,7.3,92,0.00
2023-04-30T05:00,7.5,91,0.00
2023-04-30T06:00,8.5,88,0.00
2023-04-30T07:00,10.1,84,0.00
2023-04-30T08:00,11.9,79,0.00
2023-04-30T09:00,13.9,74,0.00
2023-04-30T10:00,15.6,63,0.00
2023-04-30T11:00,16.4,56,0.00
2023-04-30T12:00,16.8,56,0.00
2023-04-30T13:00,17.0,52,0.00
2023-04-30T14:00,16.6,53,0.00
2023-04-30T15:00,17.1,51,0.00
2023-04-30T16:00,16.8,52,0.00
2023-04-30T17:00,16.3,55,0.00
2023-04-30T18:00,15.5,63,0.00
2023-04-30T19:00,13.1,77,0.00
2023-04-30T20:00,14.1,68,0.00
2023-04-30T21:00,13.5,71,0.00
2023-04-30T22:00,11.8,83,0.00
2023-04-30T23:00,10.9,85,0.00
2023-05-01T00:00,10.7,86,0.00
2023-05-01T01:00,10.5,87,0.00
2023-05-01T02:00,10.0,89,0.00
2023-05-01T03:00,10.2,88,0.00
2023-05-01T04:00,9.7,89,0.00
2023-05-01T05:00,9.2,89,0.00
2023-05-01T06:00,9.7,87,0.00
2023-05-01T07:00,11.2,83,0.00
2023-05-01T08:00,13.1,78,0.00
2023-05-01T09:00,14.2,71,0.10
2023-05-01T10:00,14.7,68,0.20
2023-05-01T11:00,15.7,64,0.20
2023-05-01T12:00,12.7,80,0.20
2023-05-01T13:00,13.7,79,0.90
2023-05-01T14:00,15.2,75,0.30
2023-05-01T15:00,14.8,70,0.20
2023-05-01T16:00,15.4,63,0.00
2023-05-01T17:00,14.1,74,0.00
2023-05-01T18:00,13.8,75,0.00
2023-05-01T19:00,12.2,82,0.00
2023-05-01T20:00,10.5,90,0.00
2023-05-01T21:00,9.5,93,0.00
2023-05-01T22:00,9.0,94,0.00
2023-05-01T23:00,8.7,94,0.00
2023-05-02T00:00,9.3,93,0.00
2023-05-02T01:00,8.3,96,0.00
2023-05-02T02:00,7.5,98,0.00
2023-05-02T03:00,7.0,99,0.00
2023-05-02T04:00,6.2,100,0.00
2023-05-02T05:00,6.5,100,0.00
2023-05-02T06:00,8.5,96,0.00
2023-05-02T07:00,10.6,90,0.00
2023-05-02T08:00,13.2,80,0.00
2023-05-02T09:00,15.0,70,0.00
2023-05-02T10:00,15.8,67,0.10
2023-05-02T11:00,16.5,63,0.10
2023-05-02T12:00,15.7,70,0.00
2023-05-02T13:00,16.9,64,0.10
2023-05-02T14:00,17.2,60,0.10
2023-05-02T15:00,17.2,60,0.00
2023-05-02T16:00,17.0,60,0.00
2023-05-02T17:00,16.5,60,0.00
2023-05-02T18:00,15.5,65,0.00
2023-05-02T19:00,13.6,72,0.00
2023-05-02T20:00,12.0,77,0.00
2023-05-02T21:00,11.0,81,0.00
2023-05-02T22:00,10.0,84,0.00
2023-05-02T23:00,9.0,85,0.00
2023-05-03T00:00,8.9,86,0.00
2023-05-03T01:00,8.3,86,0.00
2023-05-03T02:00,7.6,87,0.00
2023-05-03T03:00,6.8,88,0.00
2023-05-03T04:00,6.2,89,0.00
2023-05-03T05:00,6.3,87,0.00
2023-05-03T06:00,7.8,84,0.00
2023-05-03T07:00,9.7,77,0.00
2023-05-03T08:00,11.7,72,0.00
2023-05-03T09:00,13.7,69,0.00
2023-05-03T10:00,15.6,66,0.00
2023-05-03T11:00,17.0,62,0.00
2023-05-03T12:00,18.5,53,0.00
2023-05-03T13:00,19.1,52,0.00
2023-05-03T14:00,19.4,51,0.00
2023-05-03T15:00,19.5,51,0.00
2023-05-03T16:00,19.2,52,0.00
2023-05-03T17:00,18.7,54,0.00
2023-05-03T18:00,17.4,62,0.00
2023-05-03T19:00,15.2,69,0.00
2023-05-03T20:00,13.7,73,0.00
2023-05-03T21:00,13.0,74,0.00
2023-05-03T22:00,12.3,76,0.00
2023-05-03T23:00,12.0,78,0.00
2023-05-04T00:00,12.2,77,0.00
2023-05-04T01:00,11.7,78,0.00
2023-05-04T02:00,11.5,79,0.00
2023-05-04T03:00,10.8,82,0.00
2023-05-04T04:00,10.4,83,0.00
2023-05-04T05:00,10.6,82,0.00
2023-05-04T06:00,12.2,78,0.00
2023-05-04T07:00,14.2,74,0.00
2023-05-04T08:00,16.3,70,0.00
2023-05-04T09:00,18.0,66,0.00
2023-05-04T10:00,19.9,62,0.00
2023-05-04T11:00,21.4,59,0.00
2023-05-04T12:00,22.4,51,0.00
2023-05-04T13:00,20.2,64,0.30
2023-05-04T14:00,22.2,58,0.00
2023-05-04T15:00,21.8,61,0.00
2023-05-04T16:00,21.7,56,0.00
2023-05-04T17:00,21.5,58,0.00
2023-05-04T18:00,20.0,61,0.00
2023-05-04T19:00,18.0,66,0.00
2023-05-04T20:00,16.1,73,0.00
2023-05-04T21:00,14.9,78,0.00
2023-05-04T22:00,14.4,79,0.00
2023-05-04T23:00,13.6,82,0.00
2023-05-05T00:00,14.0,81,0.00
2023-05-05T01:00,13.4,85,0.00
2023-05-05T02:00,12.1,91,0.00
2023-05-05T03:00,12.0,92,0.00
2023-05-05T04:00,12.5,91,0.00
2023-05-05T05:00,12.7,89,0.40
2023-05-05T06:00,13.0,90,0.90
2023-05-05T07:00,13.5,91,0.30
2023-05-05T08:00,14.0,90,0.30
2023-05-05T09:00,15.2,85,0.10
2023-05-05T10:00,16.2,77,0.00
2023-05-05T11:00,18.3,61,0.10
2023-05-05T12:00,15.1,77,0.00
2023-05-05T13:00,16.3,74,0.00
2023-05-05T14:00,18.6,67,0.10
2023-05-05T15:00,17.2,70,3.60
2023-05-05T16:00,17.7,70,0.00
2023-05-05T17:00,18.2,62,0.00
2023-05-05T18:00,17.1,71,0.00
2023-05-05T19:00,15.4,80,0.00
2023-05-05T20:00,13.9,87,0.00
2023-05-05T21:00,12.9,91,0.00
2023-05-05T22:00,12.6,93,0.00
2023-05-05T23:00,12.5,92,0.00
2023-05-06T00:00,12.6,94,0.00
2023-05-06T01:00,12.2,94,0.20
2023-05-06T02:00,12.3,93,0.00
2023-05-06T03:00,11.5,96,0.00
2023-05-06T04:00,11.2,96,0.00
2023-05-06T05:00,11.2,97,0.00
2023-05-06T06:00,12.4,95,0.00
2023-05-06T07:00,13.5,93,0.20
2023-05-06T08:00,14.8,90,0.00
2023-05-06T09:00,16.6,77,0.00
2023-05-06T10:00,17.9,67,0.00
2023-05-06T11:00,18.9,61,0.00
2023-05-06T12:00,18.6,65,0.00
2023-05-06T13:00,17.2,80,2.60
2023-05-06T14:00,17.8,77,1.60
2023-05-06T15:00,19.1,70,0.00
2023-05-06T16:00,19.5,69,0.10
2023-05-06T17:00,19.3,69,0.10
2023-05-06T18:00,17.8,81,1.10
2023-05-06T19:00,16.3,89,0.00
2023-05-06T20:00,15.2,91,0.10
2023-05-06T21:00,14.7,92,0.90
2023-05-06T22:00,14.8,94,1.10
2023-05-06T23:00,14.3,95,1.10
2023-05-07T00:00,13.8,97,3.90
2023-05-07T01:00,13.8,97,1.80
2023-05-07T02:00,13.4,97,0.40
2023-05-07T03:00,13.5,96,0.20
2023-05-07T04:00,13.4,96,1.20
2023-05-07T05:00,13.5,97,0.70
2023-05-07T06:00,13.7,96,0.60
2023-05-07T07:00,14.2,93,0.20
2023-05-07T08:00,15.0,92,0.00
2023-05-07T09:00,15.5,87,0.20
2023-05-07T10:00,16.7,82,0.00
2023-05-07T11:00,18.0,79,0.10
2023-05-07T12:00,16.0,87,0.20
2023-05-07T13:00,17.0,84,0.40
2023-05-07T14:00,18.2,79,0.50
2023-05-07T15:00,18.1,76,0.20
2023-05-07T16:00,16.3,85,1.30
2023-05-07T17:00,16.7,83,0.10
2023-05-07T18:00,16.4,84,0.10
2023-05-07T19:00,15.2,89,0.00
2023-05-07T20:00,13.7,93,0.00
2023-05-07T21:00,12.8,94,0.00
2023-05-07T22:00,11.5,96,0.00
2023-05-07T23:00,10.9,98,0.00
2023-05-08T00:00,11.4,97,0.00
2023-05-08T01:00,10.9,98,0.00
2023-05-08T02:00,10.8,98,0.00
2023-05-08T03:00,10.7,98,0.00
2023-05-08T04:00,10.3,99,0.00
2023-05-08T05:00,10.1,99,0.00
2023-05-08T06:00,10.3,99,0.00
2023-05-08T07:00,10.8,95,0.00
2023-05-08T08:00,12.3,88,0.00
2023-05-08T09:00,14.4,80,0.00
2023-05-08T10:00,16.5,69,0.00
2023-05-08T11:00,18.0,66,0.00
2023-05-08T12:00,17.5,71,0.00
2023-05-08T13:00,18.1,67,0.10
2023-05-08T14:00,18.6,65,0.00
2023-05-08T15:00,18.5,66,0.00
2023-05-08T16:00,18.5,66,0.00
2023-05-08T17:00,18.2,68,0.00
2023-05-08T18:00,17.6,74,0.00
2023-05-08T19:00,16.6,79,0.00
2023-05-08T20:00,15.4,84,0.00
2023-05-08T21:00,14.4,87,0.00
2023-05-08T22:00,14.1,86,0.00
2023-05-08T23:00,13.6,85,0.00
2023-05-09T00:00,14.3,82,0.00
2023-05-09T01:00,14.2,84,0.40
2023-05-09T02:00,13.9,87,0.50
2023-05-09T03:00,13.8,90,0.40
2023-05-09T04:00,13.6,91,0.40
2023-05-09T05:00,13.3,92,0.60
2023-05-09T06:00,13.3,92,1.00
2023-05-09T07:00,13.4,92,1.10
2023-05-09T08:00,13.8,91,0.70
2023-05-09T09:00,13.9,91,1.50
2023-05-09T10:00,13.9,90,2.30
2023-05-09T11:00,14.2,90,2.20
2023-05-09T12:00,14.4,88,1.70
2023-05-09T13:00,14.6,92,1.10
2023-05-09T14:00,14.7,88,0.50
2023-05-09T15:00,15.5,82,0.00
2023-05-09T16:00,17.0,78,0.10
2023-05-09T17:00,14.7,79,1.30
2023-05-09T18:00,14.2,87,0.10
2023-05-09T19:00,13.7,90,0.00
2023-05-09T20:00,12.7,92,1.00
2023-05-09T21:00,12.4,93,0.00
2023-05-09T22:00,12.0,93,0.00
2023-05-09T23:00,11.6,90,0.00
2023-05-10T00:00,10.6,88,0.00
2023-05-10T01:00,9.5,90,0.00
2023-05-10T02:00,9.1,91,0.00
2023-05-10T03:00,9.3,89,0.00
2023-05-10T04:00,9.4,90,0.20
2023-05-10T05:00,9.5,89,0.70
2023-05-10T06:00,9.9,87,0.70
2023-05-10T07:00,10.9,88,0.00
2023-05-10T08:00,12.2,84,0.10
2023-05-10T09:00,13.3,79,0.10
2023-05-10T10:00,12.4,82,0.40
2023-05-10T11:00,13.4,84,0.10
2023-05-10T12:00,13.7,85,0.10
2023-05-10T13:00,15.2,71,0.10
2023-05-10T14:00,16.5,65,0.10
2023-05-10T15:00,17.2,61,0.00
2023-05-10T16:00,15.7,66,0.70
2023-05-10T17:00,14.6,74,0.10
2023-05-10T18:00,14.2,75,0.00
2023-05-10T19:00,12.9,81,0.00
2023-05-10T20:00,11.3,88,0.00
2023-05-10T21:00,10.4,91,0.00
2023-05-10T22:00,9.8,93,0.00
2023-05-10T23:00,9.4,95,0.00
2023-05-11T00:00,10.4,93,0.00
2023-05-11T01:00,9.9,94,0.10
2023-05-11T02:00,9.4,95,0.00
2023-05-11T03:00,9.0,95,0.00
2023-05-11T04:00,8.7,94,0.00
2023-05-11T05:00,8.6,94,0.00
2023-05-11T06:00,9.7,93,0.00
2023-05-11T07:00,11.1,87,0.00
2023-05-11T08:00,12.3,81,0.00
2023-05-11T09:00,13.7,73,0.20
2023-05-11T10:00,14.9,68,0.00
2023-05-11T11:00,15.8,64,0.00
2023-05-11T12:00,15.1,64,0.00
2023-05-11T13:00,16.5,57,0.10
2023-05-11T14:00,15.6,60,0.20
2023-05-11T15:00,13.9,78,2.80
2023-05-11T16:00,13.6,82,0.30
2023-05-11T17:00,13.3,80,1.30
2023-05-11T18:00,13.5,79,0.00
2023-05-11T19:00,12.0,88,0.00
2023-05-11T20:00,12.0,86,0.00
2023-05-11T21:00,10.2,89,0.00
2023-05-11T22:00,9.2,91,0.00
2023-05-11T23:00,8.8,92,0.00
2023-05-12T00:00,10.2,93,0.00
2023-05-12T01:00,9.8,93,0.10
2023-05-12T02:00,9.5,93,0.00
2023-05-12T03:00,8.7,94,0.00
2023-05-12T04:00,8.7,95,0.00
2023-05-12T05:00,8.9,95,0.00
2023-05-12T06:00,9.9,93,0.00
2023-05-12T07:00,11.3,88,0.00
2023-05-12T08:00,13.2,78,0.00
2023-05-12T09:00,14.2,75,0.10
2023-05-12T10:00,14.4,75,0.10
2023-05-12T11:00,14.7,73,0.10
2023-05-12T12:00,12.9,81,0.50
2023-05-12T13:00,13.4,78,0.40
2023-05-12T14:00,13.6,76,0.10
2023-05-12T15:00,13.1,78,0.10
2023-05-12T16:00,13.7,75,0.00
2023-05-12T17:00,14.1,71,0.00
2023-05-12T18:00,13.6,76,0.00
2023-05-12T19:00,12.3,84,0.00
2023-05-12T20:00,11.2,89,0.00
2023-05-12T21:00,10.0,93,0.00
2023-05-12T22:00,9.8,94,0.00
2023-05-12T23:00,10.0,94,0.00
2023-05-13T00:00,11.5,91,0.00
2023-05-13T01:00,11.5,94,1.60
2023-05-13T02:00,11.6,93,0.30
2023-05-13T03:00,11.3,95,0.00
2023-05-13T04:00,10.7,95,0.00
2023-05-13T05:00,10.8,95,0.00
2023-05-13T06:00,12.0,93,0.00
2023-05-13T07:00,13.5,90,0.00
2023-05-13T08:00,15.1,84,0.00
2023-05-13T09:00,16.6,79,0.00
2023-05-13T10:00,18.2,73,0.00
2023-05-13T11:00,19.3,67,0.20
2023-05-13T12:00,19.0,68,0.10
2023-05-13T13:00,20.4,59,0.00
2023-05-13T14:00,19.7,55,0.10
2023-05-13T15:00,17.5,66,0.90
2023-05-13T16:00,17.8,66,0.00
2023-05-13T17:00,18.4,66,0.00
2023-05-13T18:00,15.5,79,1.30
2023-05-13T19:00,14.5,82,0.00
2023-05-13T20:00,13.2,86,0.00
2023-05-13T21:00,12.7,89,0.00
2023-05-13T22:00,12.0,90,0.00
2023-05-13T23:00,11.1,92,0.00
2023-05-14T00:00,10.3,94,0.00
2023-05-14T01:00,9.7,94,0.00
2023-05-14T02:00,9.0,95,0.00
2023-05-14T03:00,8.5,96,0.00
2023-05-14T04:00,8.2,97,0.00
2023-05-14T05:00,8.3,97,0.00
2023-05-14T06:00,9.5,92,0.00
2023-05-14T07:00,11.4,83,0.00
2023-05-14T08:00,13.1,79,0.00
2023-05-14T09:00,14.4,76,0.00
2023-05-14T10:00,16.1,73,0.00
2023-05-14T11:00,17.8,68,0.00
2023-05-14T12:00,15.7,71,0.00
2023-05-14T13:00,17.8,63,0.00
2023-05-14T14:00,18.6,59,0.10
2023-05-14T15:00,18.9,56,0.00
2023-05-14T16:00,18.8,54,0.00
2023-05-14T17:00,18.3,56,0.00
2023-05-14T18:00,17.1,66,0.00
2023-05-14T19:00,15.2,78,0.00
2023-05-14T20:00,12.8,88,0.00
2023-05-14T21:00,11.8,91,0.00
2023-05-14T22:00,10.9,93,0.00
2023-05-14T23:00,10.1,94,0.00
2023-05-15T00:00,9.5,94,0.00
2023-05-15T01:00,9.2,95,0.00
2023-05-15T02:00,8.6,97,0.00
2023-05-15T03:00,7.9,98,0.00
2023-05-15T04:00,7.6,98,0.00
2023-05-15T05:00,8.3,99,0.00
2023-05-15T06:00,9.3,98,0.00
2023-05-15T07:00,10.8,92,0.00
2023-05-15T08:00,12.4,87,0.00
2023-05-15T09:00,13.8,82,0.00
2023-05-15T10:00,15.3,76,0.10
2023-05-15T11:00,16.0,72,0.00
2023-05-15T12:00,13.3,82,0.00
2023-05-15T13:00,13.5,86,1.20
2023-05-15T14:00,15.1,81,0.40
2023-05-15T15:00,13.3,85,1.00
2023-05-15T16:00,12.7,86,0.90
2023-05-15T17:00,11.8,88,0.50
2023-05-15T18:00,11.5,85,0.10
2023-05-15T19:00,11.1,83,0.00
2023-05-15T20:00,10.7,79,0.00
2023-05-15T21:00,10.1,78,0.00
2023-05-15T22:00,9.4,81,0.00
2023-05-15T23:00,8.0,86,0.00
2023-05-16T00:00,7.6,90,0.00
2023-05-16T01:00,6.9,91,0.00
2023-05-16T02:00,6.4,91,0.00
2023-05-16T03:00,5.9,92,0.00
2023-05-16T04:00,5.7,92,0.00
2023-05-16T05:00,6.1,91,0.00
2023-05-16T06:00,7.6,87,0.00
2023-05-16T07:00,9.3,80,0.00
2023-05-16T08:00,10.8,72,0.00
2023-05-16T09:00,12.1,61,0.00
2023-05-16T10:00,13.3,56,0.00
2023-05-16T11:00,14.7,49,0.00
2023-05-16T12:00,14.4,55,0.00
2023-05-16T13:00,14.9,51,0.00
2023-05-16T14:00,14.7,52,0.00
2023-05-16T15:00,15.1,49,0.00
2023-05-16T16:00,14.7,50,0.00
2023-05-16T17:00,14.4,54,0.00
2023-05-16T18:00,13.8,58,0.00
2023-05-16T19:00,12.0,65,0.00
2023-05-16T20:00,9.7,75,0.00
2023-05-16T21:00,8.6,82,0.00
2023-05-16T22:00,7.8,87,0.00
2023-05-16T23:00,7.6,89,0.00
2023-05-17T00:00,7.6,89,0.00
2023-05-17T01:00,7.5,91,0.00
2023-05-17T02:00,7.0,92,0.00
2023-05-17T03:00,6.5,94,0.00
2023-05-17T04:00,6.0,95,0.00
2023-05-17T05:00,6.4,94,0.00
2023-05-17T06:00,8.0,88,0.00
2023-05-17T07:00,9.7,81,0.00
2023-05-17T08:00,11.5,72,0.00
2023-05-17T09:00,13.1,63,0.00
2023-05-17T10:00,14.5,59,0.00
2023-05-17T11:00,15.6,55,0.10
2023-05-17T12:00,16.0,53,0.00
2023-05-17T13:00,16.1,51,0.00
2023-05-17T14:00,15.7,55,0.00
2023-05-17T15:00,15.9,55,0.00
2023-05-17T16:00,15.6,57,0.00
2023-05-17T17:00,15.3,59,0.00
2023-05-17T18:00,15.0,62,0.00
2023-05-17T19:00,13.3,66,0.00
2023-05-17T20:00,11.5,71,0.00
2023-05-17T21:00,10.5,74,0.00
2023-05-17T22:00,9.6,77,0.00
2023-05-17T23:00,9.1,77,0.00
2023-05-18T00:00,8.8,79,0.00
2023-05-18T01:00,8.2,82,0.00
2023-05-18T02:00,7.5,84,0.00
2023-05-18T03:00,7.0,86,0.00
2023-05-18T04:00,6.6,87,0.00
2023-05-18T05:00,7.0,85,0.00
2023-05-18T06:00,8.1,82,0.00
2023-05-18T07:00,9.4,78,0.00
2023-05-18T08:00,11.1,74,0.00
2023-05-18T09:00,12.9,66,0.00
2023-05-18T10:00,14.0,57,0.00
2023-05-18T11:00,14.6,54,0.00
2023-05-18T12:00,15.8,51,0.00
2023-05-18T13:00,16.4,49,0.00
2023-05-18T14:00,17.1,44,0.00
2023-05-18T15:00,17.0,45,0.00
2023-05-18T16:00,16.7,46,0.00
2023-05-18T17:00,16.0,48,0.00
2023-05-18T18:00,15.2,55,0.00
2023-05-18T19:00,13.6,60,0.00
2023-05-18T20:00,11.9,67,0.00
2023-05-18T21:00,11.1,70,0.00
2023-05-18T22:00,10.4,72,0.00
2023-05-18T23:00,9.8,74,0.00
2023-05-19T00:00,10.0,72,0.00
2023-05-19T01:00,9.0,77,0.00
2023-05-19T02:00,8.3,81,0.00
2023-05-19T03:00,7.7,85,0.00
2023-05-19T04:00,6.9,88,0.00
2023-05-19T05:00,7.5,86,0.00
2023-05-19T06:00,9.0,81,0.00
2023-05-19T07:00,10.7,76,0.00
2023-05-19T08:00,12.6,72,0.00
2023-05-19T09:00,14.5,67,0.00
2023-05-19T10:00,16.3,61,0.00
2023-05-19T11:00,17.4,50,0.00
2023-05-19T12:00,18.3,51,0.00
2023-05-19T13:00,19.1,45,0.00
2023-05-19T14:00,19.2,42,0.00
2023-05-19T15:00,18.1,48,0.00
2023-05-19T16:00,18.3,45,0.00
2023-05-19T17:00,17.9,47,0.00
2023-05-19T18:00,17.0,54,0.00
2023-05-19T19:00,15.8,57,0.00
2023-05-19T20:00,14.3,60,0.00
2023-05-19T21:00,13.6,61,0.00
2023-05-19T22:00,13.1,66,0.00
2023-05-19T23:00,12.9,72,0.00
2023-05-20T00:00,13.0,68,0.00
2023-05-20T01:00,12.8,68,0.00
2023-05-20T02:00,12.5,68,0.00
2023-05-20T03:00,12.2,68,0.00
2023-05-20T04:00,11.8,70,0.00
2023-05-20T05:00,11.9,71,0.00
2023-05-20T06:00,12.0,73,0.00
2023-05-20T07:00,12.7,73,0.00
2023-05-20T08:00,13.7,72,0.00
2023-05-20T09:00,15.9,68,0.00
2023-05-20T10:00,18.1,59,0.00
2023-05-20T11:00,18.8,54,0.00
2023-05-20T12:00,19.6,52,0.00
2023-05-20T13:00,19.9,51,0.00
2023-05-20T14:00,19.9,51,0.00
2023-05-20T15:00,20.0,51,0.00
2023-05-20T16:00,19.7,55,0.00
2023-05-20T17:00,19.6,55,0.00
2023-05-20T18:00,18.5,61,0.00
2023-05-20T19:00,17.4,66,0.00
2023-05-20T20:00,15.9,71,0.00
2023-05-20T21:00,16.3,69,0.00
2023-05-20T22:00,15.1,74,0.00
2023-05-20T23:00,14.2,78,0.00
2023-05-21T00:00,14.0,78,0.00
2023-05-21T01:00,13.6,80,0.00
2023-05-21T02:00,13.2,82,0.00
2023-05-21T03:00,12.5,84,0.00
2023-05-21T04:00,12.2,85,0.00
2023-05-21T05:00,12.6,83,0.00
2023-05-21T06:00,13.3,82,0.00
2023-05-21T07:00,14.4,79,0.00
2023-05-21T08:00,16.2,74,0.00
2023-05-21T09:00,17.8,68,0.00
2023-05-21T10:00,19.0,61,0.00
2023-05-21T11:00,19.9,58,0.00
2023-05-21T12:00,20.1,56,0.00
2023-05-21T13:00,20.4,56,0.00
2023-05-21T14:00,20.9,54,0.00
2023-05-21T15:00,21.0,54,0.00
2023-05-21T16:00,20.4,59,0.00
2023-05-21T17:00,20.2,59,0.00
2023-05-21T18:00,19.5,66,0.00
2023-05-21T19:00,17.8,76,0.00
2023-05-21T20:00,16.5,80,0.00
2023-05-21T21:00,15.3,83,0.00
2023-05-21T22:00,14.3,84,0.00
2023-05-21T23:00,13.5,84,0.00
2023-05-22T00:00,13.0,84,0.00
2023-05-22T01:00,12.7,83,0.00
2023-05-22T02:00,12.2,83,0.00
2023-05-22T03:00,12.0,83,0.00
2023-05-22T04:00,11.4,85,0.00
2023-05-22T05:00,11.6,86,0.00
2023-05-22T06:00,12.5,82,0.00
2023-05-22T07:00,13.7,79,0.00
2023-05-22T08:00,15.2,76,0.00
2023-05-22T09:00,16.8,72,0.00
2023-05-22T10:00,18.6,67,0.00
2023-05-22T11:00,19.5,64,0.00
2023-05-22T12:00,21.0,61,0.00
2023-05-22T13:00,20.5,63,0.00
2023-05-22T14:00,21.4,61,0.00
2023-05-22T15:00,20.3,63,0.00
2023-05-22T16:00,19.8,65,0.00
2023-05-22T17:00,19.0,67,0.00
2023-05-22T18:00,17.9,71,0.00
2023-05-22T19:00,16.9,75,0.00
2023-05-22T20:00,16.4,76,0.00
2023-05-22T21:00,15.8,79,0.00
2023-05-22T22:00,15.4,80,0.00
2023-05-22T23:00,15.1,80,0.00
2023-05-23T00:00,15.0,81,0.00
2023-05-23T01:00,14.1,82,0.00
2023-05-23T02:00,12.2,90,0.00
2023-05-23T03:00,11.3,92,0.00
2023-05-23T04:00,11.6,88,0.00
2023-05-23T05:00,11.4,88,0.00
2023-05-23T06:00,11.7,87,0.00
2023-05-23T07:00,12.7,84,0.00
2023-05-23T08:00,13.9,80,0.00
2023-05-23T09:00,15.5,72,0.00
2023-05-23T10:00,17.6,63,0.00
2023-05-23T11:00,19.1,56,0.00
2023-05-23T12:00,16.6,68,0.00
2023-05-23T13:00,16.9,66,0.00
2023-05-23T14:00,18.0,59,0.00
2023-05-23T15:00,18.3,57,0.00
2023-05-23T16:00,17.4,59,0.00
2023-05-23T17:00,16.8,58,0.00
2023-05-23T18:00,15.9,59,0.00
2023-05-23T19:00,14.3,65,0.00
2023-05-23T20:00,12.9,66,0.00
2023-05-23T21:00,11.5,68,0.00
2023-05-23T22:00,10.6,71,0.00
2023-05-23T23:00,9.8,72,0.00
2023-05-24T00:00,9.3,75,0.00
2023-05-24T01:00,8.6,78,0.00
2023-05-24T02:00,8.2,80,0.00
2023-05-24T03:00,7.7,81,0.00
2023-05-24T04:00,7.4,82,0.00
2023-05-24T05:00,7.8,81,0.00
2023-05-24T06:00,8.9,78,0.00
2023-05-24T07:00,10.4,73,0.00
2023-05-24T08:00,12.2,67,0.00
2023-05-24T09:00,13.8,59,0.00
2023-05-24T10:00,15.3,54,0.00
2023-05-24T11:00,16.7,49,0.00
2023-05-24T12:00,18.1,43,0.00
2023-05-24T13:00,18.9,43,0.00
2023-05-24T14:00,18.9,44,0.00
2023-05-24T15:00,18.7,44,0.00
2023-05-24T16:00,18.3,46,0.00
2023-05-24T17:00,17.3,50,0.00
2023-05-24T18:00,16.7,53,0.00
2023-05-24T19:00,15.4,61,0.00
2023-05-24T20:00,13.6,68,0.00
2023-05-24T21:00,13.0,72,0.00
2023-05-24T22:00,12.2,77,0.00
2023-05-24T23:00,11.3,83,0.00
2023-05-25T00:00,11.8,84,0.00
2023-05-25T01:00,11.8,82,0.00
2023-05-25T02:00,11.8,80,0.00
2023-05-25T03:00,11.4,80,0.00
2023-05-25T04:00,9.9,86,0.00
2023-05-25T05:00,10.1,84,0.00
2023-05-25T06:00,11.3,80,0.00
2023-05-25T07:00,12.8,74,0.00
2023-05-25T08:00,14.5,67,0.00
2023-05-25T09:00,16.1,59,0.00
2023-05-25T10:00,17.4,53,0.00
2023-05-25T11:00,18.3,51,0.00
2023-05-25T12:00,19.5,44,0.00
2023-05-25T13:00,20.0,46,0.00
2023-05-25T14:00,20.1,50,0.00
2023-05-25T15:00,20.1,51,0.00
2023-05-25T16:00,20.0,51,0.00
2023-05-25T17:00,19.4,54,0.00
2023-05-25T18:00,18.4,58,0.00
2023-05-25T19:00,16.9,64,0.00
2023-05-25T20:00,15.4,67,0.00
2023-05-25T21:00,14.4,70,0.00
2023-05-25T22:00,13.4,73,0.00
2023-05-25T23:00,12.6,75,0.00
2023-05-26T00:00,12.7,76,0.00
2023-05-26T01:00,12.1,78,0.00
2023-05-26T02:00,11.1,83,0.00
2023-05-26T03:00,10.3,87,0.00
2023-05-26T04:00,9.7,90,0.00
2023-05-26T05:00,10.2,87,0.00
2023-05-26T06:00,11.5,82,0.00
2023-05-26T07:00,13.0,77,0.00
2023-05-26T08:00,14.8,72,0.00
2023-05-26T09:00,16.6,68,0.00
2023-05-26T10:00,18.1,64,0.00
2023-05-26T11:00,19.3,60,0.00
2023-05-26T12:00,20.5,54,0.00
2023-05-26T13:00,21.1,54,0.00
2023-05-26T14:00,21.4,53,0.00
2023-05-26T15:00,21.2,54,0.00
2023-05-26T16:00,20.7,53,0.00
2023-05-26T17:00,19.9,55,0.00
2023-05-26T18:00,18.9,58,0.00
2023-05-26T19:00,17.4,63,0.00
2023-05-26T20:00,15.8,68,0.00
2023-05-26T21:00,15.0,70,0.00
2023-05-26T22:00,14.3,72,0.00
2023-05-26T23:00,13.7,73,0.00
2023-05-27T00:00,13.5,72,0.00
2023-05-27T01:00,12.8,72,0.00
2023-05-27T02:00,12.1,71,0.00
2023-05-27T03:00,11.6,69,0.00
2023-05-27T04:00,11.2,69,0.00
2023-05-27T05:00,11.6,70,0.00
2023-05-27T06:00,12.8,69,0.00
2023-05-27T07:00,14.4,66,0.00
2023-05-27T08:00,16.2,63,0.00
2023-05-27T09:00,17.9,61,0.00
2023-05-27T10:00,19.6,58,0.00
2023-05-27T11:00,21.1,55,0.00
2023-05-27T12:00,22.3,50,0.00
2023-05-27T13:00,23.0,50,0.00
2023-05-27T14:00,23.5,50,0.00
2023-05-27T15:00,23.6,50,0.00
2023-05-27T16:00,23.1,51,0.00
2023-05-27T17:00,22.5,52,0.00
2023-05-27T18:00,22.2,54,0.00
2023-05-27T19:00,20.2,65,0.00
2023-05-27T20:00,17.8,74,0.00
2023-05-27T21:00,16.9,77,0.00
2023-05-27T22:00,16.3,77,0.00
2023-05-27T23:00,15.5,78,0.00
2023-05-28T00:00,15.0,72,0.00
2023-05-28T01:00,14.1,72,0.00
2023-05-28T02:00,13.4,73,0.00
2023-05-28T03:00,12.7,77,0.00
2023-05-28T04:00,12.0,81,0.00
2023-05-28T05:00,12.6,80,0.00
2023-05-28T06:00,13.9,78,0.00
2023-05-28T07:00,15.9,72,0.00
2023-05-28T08:00,18.2,66,0.00
2023-05-28T09:00,20.4,60,0.00
2023-05-28T10:00,22.4,51,0.00
2023-05-28T11:00,23.7,44,0.00
2023-05-28T12:00,24.6,42,0.00
2023-05-28T13:00,25.0,42,0.00
2023-05-28T14:00,25.4,42,0.00
2023-05-28T15:00,25.4,40,0.00
2023-05-28T16:00,24.8,40,0.00
2023-05-28T17:00,24.0,43,0.00
2023-05-28T18:00,22.7,49,0.00
2023-05-28T19:00,20.9,55,0.00
2023-05-28T20:00,19.5,56,0.00
2023-05-28T21:00,18.4,60,0.00
2023-05-28T22:00,17.6,64,0.00
2023-05-28T23:00,16.8,67,0.00
2023-05-29T00:00,16.5,66,0.00
2023-05-29T01:00,15.6,67,0.00
2023-05-29T02:00,14.6,69,0.00
2023-05-29T03:00,13.7,72,0.00
2023-05-29T04:00,13.1,75,0.00
2023-05-29T05:00,13.2,77,0.00
2023-05-29T06:00,14.0,77,0.00
2023-05-29T07:00,15.2,74,0.00
2023-05-29T08:00,16.8,69,0.00
2023-05-29T09:00,18.3,64,0.00
2023-05-29T10:00,19.9,59,0.00
2023-05-29T11:00,21.3,55,0.00
2023-05-29T12:00,22.2,53,0.00
2023-05-29T13:00,22.9,51,0.00
2023-05-29T14:00,23.3,50,0.00
2023-05-29T15:00,23.0,52,0.00
2023-05-29T16:00,22.4,53,0.00
2023-05-29T17:00,21.5,55,0.00
2023-05-29T18:00,20.2,57,0.00
2023-05-29T19:00,18.7,61,0.00
2023-05-29T20:00,17.2,62,0.00
2023-05-29T21:00,16.2,62,0.00
2023-05-29T22:00,15.3,61,0.00
2023-05-29T23:00,14.5,59,0.00
2023-05-30T00:00,13.9,61,0.00
2023-05-30T01:00,13.4,60,0.00
2023-05-30T02:00,12.7,62,0.00
2023-05-30T03:00,12.0,65,0.00
2023-05-30T04:00,11.5,65,0.00
2023-05-30T05:00,11.7,64,0.00
2023-05-30T06:00,12.5,62,0.00
2023-05-30T07:00,13.7,59,0.00
2023-05-30T08:00,15.3,57,0.00
2023-05-30T09:00,16.9,55,0.00
2023-05-30T10:00,18.6,53,0.00
2023-05-30T11:00,19.9,51,0.00
2023-05-30T12:00,21.3,47,0.00
2023-05-30T13:00,21.6,44,0.00
2023-05-30T14:00,21.7,41,0.00
2023-05-30T15:00,21.4,39,0.00
2023-05-30T16:00,20.9,40,0.00
2023-05-30T17:00,20.2,41,0.00
2023-05-30T18:00,19.2,44,0.00
2023-05-30T19:00,17.9,50,0.00
2023-05-30T20:00,16.7,56,0.00
2023-05-30T21:00,16.1,60,0.00
2023-05-30T22:00,15.5,64,0.00
2023-05-30T23:00,14.9,67,0.00
2023-05-31T00:00,13.4,79,0.00
2023-05-31T01:00,12.6,81,0.00
2023-05-31T02:00,12.3,82,0.00
2023-05-31T03:00,12.1,82,0.00
2023-05-31T04:00,11.8,83,0.00
2023-05-31T05:00,12.5,80,0.00
2023-05-31T06:00,14.0,75,0.00
2023-05-31T07:00,15.8,69,0.00
2023-05-31T08:00,17.9,61,0.00
2023-05-31T09:00,19.8,56,0.00
2023-05-31T10:00,21.4,51,0.00
2023-05-31T11:00,22.9,47,0.00
2023-05-31T12:00,23.8,47,0.00
2023-05-31T13:00,24.8,45,0.00
2023-05-31T14:00,25.5,40,0.00
2023-05-31T15:00,25.6,38,0.00
2023-05-31T16:00,25.7,36,0.00
2023-05-31T17:00,25.0,38,0.00
2023-05-31T18:00,24.0,43,0.00
2023-05-31T19:00,22.1,50,0.00
2023-05-31T20:00,20.7,51,0.00
2023-05-31T21:00,19.8,54,0.00
2023-05-31T22:00,18.9,56,0.00
2023-05-31T23:00,18.2,59,0.00
2023-06-01T00:00,17.1,63,0.00
2023-06-01T01:00,16.1,67,0.00
2023-06-01T02:00,15.3,71,0.00
2023-06-01T03:00,14.6,76,0.00
2023-06-01T04:00,14.0,82,0.00
2023-06-01T05:00,14.4,82,0.00
2023-06-01T06:00,15.5,79,0.00
2023-06-01T07:00,17.1,74,0.00
2023-06-01T08:00,19.1,67,0.00
2023-06-01T09:00,21.1,61,0.00
2023-06-01T10:00,22.9,55,0.00
2023-06-01T11:00,24.5,49,0.00
2023-06-01T12:00,25.5,47,0.00
2023-06-01T13:00,26.0,45,0.00
2023-06-01T14:00,26.0,45,0.00
2023-06-01T15:00,25.9,45,0.00
2023-06-01T16:00,25.2,46,0.00
2023-06-01T17:00,24.1,48,0.00
2023-06-01T18:00,22.7,50,0.00
2023-06-01T19:00,21.0,49,0.00
2023-06-01T20:00,19.2,51,0.00
2023-06-01T21:00,17.3,63,0.00
2023-06-01T22:00,15.0,70,0.00
2023-06-01T23:00,13.6,73,0.00
2023-06-02T00:00,12.4,77,0.00
2023-06-02T01:00,11.5,79,0.00
2023-06-02T02:00,10.7,83,0.00
2023-06-02T03:00,10.0,84,0.00
2023-06-02T04:00,9.6,85,0.00
2023-06-02T05:00,10.0,82,0.00
2023-06-02T06:00,11.2,76,0.00
2023-06-02T07:00,12.7,70,0.00
2023-06-02T08:00,14.3,64,0.00
2023-06-02T09:00,15.8,59,0.00
2023-06-02T10:00,17.2,54,0.00
2023-06-02T11:00,18.4,51,0.00
2023-06-02T12:00,18.8,52,0.00
2023-06-02T13:00,19.5,50,0.00
2023-06-02T14:00,19.9,49,0.00
2023-06-02T15:00,20.1,48,0.00
2023-06-02T16:00,19.8,50,0.00
2023-06-02T17:00,18.9,49,0.00
2023-06-02T18:00,18.1,50,0.00
2023-06-02T19:00,17.1,54,0.00
2023-06-02T20:00,15.7,59,0.00
2023-06-02T21:00,14.7,61,0.00
2023-06-02T22:00,13.8,65,0.00
2023-06-02T23:00,13.0,69,0.00
2023-06-03T00:00,12.4,74,0.00
2023-06-03T01:00,11.9,75,0.00
2023-06-03T02:00,11.4,76,0.00
2023-06-03T03:00,11.0,77,0.00
2023-06-03T04:00,10.6,78,0.00
2023-06-03T05:00,11.4,76,0.00
2023-06-03T06:00,13.0,71,0.00
2023-06-03T07:00,14.9,66,0.00
2023-06-03T08:00,16.9,61,0.00
2023-06-03T09:00,18.9,56,0.00
2023-06-03T10:00,20.7,51,0.00
2023-06-03T11:00,22.0,46,0.00
2023-06-03T12:00,23.0,44,0.00
2023-06-03T13:00,23.6,42,0.00
2023-06-03T14:00,24.0,41,0.00
2023-06-03T15:00,24.1,41,0.00
2023-06-03T16:00,23.8,41,0.00
2023-06-03T17:00,23.2,40,0.00
2023-06-03T18:00,22.4,43,0.00
2023-06-03T19:00,20.9,48,0.00
2023-06-03T20:00,19.2,51,0.00
2023-06-03T21:00,18.1,52,0.00
2023-06-03T22:00,17.4,52,0.00
2023-06-03T23:00,16.6,54,0.00
2023-06-04T00:00,16.2,56,0.00
2023-06-04T01:00,15.2,58,0.00
2023-06-04T02:00,14.4,59,0.00
2023-06-04T03:00,13.7,60,0.00
2023-06-04T04:00,13.2,60,0.00
2023-06-04T05:00,13.7,59,0.00
2023-06-04T06:00,15.1,58,0.00
2023-06-04T07:00,16.7,54,0.00
2023-06-04T08:00,18.7,50,0.00
2023-06-04T09:00,20.7,46,0.00
2023-06-04T10:00,22.5,41,0.00
2023-06-04T11:00,23.6,35,0.00
2023-06-04T12:00,24.5,32,0.00
2023-06-04T13:00,25.0,32,0.00
2023-06-04T14:00,25.3,32,0.00
2023-06-04T15:00,25.3,32,0.00
2023-06-04T16:00,24.9,32,0.00
2023-06-04T17:00,24.3,33,0.00
2023-06-04T18:00,23.3,35,0.00
2023-06-04T19:00,21.7,39,0.00
2023-06-04T20:00,20.0,40,0.00
2023-06-04T21:00,19.0,41,0.00
2023-06-04T22:00,18.0,43,0.00
2023-06-04T23:00,16.8,49,0.00
2023-06-05T00:00,15.8,60,0.00
2023-06-05T01:00,14.9,66,0.00
2023-06-05T02:00,14.2,68,0.00
2023-06-05T03:00,13.6,69,0.00
2023-06-05T04:00,13.1,71,0.00
2023-06-05T05:00,13.7,71,0.00
2023-06-05T06:00,14.9,71,0.00
2023-06-05T07:00,16.7,66,0.00
2023-06-05T08:00,18.8,58,0.00
2023-06-05T09:00,20.9,50,0.00
2023-06-05T10:00,22.8,44,0.00
2023-06-05T11:00,24.3,38,0.00
2023-06-05T12:00,25.1,34,0.00
2023-06-05T13:00,25.5,32,0.00
2023-06-05T14:00,25.5,33,0.00
2023-06-05T15:00,25.4,34,0.00
2023-06-05T16:00,25.4,34,0.00
2023-06-05T17:00,24.9,34,0.00
2023-06-05T18:00,23.6,37,0.00
2023-06-05T19:00,22.3,43,0.00
2023-06-05T20:00,20.6,45,0.00
2023-06-05T21:00,18.0,60,0.00
2023-06-05T22:00,16.5,66,0.00
2023-06-05T23:00,15.2,69,0.00
2023-06-06T00:00,14.4,75,0.00
2023-06-06T01:00,13.7,76,0.00
2023-06-06T02:00,13.1,77,0.00
2023-06-06T03:00,12.7,79,0.00
2023-06-06T04:00,12.2,81,0.00
2023-06-06T05:00,12.9,78,0.00
2023-06-06T06:00,13.8,76,0.00
2023-06-06T07:00,15.3,72,0.00
2023-06-06T08:00,17.4,66,0.00
2023-06-06T09:00,19.7,59,0.00
2023-06-06T10:00,21.3,54,0.00
2023-06-06T11:00,23.1,49,0.00
2023-06-06T12:00,24.1,49,0.00
2023-06-06T13:00,25.2,45,0.10
2023-06-06T14:00,25.5,39,0.00
2023-06-06T15:00,25.6,35,0.00
2023-06-06T16:00,25.4,36,0.00
2023-06-06T17:00,25.2,36,0.00
2023-06-06T18:00,24.5,37,0.00
2023-06-06T19:00,23.0,43,0.00
2023-06-06T20:00,21.2,47,0.00
2023-06-06T21:00,20.0,50,0.00
2023-06-06T22:00,19.0,55,0.00
2023-06-06T23:00,17.8,65,0.00
2023-06-07T00:00,16.8,75,0.00
2023-06-07T01:00,15.7,80,0.00
2023-06-07T02:00,14.9,83,0.00
2023-06-07T03:00,14.4,85,0.00
2023-06-07T04:00,13.9,87,0.00
2023-06-07T05:00,14.7,83,0.00
2023-06-07T06:00,16.3,76,0.00
2023-06-07T07:00,18.5,66,0.00
2023-06-07T08:00,20.9,55,0.00
2023-06-07T09:00,23.2,47,0.00
2023-06-07T10:00,24.9,43,0.00
2023-06-07T11:00,26.2,39,0.00
2023-06-07T12:00,26.4,42,0.00
2023-06-07T13:00,27.4,36,0.00
2023-06-07T14:00,27.3,35,0.00
2023-06-07T15:00,26.9,36,0.10
2023-06-07T16:00,26.1,36,0.00
2023-06-07T17:00,25.7,35,0.00
2023-06-07T18:00,24.9,35,0.00
2023-06-07T19:00,23.3,43,0.00
2023-06-07T20:00,21.3,50,0.00
2023-06-07T21:00,20.0,54,0.00
2023-06-07T22:00,18.9,58,0.00
2023-06-07T23:00,18.0,62,0.00
2023-06-08T00:00,17.5,67,0.00
2023-06-08T01:00,16.1,76,0.00
2023-06-08T02:00,15.4,81,0.00
2023-06-08T03:00,14.9,85,0.00
2023-06-08T04:00,14.4,88,0.00
2023-06-08T05:00,15.3,82,0.00
2023-06-08T06:00,16.8,76,0.00
2023-06-08T07:00,18.5,71,0.00
2023-06-08T08:00,20.4,66,0.00
2023-06-08T09:00,22.4,61,0.00
2023-06-08T10:00,23.9,51,0.00
2023-06-08T11:00,24.8,46,0.00
2023-06-08T12:00,25.6,43,0.00
2023-06-08T13:00,26.2,40,0.00
2023-06-08T14:00,26.8,38,0.00
2023-06-08T15:00,27.1,36,0.00
2023-06-08T16:00,27.0,36,0.00
2023-06-08T17:00,26.3,37,0.00
2023-06-08T18:00,25.6,38,0.00
2023-06-08T19:00,24.2,45,0.00
2023-06-08T20:00,22.0,52,0.00
2023-06-08T21:00,20.5,60,0.00
2023-06-08T22:00,19.6,64,0.00
2023-06-08T23:00,18.6,66,0.00
2023-06-09T00:00,17.8,68,0.00
2023-06-09T01:00,17.6,76,0.00
2023-06-09T02:00,16.7,79,0.00
2023-06-09T03:00,16.1,81,0.00
2023-06-09T04:00,15.7,82,0.00
2023-06-09T05:00,17.0,75,0.00
2023-06-09T06:00,18.8,69,0.00
2023-06-09T07:00,21.1,61,0.00
2023-06-09T08:00,23.3,56,0.00
2023-06-09T09:00,25.3,53,0.00
2023-06-09T10:00,26.8,48,0.00
2023-06-09T11:00,28.2,39,0.00
2023-06-09T12:00,28.8,33,0.00
2023-06-09T13:00,29.3,31,0.00
2023-06-09T14:00,29.9,30,0.00
2023-06-09T15:00,29.4,31,0.00
2023-06-09T16:00,29.3,31,0.00
2023-06-09T17:00,29.0,31,0.00
2023-06-09T18:00,27.8,36,0.00
2023-06-09T19:00,26.1,40,0.00
2023-06-09T20:00,24.4,43,0.00
2023-06-09T21:00,22.6,49,0.00
2023-06-09T22:00,20.9,57,0.00
2023-06-09T23:00,19.9,63,0.00
2023-06-10T00:00,20.5,70,0.00
2023-06-10T01:00,20.2,71,0.00
2023-06-10T02:00,19.2,76,0.00
2023-06-10T03:00,18.0,82,0.00
2023-06-10T04:00,17.5,85,0.00
2023-06-10T05:00,18.6,83,0.00
2023-06-10T06:00,20.2,80,0.00
2023-06-10T07:00,21.8,76,0.00
2023-06-10T08:00,23.4,71,0.00
2023-06-10T09:00,25.0,62,0.00
2023-06-10T10:00,26.0,58,0.00
2023-06-10T11:00,26.4,56,0.00
2023-06-10T12:00,26.6,50,0.00
2023-06-10T13:00,26.3,53,0.90
2023-06-10T14:00,27.1,50,0.00
2023-06-10T15:00,28.0,47,0.00
2023-06-10T16:00,25.8,55,0.10
2023-06-10T17:00,24.8,58,0.00
2023-06-10T18:00,25.2,57,0.00
2023-06-10T19:00,24.5,61,0.00
2023-06-10T20:00,22.8,71,0.00
2023-06-10T21:00,22.2,75,0.00
2023-06-10T22:00,21.6,76,0.00
2023-06-10T23:00,21.3,79,0.00
2023-06-11T00:00,20.4,91,0.00
2023-06-11T01:00,19.6,94,4.70
2023-06-11T02:00,18.5,97,5.60
2023-06-11T03:00,18.5,96,1.90
2023-06-11T04:00,18.7,92,0.40
2023-06-11T05:00,18.7,91,0.40
2023-06-11T06:00,19.3,89,0.00
2023-06-11T07:00,20.3,86,0.00
2023-06-11T08:00,21.6,81,0.00
2023-06-11T09:00,22.8,76,0.10
2023-06-11T10:00,23.4,74,0.20
2023-06-11T11:00,23.7,72,0.30
2023-06-11T12:00,25.0,63,0.40
2023-06-11T13:00,24.4,64,0.10
2023-06-11T14:00,24.9,64,0.10
2023-06-11T15:00,21.7,77,5.40
2023-06-11T16:00,20.7,84,4.50
2023-06-11T17:00,21.4,81,0.10
2023-06-11T18:00,22.0,79,0.00
2023-06-11T19:00,21.9,80,0.00
2023-06-11T20:00,20.7,85,0.00
2023-06-11T21:00,19.7,88,0.00
2023-06-11T22:00,19.2,88,0.00
2023-06-11T23:00,18.3,90,0.00
2023-06-12T00:00,17.9,91,0.00
2023-06-12T01:00,17.5,91,0.10
2023-06-12T02:00,17.3,90,0.10
2023-06-12T03:00,16.9,91,0.00
2023-06-12T04:00,16.6,90,0.00
2023-06-12T05:00,16.5,89,0.00
2023-06-12T06:00,17.4,85,0.00
2023-06-12T07:00,19.0,79,0.00
2023-06-12T08:00,20.9,73,0.00
2023-06-12T09:00,22.8,67,0.00
2023-06-12T10:00,24.3,64,0.00
2023-06-12T11:00,25.2,61,0.10
2023-06-12T12:00,25.2,59,0.10
2023-06-12T13:00,25.8,59,0.10
2023-06-12T14:00,26.0,59,0.10
2023-06-12T15:00,25.9,58,0.10
2023-06-12T16:00,25.0,63,0.10
2023-06-12T17:00,25.1,63,0.10
2023-06-12T18:00,21.1,79,0.00
2023-06-12T19:00,21.0,79,0.00
2023-06-12T20:00,20.1,86,0.00
2023-06-12T21:00,19.5,90,0.00
2023-06-12T22:00,19.1,91,0.00
2023-06-12T23:00,18.4,89,0.00
2023-06-13T00:00,18.1,92,0.00
2023-06-13T01:00,17.5,93,0.00
2023-06-13T02:00,16.8,94,0.00
2023-06-13T03:00,15.9,95,0.00
2023-06-13T04:00,15.3,94,0.00
2023-06-13T05:00,16.9,86,0.00
2023-06-13T06:00,18.9,76,0.00
2023-06-13T07:00,20.9,64,0.00
2023-06-13T08:00,22.6,55,0.00
2023-06-13T09:00,24.5,51,0.00
2023-06-13T10:00,26.3,46,0.00
2023-06-13T11:00,27.6,34,0.00
2023-06-13T12:00,27.7,34,0.00
2023-06-13T13:00,27.9,33,0.00
2023-06-13T14:00,27.9,33,0.00
2023-06-13T15:00,27.8,30,0.00
2023-06-13T16:00,27.5,29,0.00
2023-06-13T17:00,27.0,31,0.00
2023-06-13T18:00,26.2,37,0.00
2023-06-13T19:00,23.7,60,0.00
2023-06-13T20:00,21.0,62,0.00
2023-06-13T21:00,19.9,65,0.00
2023-06-13T22:00,18.9,64,0.00
2023-06-13T23:00,17.9,64,0.00
2023-06-14T00:00,17.9,66,0.00
2023-06-14T01:00,15.7,77,0.00
2023-06-14T02:00,14.8,80,0.00
2023-06-14T03:00,13.9,83,0.00
2023-06-14T04:00,13.4,83,0.00
2023-06-14T05:00,15.2,75,0.00
2023-06-14T06:00,17.0,70,0.00
2023-06-14T07:00,19.2,62,0.00
2023-06-14T08:00,21.8,55,0.00
2023-06-14T09:00,24.0,46,0.00
2023-06-14T10:00,25.7,37,0.00
2023-06-14T11:00,26.9,31,0.00
2023-06-14T12:00,27.5,30,0.00
2023-06-14T13:00,27.8,29,0.00
2023-06-14T14:00,28.1,29,0.00
2023-06-14T15:00,28.4,29,0.00
2023-06-14T16:00,27.9,29,0.00
2023-06-14T17:00,27.3,28,0.00
2023-06-14T18:00,26.5,31,0.00
2023-06-14T19:00,24.5,56,0.00
2023-06-14T20:00,25.1,34,0.00
2023-06-14T21:00,21.8,46,0.00
2023-06-14T22:00,19.3,57,0.00
2023-06-14T23:00,18.6,61,0.00
2023-06-15T00:00,18.1,63,0.00
2023-06-15T01:00,16.2,71,0.00
2023-06-15T02:00,15.1,77,0.00
2023-06-15T03:00,15.0,76,0.00
2023-06-15T04:00,15.5,72,0.00
2023-06-15T05:00,16.0,72,0.00
2023-06-15T06:00,17.4,68,0.00
2023-06-15T07:00,19.3,63,0.00
2023-06-15T08:00,21.6,55,0.00
2023-06-15T09:00,23.6,47,0.00
2023-06-15T10:00,25.0,43,0.00
2023-06-15T11:00,26.1,38,0.00
2023-06-15T12:00,27.1,33,0.00
2023-06-15T13:00,27.7,32,0.00
2023-06-15T14:00,27.8,32,0.00
2023-06-15T15:00,27.8,31,0.00
2023-06-15T16:00,27.3,32,0.00
2023-06-15T17:00,27.1,33,0.00
2023-06-15T18:00,26.5,33,0.00
2023-06-15T19:00,24.6,45,0.00
2023-06-15T20:00,21.4,59,0.00
2023-06-15T21:00,19.8,66,0.00
2023-06-15T22:00,18.7,67,0.00
2023-06-15T23:00,18.3,63,0.00
2023-06-16T00:00,17.4,66,0.00
2023-06-16T01:00,16.5,67,0.00
2023-06-16T02:00,15.0,73,0.00
2023-06-16T03:00,14.0,79,0.00
2023-06-16T04:00,13.5,83,0.00
2023-06-16T05:00,15.3,76,0.00
2023-06-16T06:00,17.2,70,0.00
2023-06-16T07:00,19.7,63,0.00
2023-06-16T08:00,22.1,54,0.00
2023-06-16T09:00,24.4,47,0.00
2023-06-16T10:00,26.2,36,0.00
2023-06-16T11:00,27.1,32,0.00
2023-06-16T12:00,27.7,29,0.00
2023-06-16T13:00,28.4,28,0.00
2023-06-16T14:00,28.8,27,0.00
2023-06-16T15:00,29.3,25,0.00
2023-06-16T16:00,28.9,26,0.00
2023-06-16T17:00,28.1,27,0.00
2023-06-16T18:00,27.2,29,0.00
2023-06-16T19:00,25.6,40,0.00
2023-06-16T20:00,23.0,45,0.00
2023-06-16T21:00,21.3,50,0.00
2023-06-16T22:00,20.0,54,0.00
2023-06-16T23:00,18.9,60,0.00
2023-06-17T00:00,19.0,63,0.00
2023-06-17T01:00,18.5,65,0.00
2023-06-17T02:00,18.1,67,0.00
2023-06-17T03:00,17.2,73,0.00
2023-06-17T04:00,17.1,71,0.00
2023-06-17T05:00,18.1,66,0.00
2023-06-17T06:00,19.7,62,0.00
2023-06-17T07:00,20.7,58,0.00
2023-06-17T08:00,22.5,53,0.00
2023-06-17T09:00,22.2,60,0.00
2023-06-17T10:00,24.0,57,0.00
2023-06-17T11:00,26.2,51,0.00
2023-06-17T12:00,30.1,33,0.00
2023-06-17T13:00,29.9,32,0.00
2023-06-17T14:00,30.1,32,0.00
2023-06-17T15:00,30.5,31,0.00
2023-06-17T16:00,30.3,32,0.00
2023-06-17T17:00,30.2,32,0.00
2023-06-17T18:00,28.4,37,0.00
2023-06-17T19:00,26.4,46,0.10
2023-06-17T20:00,26.0,47,0.00
2023-06-17T21:00,23.3,62,0.00
2023-06-17T22:00,22.1,64,0.00
2023-06-17T23:00,22.1,61,0.00
2023-06-18T00:00,20.5,80,0.00
2023-06-18T01:00,20.4,91,1.20
2023-06-18T02:00,19.6,91,0.90
2023-06-18T03:00,19.2,93,0.10
2023-06-18T04:00,17.7,96,0.00
2023-06-18T05:00,19.2,93,0.00
2023-06-18T06:00,19.7,92,0.20
2023-06-18T07:00,20.6,89,0.40
2023-06-18T08:00,21.5,85,0.00
2023-06-18T09:00,23.8,73,0.00
2023-06-18T10:00,24.9,67,0.00
2023-06-18T11:00,25.9,59,0.00
2023-06-18T12:00,27.6,50,0.40
2023-06-18T13:00,28.3,51,0.00
2023-06-18T14:00,29.6,45,0.00
2023-06-18T15:00,29.8,41,0.00
2023-06-18T16:00,27.7,44,0.00
2023-06-18T17:00,27.1,47,0.00
2023-06-18T18:00,26.1,58,0.60
2023-06-18T19:00,24.0,69,1.80
2023-06-18T20:00,21.9,79,0.00
2023-06-18T21:00,20.5,82,0.00
2023-06-18T22:00,19.5,86,0.00
2023-06-18T23:00,18.1,91,0.00
2023-06-19T00:00,18.0,93,0.00
2023-06-19T01:00,17.0,96,0.00
2023-06-19T02:00,16.4,95,0.00
2023-06-19T03:00,15.6,96,0.00
2023-06-19T04:00,14.9,97,0.00
2023-06-19T05:00,16.6,94,0.00
2023-06-19T06:00,17.6,91,0.00
2023-06-19T07:00,19.3,84,0.00
2023-06-19T08:00,21.1,72,0.00
2023-06-19T09:00,22.2,64,0.00
2023-06-19T10:00,23.7,56,0.00
2023-06-19T11:00,24.4,51,0.00
2023-06-19T12:00,23.9,58,0.00
2023-06-19T13:00,23.7,61,0.20
2023-06-19T14:00,24.0,60,0.00
2023-06-19T15:00,23.2,64,0.20
2023-06-19T16:00,22.3,68,0.20
2023-06-19T17:00,21.6,74,0.40
2023-06-19T18:00,21.3,78,0.00
2023-06-19T19:00,20.9,82,0.00
2023-06-19T20:00,19.9,91,0.00
2023-06-19T21:00,19.5,94,0.00
2023-06-19T22:00,19.3,94,0.00
2023-06-19T23:00,18.9,95,0.00
2023-06-20T00:00,19.1,95,0.00
2023-06-20T01:00,18.8,97,0.30
2023-06-20T02:00,18.4,95,0.10
2023-06-20T03:00,17.8,96,0.00
2023-06-20T04:00,17.8,95,0.00
2023-06-20T05:00,18.4,93,0.00
2023-06-20T06:00,19.2,89,0.00
2023-06-20T07:00,19.8,87,0.00
2023-06-20T08:00,21.4,83,0.30
2023-06-20T09:00,22.3,77,0.10
2023-06-20T10:00,23.5,69,0.00
2023-06-20T11:00,25.6,62,0.00
2023-06-20T12:00,26.2,61,0.10
2023-06-20T13:00,26.9,57,0.00
2023-06-20T14:00,27.1,55,0.10
2023-06-20T15:00,24.0,64,0.20
2023-06-20T16:00,23.0,72,0.20
2023-06-20T17:00,23.3,71,0.00
2023-06-20T18:00,23.4,70,0.00
2023-06-20T19:00,22.3,73,0.00
2023-06-20T20:00,20.7,80,0.00
2023-06-20T21:00,19.8,86,0.00
2023-06-20T22:00,18.9,91,0.00
2023-06-20T23:00,18.5,93,0.00
2023-06-21T00:00,17.9,91,0.00
2023-06-21T01:00,17.8,92,2.00
2023-06-21T02:00,17.9,93,0.10
2023-06-21T03:00,17.4,95,0.10
2023-06-21T04:00,16.1,98,0.00
2023-06-21T05:00,17.4,96,0.00
2023-06-21T06:00,18.3,92,0.00
2023-06-21T07:00,19.5,86,0.00
2023-06-21T08:00,20.8,81,0.00
2023-06-21T09:00,22.3,70,0.00
2023-06-21T10:00,23.3,65,0.10
2023-06-21T11:00,23.8,67,0.00
2023-06-21T12:00,25.5,50,0.10
2023-06-21T13:00,26.4,49,0.00
2023-06-21T14:00,26.9,49,0.00
2023-06-21T15:00,27.0,50,0.00
2023-06-21T16:00,26.2,51,0.00
2023-06-21T17:00,24.6,60,0.00
2023-06-21T18:00,24.1,63,0.00
2023-06-21T19:00,23.1,70,0.10
2023-06-21T20:00,22.0,73,0.10
2023-06-21T21:00,21.2,78,0.00
2023-06-21T22:00,19.7,85,0.10
2023-06-21T23:00,19.5,85,0.00
2023-06-22T00:00,19.0,89,0.80
2023-06-22T01:00,19.1,88,1.20
2023-06-22T02:00,18.6,87,0.20
2023-06-22T03:00,18.2,85,0.00
2023-06-22T04:00,17.8,83,0.00
2023-06-22T05:00,17.9,83,0.30
2023-06-22T06:00,17.9,88,0.40
2023-06-22T07:00,17.7,90,2.40
2023-06-22T08:00,17.6,91,3.20
2023-06-22T09:00,18.0,91,2.80
2023-06-22T10:00,18.6,91,2.60
2023-06-22T11:00,19.0,90,2.20
2023-06-22T12:00,20.6,76,1.20
2023-06-22T13:00,22.5,70,0.10
2023-06-22T14:00,23.7,63,0.00
2023-06-22T15:00,23.7,57,0.00
2023-06-22T16:00,22.9,54,0.00
2023-06-22T17:00,22.6,57,0.00
2023-06-22T18:00,22.3,62,0.00
2023-06-22T19:00,21.3,67,0.00
2023-06-22T20:00,19.5,71,0.00
2023-06-22T21:00,18.1,77,0.00
2023-06-22T22:00,17.0,84,0.00
2023-06-22T23:00,15.9,91,0.00
2023-06-23T00:00,15.5,93,0.00
2023-06-23T01:00,14.9,95,0.00
2023-06-23T02:00,14.2,96,0.00
2023-06-23T03:00,13.5,96,0.00
2023-06-23T04:00,13.1,96,0.00
2023-06-23T05:00,14.5,92,0.00
2023-06-23T06:00,16.2,87,0.00
2023-06-23T07:00,18.0,81,0.00
2023-06-23T08:00,19.7,76,0.00
2023-06-23T09:00,21.5,71,0.00
2023-06-23T10:00,22.8,65,0.00
2023-06-23T11:00,23.8,59,0.10
2023-06-23T12:00,25.4,49,0.00
2023-06-23T13:00,26.0,48,0.00
2023-06-23T14:00,26.4,46,0.00
2023-06-23T15:00,26.6,44,0.00
2023-06-23T16:00,26.5,43,0.00
2023-06-23T17:00,26.3,42,0.00
2023-06-23T18:00,25.5,49,0.00
2023-06-23T19:00,23.4,69,0.00
2023-06-23T20:00,20.5,74,0.00
2023-06-23T21:00,19.9,75,0.00
2023-06-23T22:00,18.8,79,0.00
2023-06-23T23:00,17.4,83,0.00
2023-06-24T00:00,18.1,75,0.00
2023-06-24T01:00,17.3,78,0.00
2023-06-24T02:00,16.1,85,0.00
2023-06-24T03:00,15.3,88,0.00
2023-06-24T04:00,14.6,92,0.00
2023-06-24T05:00,15.9,86,0.00
2023-06-24T06:00,17.4,81,0.00
2023-06-24T07:00,19.4,72,0.00
2023-06-24T08:00,21.4,62,0.00
2023-06-24T09:00,23.1,55,0.00
2023-06-24T10:00,24.2,55,0.00
2023-06-24T11:00,25.1,56,0.00
2023-06-24T12:00,26.7,48,0.00
2023-06-24T13:00,27.4,46,0.00
2023-06-24T14:00,27.7,44,0.00
2023-06-24T15:00,27.8,42,0.00
2023-06-24T16:00,27.7,41,0.00
2023-06-24T17:00,27.4,44,0.00
2023-06-24T18:00,26.7,49,0.00
2023-06-24T19:00,24.8,62,0.00
2023-06-24T20:00,22.3,70,0.00
2023-06-24T21:00,21.1,71,0.00
2023-06-24T22:00,20.2,74,0.00
2023-06-24T23:00,19.1,79,0.00
2023-06-25T00:00,18.4,86,0.00
2023-06-25T01:00,17.7,88,0.00
2023-06-25T02:00,16.6,90,0.00
2023-06-25T03:00,17.1,85,0.00
2023-06-25T04:00,16.9,85,0.00
2023-06-25T05:00,17.7,83,0.00
2023-06-25T06:00,19.5,78,0.00
2023-06-25T07:00,21.5,72,0.00
2023-06-25T08:00,23.5,67,0.00
2023-06-25T09:00,25.7,62,0.00
2023-06-25T10:00,27.8,53,0.00
2023-06-25T11:00,29.4,43,0.00
2023-06-25T12:00,30.9,35,0.00
2023-06-25T13:00,31.4,34,0.00
2023-06-25T14:00,31.5,32,0.00
2023-06-25T15:00,31.5,33,0.00
2023-06-25T16:00,31.2,35,0.00
2023-06-25T17:00,31.1,34,0.00
2023-06-25T18:00,29.9,40,0.00
2023-06-25T19:00,27.6,47,0.00
2023-06-25T20:00,25.7,50,0.00
2023-06-25T21:00,21.9,69,0.00
2023-06-25T22:00,21.0,65,0.00
2023-06-25T23:00,19.8,69,0.00
2023-06-26T00:00,19.1,75,0.00
2023-06-26T01:00,18.3,74,0.00
2023-06-26T02:00,17.2,75,0.00
2023-06-26T03:00,16.2,79,0.00
2023-06-26T04:00,15.4,84,0.00
2023-06-26T05:00,15.8,84,0.00
2023-06-26T06:00,16.9,77,0.00
2023-06-26T07:00,18.0,71,0.00
2023-06-26T08:00,19.3,62,0.00
2023-06-26T09:00,20.3,56,0.00
2023-06-26T10:00,20.8,51,0.00
2023-06-26T11:00,21.7,46,0.00
2023-06-26T12:00,22.6,45,0.00
2023-06-26T13:00,23.0,43,0.00
2023-06-26T14:00,23.2,42,0.00
2023-06-26T15:00,23.1,41,0.00
2023-06-26T16:00,22.7,40,0.00
2023-06-26T17:00,22.1,38,0.00
2023-06-26T18:00,21.3,40,0.00
2023-06-26T19:00,20.1,45,0.00
2023-06-26T20:00,18.4,52,0.00
2023-06-26T21:00,17.5,57,0.00
2023-06-26T22:00,16.6,62,0.00
2023-06-26T23:00,15.8,66,0.00
2023-06-27T00:00,15.8,68,0.00
2023-06-27T01:00,15.7,69,0.00
2023-06-27T02:00,14.5,76,0.00
2023-06-27T03:00,13.7,81,0.00
2023-06-27T04:00,13.4,84,0.00
2023-06-27T05:00,14.2,84,0.00
2023-06-27T06:00,15.8,79,0.00
2023-06-27T07:00,17.3,74,0.00
2023-06-27T08:00,18.5,67,0.00
2023-06-27T09:00,19.9,59,0.00
2023-06-27T10:00,20.7,53,0.00
2023-06-27T11:00,21.6,48,0.00
2023-06-27T12:00,23.2,42,0.00
2023-06-27T13:00,24.0,39,0.00
2023-06-27T14:00,24.0,39,0.00
2023-06-27T15:00,24.3,38,0.00
2023-06-27T16:00,24.6,38,0.00
2023-06-27T17:00,24.1,39,0.00
2023-06-27T18:00,23.5,41,0.00
2023-06-27T19:00,21.7,47,0.00
2023-06-27T20:00,20.1,53,0.00
2023-06-27T21:00,19.0,57,0.00
2023-06-27T22:00,17.9,62,0.00
2023-06-27T23:00,16.8,67,0.00
2023-06-28T00:00,16.1,74,0.00
2023-06-28T01:00,15.9,76,0.00
2023-06-28T02:00,15.9,79,0.00
2023-06-28T03:00,15.9,78,0.10
2023-06-28T04:00,15.4,82,0.80
2023-06-28T05:00,15.9,81,0.00
2023-06-28T06:00,17.0,78,0.00
2023-06-28T07:00,18.3,73,0.00
2023-06-28T08:00,19.9,67,0.00
2023-06-28T09:00,21.1,63,0.00
2023-06-28T10:00,22.1,58,0.00
2023-06-28T11:00,22.5,57,0.00
2023-06-28T12:00,24.6,50,0.00
2023-06-28T13:00,25.2,48,0.00
2023-06-28T14:00,25.0,49,0.00
2023-06-28T15:00,24.8,50,0.00
2023-06-28T16:00,24.6,51,0.00
2023-06-28T17:00,24.5,52,0.00
2023-06-28T18:00,24.3,52,0.00
2023-06-28T19:00,23.7,55,0.00
2023-06-28T20:00,22.9,60,0.00
2023-06-28T21:00,22.0,66,0.00
2023-06-28T22:00,21.4,69,0.00
2023-06-28T23:00,21.1,70,0.00
2023-06-29T00:00,19.5,83,0.00
2023-06-29T01:00,20.1,78,0.00
2023-06-29T02:00,19.8,80,0.00
2023-06-29T03:00,19.4,83,0.00
2023-06-29T04:00,19.1,85,0.10
2023-06-29T05:00,19.0,87,0.30
2023-06-29T06:00,19.4,85,0.10
2023-06-29T07:00,20.1,82,0.10
2023-06-29T08:00,21.3,76,0.10
2023-06-29T09:00,22.4,71,0.10
2023-06-29T10:00,23.4,65,0.30
2023-06-29T11:00,24.5,57,0.10
2023-06-29T12:00,23.1,69,0.00
2023-06-29T13:00,25.0,57,0.00
2023-06-29T14:00,25.1,52,0.00
2023-06-29T15:00,24.6,53,0.00
2023-06-29T16:00,22.5,61,0.10
2023-06-29T17:00,21.8,66,0.00
2023-06-29T18:00,21.4,66,0.00
2023-06-29T19:00,20.6,68,0.10
2023-06-29T20:00,19.7,70,0.20
2023-06-29T21:00,19.2,71,0.00
2023-06-29T22:00,18.7,75,0.00
2023-06-29T23:00,18.3,76,0.10
2023-06-30T00:00,16.7,84,0.00
2023-06-30T01:00,16.7,80,0.10
2023-06-30T02:00,16.4,81,0.10
2023-06-30T03:00,16.1,82,0.00
2023-06-30T04:00,15.6,85,0.00
2023-06-30T05:00,15.2,88,0.00
2023-06-30T06:00,15.8,85,0.00
2023-06-30T07:00,17.2,75,0.00
2023-06-30T08:00,18.8,64,0.00
2023-06-30T09:00,20.1,56,0.00
2023-06-30T10:00,21.3,49,0.00
2023-06-30T11:00,21.2,49,0.00
2023-06-30T12:00,22.4,43,0.00
2023-06-30T13:00,22.8,42,0.00
2023-06-30T14:00,24.4,36,0.00
2023-06-30T15:00,24.4,34,0.00
2023-06-30T16:00,23.8,34,0.00
2023-06-30T17:00,23.7,32,0.00
2023-06-30T18:00,22.3,38,0.00
2023-06-30T19:00,21.2,41,0.00
2023-06-30T20:00,20.3,46,0.00
2023-06-30T21:00,19.9,52,0.00
2023-06-30T22:00,19.4,58,0.00
2023-06-30T23:00,18.4,66,0.00
2023-07-01T00:00,17.0,81,0.00
2023-07-01T01:00,16.7,88,0.50
2023-07-01T02:00,16.8,88,0.30
2023-07-01T03:00,17.0,89,0.00
2023-07-01T04:00,16.9,92,0.40
2023-07-01T05:00,17.1,92,0.90
2023-07-01T06:00,17.5,91,0.30
2023-07-01T07:00,17.9,90,0.10
2023-07-01T08:00,18.8,85,0.00
2023-07-01T09:00,19.5,80,0.20
2023-07-01T10:00,21.5,65,0.00
2023-07-01T11:00,22.2,56,0.10
2023-07-01T12:00,22.0,60,0.00
2023-07-01T13:00,22.5,53,0.00
2023-07-01T14:00,22.3,53,0.00
2023-07-01T15:00,22.6,51,0.00
2023-07-01T16:00,22.0,53,0.00
2023-07-01T17:00,22.2,47,0.00
2023-07-01T18:00,21.5,48,0.00
2023-07-01T19:00,20.7,53,0.00
2023-07-01T20:00,19.2,60,0.00
2023-07-01T21:00,18.9,59,0.00
2023-07-01T22:00,18.6,59,0.00
2023-07-01T23:00,17.5,65,0.00
2023-07-02T00:00,16.2,75,0.00
2023-07-02T01:00,15.5,78,0.00
2023-07-02T02:00,15.2,79,0.00
2023-07-02T03:00,14.4,83,0.00
2023-07-02T04:00,13.8,85,0.00
2023-07-02T05:00,14.3,83,0.00
2023-07-02T06:00,15.6,75,0.00
2023-07-02T07:00,17.1,68,0.00
2023-07-02T08:00,18.2,62,0.00
2023-07-02T09:00,19.3,55,0.00
2023-07-02T10:00,20.5,48,0.00
2023-07-02T11:00,21.5,44,0.00
2023-07-02T12:00,22.5,42,0.00
2023-07-02T13:00,23.3,37,0.00
2023-07-02T14:00,23.1,37,0.00
2023-07-02T15:00,23.0,37,0.00
2023-07-02T16:00,22.8,37,0.00
2023-07-02T17:00,23.0,36,0.00
2023-07-02T18:00,22.8,35,0.00
2023-07-02T19:00,20.0,51,0.00
2023-07-02T20:00,18.7,53,0.00
2023-07-02T21:00,17.8,54,0.00
2023-07-02T22:00,16.4,60,0.00
2023-07-02T23:00,15.1,68,0.00
2023-07-03T00:00,17.3,60,0.00
2023-07-03T01:00,17.4,64,0.00
2023-07-03T02:00,16.1,73,0.00
2023-07-03T03:00,15.4,78,0.00
2023-07-03T04:00,14.5,84,0.00
2023-07-03T05:00,15.7,79,0.00
2023-07-03T06:00,16.5,76,0.00
2023-07-03T07:00,17.6,72,0.10
2023-07-03T08:00,17.8,72,0.20
2023-07-03T09:00,18.6,64,0.00
2023-07-03T10:00,20.1,53,0.00
2023-07-03T11:00,21.5,46,0.00
2023-07-03T12:00,21.7,42,0.00
2023-07-03T13:00,22.9,37,0.00
2023-07-03T14:00,24.6,32,0.00
2023-07-03T15:00,24.7,32,0.00
2023-07-03T16:00,23.9,35,0.00
2023-07-03T17:00,23.5,37,0.00
2023-07-03T18:00,23.1,37,0.00
2023-07-03T19:00,21.9,41,0.00
2023-07-03T20:00,20.0,47,0.00
2023-07-03T21:00,18.8,52,0.00
2023-07-03T22:00,17.3,59,0.00
2023-07-03T23:00,15.6,69,0.00
2023-07-04T00:00,14.6,79,0.00
2023-07-04T01:00,14.1,82,0.00
2023-07-04T02:00,13.8,83,0.00
2023-07-04T03:00,12.8,89,0.00
2023-07-04T04:00,12.5,90,0.00
2023-07-04T05:00,13.9,84,0.00
2023-07-04T06:00,15.6,75,0.00
2023-07-04T07:00,17.1,67,0.00
2023-07-04T08:00,19.0,57,0.00
2023-07-04T09:00,20.6,51,0.00
2023-07-04T10:00,22.3,47,0.00
2023-07-04T11:00,21.9,48,0.00
2023-07-04T12:00,20.7,61,0.00
2023-07-04T13:00,21.2,64,0.40
2023-07-04T14:00,20.8,65,0.90
2023-07-04T15:00,19.2,73,1.60
2023-07-04T16:00,20.5,66,0.00
2023-07-04T17:00,21.0,66,0.00
2023-07-04T18:00,20.0,78,0.40
2023-07-04T19:00,17.7,88,2.80
2023-07-04T20:00,17.8,87,0.10
2023-07-04T21:00,17.8,87,0.10
2023-07-04T22:00,17.4,87,0.10
2023-07-04T23:00,16.6,86,0.00
2023-07-05T00:00,14.7,84,0.00
2023-07-05T01:00,13.7,83,0.00
2023-07-05T02:00,12.7,77,0.00
2023-07-05T03:00,12.1,79,0.00
2023-07-05T04:00,11.7,84,0.00
2023-07-05T05:00,12.3,85,0.00
2023-07-05T06:00,13.7,78,0.00
2023-07-05T07:00,15.5,70,0.00
2023-07-05T08:00,16.8,64,0.00
2023-07-05T09:00,17.3,61,0.10
2023-07-05T10:00,18.4,56,0.20
2023-07-05T11:00,19.3,52,0.10
2023-07-05T12:00,19.3,60,0.00
2023-07-05T13:00,20.6,56,0.10
2023-07-05T14:00,21.2,50,0.00
2023-07-05T15:00,21.0,50,0.00
2023-07-05T16:00,21.3,47,0.10
2023-07-05T17:00,20.9,45,0.00
2023-07-05T18:00,20.2,48,0.00
2023-07-05T19:00,19.2,53,0.00
2023-07-05T20:00,16.8,64,0.00
2023-07-05T21:00,15.2,75,0.00
2023-07-05T22:00,14.4,79,0.00
2023-07-05T23:00,13.5,84,0.00
2023-07-06T00:00,12.9,89,0.00
2023-07-06T01:00,12.4,91,0.00
2023-07-06T02:00,12.3,92,0.00
2023-07-06T03:00,12.3,94,0.00
2023-07-06T04:00,13.1,89,0.00
2023-07-06T05:00,13.5,87,0.00
2023-07-06T06:00,14.7,81,0.00
2023-07-06T07:00,16.5,73,0.00
2023-07-06T08:00,18.4,65,0.00
2023-07-06T09:00,19.9,58,0.10
2023-07-06T10:00,21.0,53,0.00
2023-07-06T11:00,22.2,48,0.00
2023-07-06T12:00,23.7,40,0.00
2023-07-06T13:00,24.5,36,0.00
2023-07-06T14:00,25.1,35,0.00
2023-07-06T15:00,25.2,34,0.00
2023-07-06T16:00,25.5,32,0.00
2023-07-06T17:00,25.4,31,0.00
2023-07-06T18:00,24.8,33,0.00
2023-07-06T19:00,23.2,42,0.00
2023-07-06T20:00,19.9,49,0.00
2023-07-06T21:00,19.5,52,0.00
2023-07-06T22:00,17.1,62,0.00
2023-07-06T23:00,16.8,60,0.00
2023-07-07T00:00,16.1,68,0.00
2023-07-07T01:00,15.1,73,0.00
2023-07-07T02:00,14.7,74,0.00
2023-07-07T03:00,14.1,77,0.00
2023-07-07T04:00,13.8,78,0.00
2023-07-07T05:00,15.5,73,0.00
2023-07-07T06:00,17.4,67,0.00
2023-07-07T07:00,19.7,60,0.00
2023-07-07T08:00,22.3,54,0.00
2023-07-07T09:00,24.9,49,0.00
2023-07-07T10:00,27.0,44,0.00
2023-07-07T11:00,28.6,40,0.00
2023-07-07T12:00,28.8,38,0.00
2023-07-07T13:00,30.0,37,0.00
2023-07-07T14:00,29.9,38,0.00
2023-07-07T15:00,28.8,37,0.00
2023-07-07T16:00,29.3,36,0.00
2023-07-07T17:00,29.1,38,0.00
2023-07-07T18:00,28.2,43,0.00
2023-07-07T19:00,27.0,48,0.00
2023-07-07T20:00,24.4,55,0.00
2023-07-07T21:00,23.5,57,0.00
2023-07-07T22:00,22.6,59,0.00
2023-07-07T23:00,21.0,66,0.00
2023-07-08T00:00,21.0,63,0.00
2023-07-08T01:00,20.2,67,0.00
2023-07-08T02:00,20.3,67,0.00
2023-07-08T03:00,19.7,71,0.00
2023-07-08T04:00,21.6,63,0.00
2023-07-08T05:00,21.3,69,0.00
2023-07-08T06:00,23.4,61,0.00
2023-07-08T07:00,25.0,57,0.00
2023-07-08T08:00,26.6,54,0.00
2023-07-08T09:00,28.0,51,0.00
2023-07-08T10:00,29.3,47,0.00
2023-07-08T11:00,30.3,42,0.00
2023-07-08T12:00,30.8,39,0.00
2023-07-08T13:00,31.8,37,0.00
2023-07-08T14:00,32.1,35,0.00
2023-07-08T15:00,32.6,32,0.00
2023-07-08T16:00,32.2,33,0.30
2023-07-08T17:00,31.8,32,0.00
2023-07-08T18:00,29.6,42,0.20
2023-07-08T19:00,26.7,58,0.00
2023-07-08T20:00,25.2,65,0.00
2023-07-08T21:00,24.1,70,0.00
2023-07-08T22:00,22.8,76,0.00
2023-07-08T23:00,22.0,81,0.00
2023-07-09T00:00,21.9,80,0.00
2023-07-09T01:00,21.9,77,0.00
2023-07-09T02:00,21.5,80,0.00
2023-07-09T03:00,20.8,82,0.00
2023-07-09T04:00,19.9,86,0.00
2023-07-09T05:00,20.3,83,0.00
2023-07-09T06:00,21.5,77,0.00
2023-07-09T07:00,22.0,76,1.40
2023-07-09T08:00,21.7,78,0.40
2023-07-09T09:00,23.1,74,0.10
2023-07-09T10:00,24.0,69,0.30
2023-07-09T11:00,25.4,61,0.00
2023-07-09T12:00,25.6,61,0.00
2023-07-09T13:00,26.0,60,1.50
2023-07-09T14:00,26.6,57,0.20
2023-07-09T15:00,27.4,54,0.00
2023-07-09T16:00,26.2,57,0.20
2023-07-09T17:00,25.2,60,0.10
2023-07-09T18:00,25.2,59,0.00
2023-07-09T19:00,24.5,60,0.00
2023-07-09T20:00,23.3,63,0.10
2023-07-09T21:00,21.8,73,0.10
2023-07-09T22:00,21.0,76,0.00
2023-07-09T23:00,19.9,82,0.00
2023-07-10T00:00,19.2,92,0.00
2023-07-10T01:00,18.2,96,0.00
2023-07-10T02:00,17.6,97,0.00
2023-07-10T03:00,17.1,97,0.00
2023-07-10T04:00,16.0,97,0.00
2023-07-10T05:00,17.3,92,0.00
2023-07-10T06:00,18.6,83,0.00
2023-07-10T07:00,20.3,73,0.00
2023-07-10T08:00,22.1,64,0.00
2023-07-10T09:00,24.0,53,0.00
2023-07-10T10:00,25.6,42,0.00
2023-07-10T11:00,26.8,36,0.00
2023-07-10T12:00,27.3,35,0.00
2023-07-10T13:00,28.1,32,0.00
2023-07-10T14:00,28.7,29,0.00
2023-07-10T15:00,28.9,28,0.00
2023-07-10T16:00,28.7,29,0.00
2023-07-10T17:00,28.3,30,0.00
2023-07-10T18:00,27.4,33,0.00
2023-07-10T19:00,26.1,38,0.00
2023-07-10T20:00,23.4,47,0.00
2023-07-10T21:00,21.9,54,0.00
2023-07-10T22:00,21.0,58,0.00
2023-07-10T23:00,20.2,62,0.00
2023-07-11T00:00,19.8,64,0.00
2023-07-11T01:00,18.3,71,0.00
2023-07-11T02:00,17.6,75,0.00
2023-07-11T03:00,17.0,79,0.00
2023-07-11T04:00,16.4,82,0.00
2023-07-11T05:00,18.2,74,0.00
2023-07-11T06:00,20.3,66,0.00
2023-07-11T07:00,23.1,57,0.00
2023-07-11T08:00,25.2,49,0.00
2023-07-11T09:00,26.8,45,0.00
2023-07-11T10:00,28.3,41,0.00
2023-07-11T11:00,29.5,38,0.00
2023-07-11T12:00,30.4,37,0.00
2023-07-11T13:00,31.1,35,0.00
2023-07-11T14:00,31.3,34,0.00
2023-07-11T15:00,31.5,33,0.00
2023-07-11T16:00,30.8,33,0.00
2023-07-11T17:00,29.6,37,0.00
2023-07-11T18:00,28.5,40,0.00
2023-07-11T19:00,27.4,42,0.00
2023-07-11T20:00,23.3,66,0.20
2023-07-11T21:00,22.4,70,0.00
2023-07-11T22:00,21.7,74,0.00
2023-07-11T23:00,21.1,74,0.00
2023-07-12T00:00,20.0,81,0.10
2023-07-12T01:00,18.3,93,3.70
2023-07-12T02:00,18.6,89,0.60
2023-07-12T03:00,17.8,90,0.00
2023-07-12T04:00,17.6,83,0.00
2023-07-12T05:00,17.3,80,0.00
2023-07-12T06:00,17.3,77,0.00
2023-07-12T07:00,18.0,72,0.00
2023-07-12T08:00,19.4,63,0.00
2023-07-12T09:00,20.7,54,0.00
2023-07-12T10:00,22.2,47,0.00
2023-07-12T11:00,23.4,41,0.00
2023-07-12T12:00,23.5,40,0.00
2023-07-12T13:00,23.9,37,0.00
2023-07-12T14:00,24.3,36,0.00
2023-07-12T15:00,24.8,33,0.00
2023-07-12T16:00,24.7,33,0.00
2023-07-12T17:00,24.3,33,0.00
2023-07-12T18:00,23.3,37,0.00
2023-07-12T19:00,22.5,39,0.00
2023-07-12T20:00,20.0,55,0.00
2023-07-12T21:00,18.7,59,0.00
2023-07-12T22:00,17.6,65,0.00
2023-07-12T23:00,16.4,71,0.00
2023-07-13T00:00,16.9,70,0.00
2023-07-13T01:00,16.5,73,0.00
2023-07-13T02:00,17.2,70,0.00
2023-07-13T03:00,17.1,67,0.00
2023-07-13T04:00,16.2,70,0.00
2023-07-13T05:00,15.9,73,0.00
2023-07-13T06:00,17.1,69,0.00
2023-07-13T07:00,18.5,65,0.00
2023-07-13T08:00,19.9,58,0.10
2023-07-13T09:00,21.1,51,0.10
2023-07-13T10:00,22.5,44,0.10
2023-07-13T11:00,23.3,41,0.00
2023-07-13T12:00,22.4,44,0.00
2023-07-13T13:00,23.6,40,0.00
2023-07-13T14:00,23.6,40,0.00
2023-07-13T15:00,24.0,39,0.00
2023-07-13T16:00,24.0,38,0.00
2023-07-13T17:00,23.7,40,0.00
2023-07-13T18:00,23.1,42,0.00
2023-07-13T19:00,22.6,44,0.00
2023-07-13T20:00,21.2,50,0.00
2023-07-13T21:00,19.3,61,0.00
2023-07-13T22:00,17.2,73,0.00
2023-07-13T23:00,16.6,77,0.00
2023-07-14T00:00,17.1,74,0.00
2023-07-14T01:00,16.1,80,0.00
2023-07-14T02:00,15.2,83,0.00
2023-07-14T03:00,14.8,86,0.00
2023-07-14T04:00,15.8,79,0.00
2023-07-14T05:00,16.1,78,0.00
2023-07-14T06:00,17.2,72,0.00
2023-07-14T07:00,17.8,69,0.00
2023-07-14T08:00,20.8,56,0.00
2023-07-14T09:00,22.9,46,0.00
2023-07-14T10:00,24.9,38,0.00
2023-07-14T11:00,26.1,36,0.00
2023-07-14T12:00,27.3,36,0.00
2023-07-14T13:00,28.9,30,0.00
2023-07-14T14:00,29.8,28,0.00
2023-07-14T15:00,30.1,28,0.00
2023-07-14T16:00,30.5,26,0.00
2023-07-14T17:00,30.2,26,0.00
2023-07-14T18:00,29.4,29,0.00
2023-07-14T19:00,28.4,32,0.00
2023-07-14T20:00,27.2,36,0.00
2023-07-14T21:00,26.4,36,0.00
2023-07-14T22:00,25.2,38,0.00
2023-07-14T23:00,24.2,45,0.00
2023-07-15T00:00,23.3,52,0.00
2023-07-15T01:00,22.1,65,0.20
2023-07-15T02:00,21.7,74,0.00
2023-07-15T03:00,21.2,77,0.00
2023-07-15T04:00,20.8,80,0.00
2023-07-15T05:00,20.9,79,0.20
2023-07-15T06:00,21.1,75,0.00
2023-07-15T07:00,21.5,66,0.00
2023-07-15T08:00,22.4,59,0.00
2023-07-15T09:00,23.2,55,0.00
2023-07-15T10:00,24.3,49,0.00
2023-07-15T11:00,24.6,47,0.00
2023-07-15T12:00,25.2,48,0.10
2023-07-15T13:00,22.4,68,5.80
2023-07-15T14:00,23.8,60,0.10
2023-07-15T15:00,24.1,50,0.00
2023-07-15T16:00,24.6,44,0.00
2023-07-15T17:00,24.7,41,0.00
2023-07-15T18:00,24.1,39,0.00
2023-07-15T19:00,22.8,39,0.00
2023-07-15T20:00,21.1,42,0.00
2023-07-15T21:00,20.0,46,0.00
2023-07-15T22:00,19.2,50,0.00
2023-07-15T23:00,18.3,55,0.00
2023-07-16T00:00,17.4,65,0.00
2023-07-16T01:00,16.8,67,0.00
2023-07-16T02:00,16.2,70,0.00
2023-07-16T03:00,15.8,72,0.00
2023-07-16T04:00,15.5,73,0.00
2023-07-16T05:00,15.8,72,0.00
2023-07-16T06:00,17.2,67,0.00
2023-07-16T07:00,18.5,61,0.00
2023-07-16T08:00,20.0,53,0.00
2023-07-16T09:00,21.1,48,0.00
2023-07-16T10:00,22.9,41,0.00
2023-07-16T11:00,24.0,35,0.00
2023-07-16T12:00,23.5,40,0.00
2023-07-16T13:00,24.3,37,0.00
2023-07-16T14:00,24.0,37,0.00
2023-07-16T15:00,25.0,33,0.00
2023-07-16T16:00,24.4,35,0.00
2023-07-16T17:00,23.8,37,0.00
2023-07-16T18:00,22.6,40,0.00
2023-07-16T19:00,21.8,44,0.00
2023-07-16T20:00,20.6,47,0.00
2023-07-16T21:00,19.7,50,0.00
2023-07-16T22:00,18.8,53,0.00
2023-07-16T23:00,17.0,63,0.00
2023-07-17T00:00,15.6,85,0.00
2023-07-17T01:00,14.3,91,0.00
2023-07-17T02:00,13.8,93,0.00
2023-07-17T03:00,13.7,89,0.00
2023-07-17T04:00,13.7,83,0.00
2023-07-17T05:00,14.3,81,0.00
2023-07-17T06:00,15.8,75,0.00
2023-07-17T07:00,17.7,67,0.00
2023-07-17T08:00,19.4,58,0.00
2023-07-17T09:00,20.9,50,0.00
2023-07-17T10:00,22.3,43,0.00
2023-07-17T11:00,23.9,36,0.00
2023-07-17T12:00,23.9,37,0.00
2023-07-17T13:00,23.9,36,0.00
2023-07-17T14:00,24.5,34,0.00
2023-07-17T15:00,24.1,34,0.00
2023-07-17T16:00,24.4,35,0.00
2023-07-17T17:00,24.2,35,0.00
2023-07-17T18:00,23.6,36,0.00
2023-07-17T19:00,22.7,40,0.00
2023-07-17T20:00,20.3,50,0.00
2023-07-17T21:00,19.2,54,0.00
2023-07-17T22:00,18.4,56,0.00
2023-07-17T23:00,16.9,67,0.00
2023-07-18T00:00,16.1,75,0.00
2023-07-18T01:00,15.2,79,0.00
2023-07-18T02:00,14.6,82,0.00
2023-07-18T03:00,14.0,84,0.00
2023-07-18T04:00,13.6,85,0.00
2023-07-18T05:00,14.4,79,0.00
2023-07-18T06:00,16.1,71,0.00
2023-07-18T07:00,18.0,62,0.00
2023-07-18T08:00,19.8,57,0.00
2023-07-18T09:00,22.7,49,0.00
2023-07-18T10:00,24.7,43,0.00
2023-07-18T11:00,26.2,38,0.00
2023-07-18T12:00,26.9,34,0.00
2023-07-18T13:00,27.7,33,0.00
2023-07-18T14:00,28.1,33,0.00
2023-07-18T15:00,28.2,32,0.00
2023-07-18T16:00,28.0,33,0.00
2023-07-18T17:00,27.8,33,0.00
2023-07-18T18:00,27.5,33,0.00
2023-07-18T19:00,26.2,38,0.00
2023-07-18T20:00,23.7,44,0.00
2023-07-18T21:00,21.4,54,0.00
2023-07-18T22:00,20.7,54,0.00
2023-07-18T23:00,19.7,60,0.00
2023-07-19T00:00,19.4,62,0.00
2023-07-19T01:00,18.9,63,0.00
2023-07-19T02:00,18.1,64,0.00
2023-07-19T03:00,17.3,66,0.00
2023-07-19T04:00,16.5,68,0.00
2023-07-19T05:00,16.3,68,0.00
2023-07-19T06:00,17.4,67,0.00
2023-07-19T07:00,18.9,67,0.00
2023-07-19T08:00,20.4,60,0.00
2023-07-19T09:00,21.4,54,0.00
2023-07-19T10:00,23.2,46,0.00
2023-07-19T11:00,24.1,42,0.00
2023-07-19T12:00,23.1,44,0.00
2023-07-19T13:00,23.1,43,0.00
2023-07-19T14:00,22.8,45,0.00
2023-07-19T15:00,23.9,42,0.00
2023-07-19T16:00,23.9,42,0.00
2023-07-19T17:00,22.6,51,0.00
2023-07-19T18:00,22.4,50,0.00
2023-07-19T19:00,21.7,51,0.00
2023-07-19T20:00,20.4,56,0.00
2023-07-19T21:00,19.1,64,0.00
2023-07-19T22:00,18.3,69,0.00
2023-07-19T23:00,17.3,75,0.00
2023-07-20T00:00,16.5,81,0.00
2023-07-20T01:00,15.2,88,0.00
2023-07-20T02:00,14.3,93,0.00
2023-07-20T03:00,13.5,96,0.00
2023-07-20T04:00,13.4,97,0.00
2023-07-20T05:00,14.3,95,0.00
2023-07-20T06:00,15.8,86,0.00
2023-07-20T07:00,17.5,78,0.00
2023-07-20T08:00,18.9,70,0.00
2023-07-20T09:00,20.9,56,0.00
2023-07-20T10:00,22.6,47,0.00
2023-07-20T11:00,23.8,41,0.00
2023-07-20T12:00,24.0,40,0.00
2023-07-20T13:00,24.3,38,0.00
2023-07-20T14:00,24.3,36,0.00
2023-07-20T15:00,25.1,33,0.00
2023-07-20T16:00,25.7,30,0.00
2023-07-20T17:00,25.2,30,0.00
2023-07-20T18:00,23.3,38,0.10
2023-07-20T19:00,22.0,43,0.00
2023-07-20T20:00,21.4,48,0.00
2023-07-20T21:00,20.3,53,0.00
2023-07-20T22:00,19.3,60,0.00
2023-07-20T23:00,18.4,64,0.00
2023-07-21T00:00,17.3,72,0.00
2023-07-21T01:00,16.6,75,0.20
2023-07-21T02:00,16.0,77,0.10
2023-07-21T03:00,15.6,80,0.20
2023-07-21T04:00,15.3,83,0.30
2023-07-21T05:00,15.2,86,0.20
2023-07-21T06:00,15.3,82,0.30
2023-07-21T07:00,15.0,83,0.70
2023-07-21T08:00,15.3,71,0.30
2023-07-21T09:00,18.1,57,0.00
2023-07-21T10:00,20.7,49,0.00
2023-07-21T11:00,22.8,38,0.00
2023-07-21T12:00,22.5,44,0.00
2023-07-21T13:00,23.9,39,0.10
2023-07-21T14:00,24.2,37,0.00
2023-07-21T15:00,23.9,37,0.00
2023-07-21T16:00,23.9,35,0.00
2023-07-21T17:00,23.6,35,0.00
2023-07-21T18:00,21.8,38,0.00
2023-07-21T19:00,21.1,40,0.00
2023-07-21T20:00,19.5,45,0.00
2023-07-21T21:00,18.4,49,0.00
2023-07-21T22:00,17.2,54,0.00
2023-07-21T23:00,15.7,60,0.00
2023-07-22T00:00,16.2,60,0.00
2023-07-22T01:00,14.8,69,0.00
2023-07-22T02:00,13.5,77,0.00
2023-07-22T03:00,13.1,81,0.00
2023-07-22T04:00,12.7,84,0.00
2023-07-22T05:00,13.5,81,0.00
2023-07-22T06:00,15.5,74,0.00
2023-07-22T07:00,17.2,67,0.00
2023-07-22T08:00,18.8,56,0.00
2023-07-22T09:00,20.4,46,0.00
2023-07-22T10:00,22.5,36,0.00
2023-07-22T11:00,23.4,33,0.00
2023-07-22T12:00,21.8,43,0.00
2023-07-22T13:00,22.9,39,0.00
2023-07-22T14:00,23.6,37,0.00
2023-07-22T15:00,25.3,31,0.00
2023-07-22T16:00,25.3,30,0.00
2023-07-22T17:00,25.5,30,0.00
2023-07-22T18:00,25.3,29,0.00
2023-07-22T19:00,23.7,34,0.00
2023-07-22T20:00,22.2,39,0.00
2023-07-22T21:00,20.9,44,0.00
2023-07-22T22:00,19.6,49,0.00
2023-07-22T23:00,18.7,54,0.00
2023-07-23T00:00,18.6,59,0.00
2023-07-23T01:00,18.1,62,0.00
2023-07-23T02:00,17.5,65,0.00
2023-07-23T03:00,17.1,70,0.20
2023-07-23T04:00,16.9,75,0.40
2023-07-23T05:00,17.0,76,0.10
2023-07-23T06:00,17.1,77,0.20
2023-07-23T07:00,17.4,79,0.30
2023-07-23T08:00,18.5,75,0.20
2023-07-23T09:00,21.0,63,0.00
2023-07-23T10:00,21.1,64,0.00
2023-07-23T11:00,20.7,70,1.20
2023-07-23T12:00,19.2,84,0.70
2023-07-23T13:00,19.5,87,1.80
2023-07-23T14:00,21.7,74,0.20
2023-07-23T15:00,21.7,73,0.80
2023-07-23T16:00,23.0,64,0.00
2023-07-23T17:00,23.9,56,0.00
2023-07-23T18:00,22.7,63,0.00
2023-07-23T19:00,22.5,61,0.00
2023-07-23T20:00,21.6,63,0.00
2023-07-23T21:00,20.2,72,0.80
2023-07-23T22:00,19.5,78,0.20
2023-07-23T23:00,19.0,80,0.00
2023-07-24T00:00,18.5,85,4.10
2023-07-24T01:00,18.2,87,0.60
2023-07-24T02:00,17.8,89,0.10
2023-07-24T03:00,17.8,87,0.50
2023-07-24T04:00,17.3,88,0.00
2023-07-24T05:00,17.3,89,0.00
2023-07-24T06:00,18.0,85,0.00
2023-07-24T07:00,18.7,81,0.00
2023-07-24T08:00,20.0,65,0.00
2023-07-24T09:00,21.2,56,0.00
2023-07-24T10:00,22.2,50,0.10
2023-07-24T11:00,23.2,48,0.10
2023-07-24T12:00,21.6,53,0.00
2023-07-24T13:00,21.4,60,0.60
2023-07-24T14:00,19.4,77,0.80
2023-07-24T15:00,23.3,58,0.00
2023-07-24T16:00,19.5,73,1.70
2023-07-24T17:00,18.0,85,0.80
2023-07-24T18:00,19.1,80,0.20
2023-07-24T19:00,18.6,84,0.00
2023-07-24T20:00,17.0,92,3.10
2023-07-24T21:00,16.9,94,2.80
2023-07-24T22:00,16.7,92,5.90
2023-07-24T23:00,16.2,92,5.40
2023-07-25T00:00,16.3,91,0.60
2023-07-25T01:00,16.1,93,1.40
2023-07-25T02:00,15.7,96,1.80
2023-07-25T03:00,15.6,94,1.10
2023-07-25T04:00,14.9,96,0.20
2023-07-25T05:00,14.7,93,0.90
2023-07-25T06:00,14.7,90,0.30
2023-07-25T07:00,15.5,85,0.00
2023-07-25T08:00,15.8,80,0.00
2023-07-25T09:00,16.4,73,0.00
2023-07-25T10:00,17.5,64,0.10
2023-07-25T11:00,18.5,56,0.00
2023-07-25T12:00,18.1,63,0.00
2023-07-25T13:00,18.9,58,0.00
2023-07-25T14:00,19.8,53,0.00
2023-07-25T15:00,19.7,52,0.10
2023-07-25T16:00,19.9,50,0.00
2023-07-25T17:00,19.6,49,0.00
2023-07-25T18:00,18.5,53,0.00
2023-07-25T19:00,17.9,57,0.00
2023-07-25T20:00,15.7,68,0.00
2023-07-25T21:00,14.7,71,0.00
2023-07-25T22:00,13.8,76,0.00
2023-07-25T23:00,12.8,82,0.00
2023-07-26T00:00,12.9,86,0.00
2023-07-26T01:00,12.1,89,0.00
2023-07-26T02:00,12.2,88,0.00
2023-07-26T03:00,12.1,88,0.00
2023-07-26T04:00,11.7,89,0.00
2023-07-26T05:00,12.0,89,0.00
2023-07-26T06:00,13.5,84,0.00
2023-07-26T07:00,15.4,78,0.00
2023-07-26T08:00,17.3,67,0.00
2023-07-26T09:00,18.8,55,0.00
2023-07-26T10:00,20.0,50,0.00
2023-07-26T11:00,21.3,44,0.00
2023-07-26T12:00,21.5,49,0.00
2023-07-26T13:00,21.8,50,0.10
2023-07-26T14:00,22.2,50,0.00
2023-07-26T15:00,22.1,50,0.00
2023-07-26T16:00,23.1,47,0.00
2023-07-26T17:00,22.9,45,0.00
2023-07-26T18:00,21.8,51,0.00
2023-07-26T19:00,20.7,58,0.00
2023-07-26T20:00,19.7,63,0.00
2023-07-26T21:00,19.4,66,0.00
2023-07-26T22:00,19.5,65,0.00
2023-07-26T23:00,19.5,66,0.00
2023-07-27T00:00,18.6,79,0.00
2023-07-27T01:00,18.5,85,0.30
2023-07-27T02:00,18.3,86,0.00
2023-07-27T03:00,18.0,84,0.00
2023-07-27T04:00,17.4,87,0.00
2023-07-27T05:00,18.0,87,0.00
2023-07-27T06:00,18.7,84,0.00
2023-07-27T07:00,18.9,78,0.00
2023-07-27T08:00,20.0,70,0.00
2023-07-27T09:00,21.6,62,0.00
2023-07-27T10:00,22.3,59,0.00
2023-07-27T11:00,22.7,59,0.00
2023-07-27T12:00,20.1,73,0.00
2023-07-27T13:00,20.3,74,0.40
2023-07-27T14:00,19.3,84,1.10
2023-07-27T15:00,19.1,87,2.30
2023-07-27T16:00,18.6,87,3.80
2023-07-27T17:00,18.7,88,1.20
2023-07-27T18:00,18.8,89,0.30
2023-07-27T19:00,18.7,90,0.30
2023-07-27T20:00,18.6,90,0.10
2023-07-27T21:00,18.6,90,0.20
2023-07-27T22:00,18.4,89,0.00
2023-07-27T23:00,18.2,89,0.00
2023-07-28T00:00,17.8,92,0.00
2023-07-28T01:00,18.0,91,0.10
2023-07-28T02:00,18.0,91,0.00
2023-07-28T03:00,17.9,91,0.00
2023-07-28T04:00,17.7,94,0.40
2023-07-28T05:00,17.9,94,1.00
2023-07-28T06:00,17.9,94,0.40
2023-07-28T07:00,18.7,91,0.00
2023-07-28T08:00,19.6,87,0.10
2023-07-28T09:00,20.2,85,0.20
2023-07-28T10:00,21.4,80,0.20
2023-07-28T11:00,21.5,81,0.10
2023-07-28T12:00,20.3,89,0.90
2023-07-28T13:00,21.5,87,1.50
2023-07-28T14:00,23.6,82,0.10
2023-07-28T15:00,21.6,81,2.80
2023-07-28T16:00,23.4,78,0.00
2023-07-28T17:00,24.0,70,0.10
2023-07-28T18:00,21.8,78,0.80
2023-07-28T19:00,21.5,82,0.10
2023-07-28T20:00,20.1,87,0.20
2023-07-28T21:00,19.7,88,0.10
2023-07-28T22:00,18.2,94,0.00
2023-07-28T23:00,18.8,91,0.00
2023-07-29T00:00,17.7,95,0.00
2023-07-29T01:00,18.0,94,0.20
2023-07-29T02:00,18.4,87,0.00
2023-07-29T03:00,17.9,88,0.10
2023-07-29T04:00,17.2,90,0.00
2023-07-29T05:00,16.7,91,0.00
2023-07-29T06:00,17.4,89,0.00
2023-07-29T07:00,18.6,85,0.00
2023-07-29T08:00,19.9,77,0.00
2023-07-29T09:00,20.9,72,0.10
2023-07-29T10:00,21.9,69,0.10
2023-07-29T11:00,21.2,72,0.70
2023-07-29T12:00,23.1,67,0.10
2023-07-29T13:00,20.6,83,2.60
2023-07-29T14:00,23.0,73,0.10
2023-07-29T15:00,23.5,68,0.00
2023-07-29T16:00,22.0,68,0.00
2023-07-29T17:00,21.1,74,0.10
2023-07-29T18:00,21.1,74,0.00
2023-07-29T19:00,20.2,79,0.00
2023-07-29T20:00,18.4,86,0.10
2023-07-29T21:00,17.5,92,0.00
2023-07-29T22:00,17.4,91,0.00
2023-07-29T23:00,16.8,87,0.00
2023-07-30T00:00,16.6,88,0.20
2023-07-30T01:00,16.5,87,0.10
2023-07-30T02:00,15.9,84,0.00
2023-07-30T03:00,15.1,85,0.00
2023-07-30T04:00,14.4,87,0.00
2023-07-30T05:00,14.2,87,0.00
2023-07-30T06:00,15.1,82,0.00
2023-07-30T07:00,16.8,74,0.00
2023-07-30T08:00,18.0,68,0.00
2023-07-30T09:00,18.9,64,0.10
2023-07-30T10:00,20.2,58,0.00
2023-07-30T11:00,21.2,52,0.00
2023-07-30T12:00,21.6,52,0.00
2023-07-30T13:00,22.5,48,0.00
2023-07-30T14:00,22.1,47,0.00
2023-07-30T15:00,22.5,47,0.00
2023-07-30T16:00,21.7,52,0.00
2023-07-30T17:00,21.4,55,0.00
2023-07-30T18:00,21.0,58,0.00
2023-07-30T19:00,20.5,60,0.00
2023-07-30T20:00,19.9,63,0.00
2023-07-30T21:00,19.6,65,0.00
2023-07-30T22:00,19.4,66,0.00
2023-07-30T23:00,19.0,70,0.00
2023-07-31T00:00,18.9,70,0.00
2023-07-31T01:00,18.0,74,0.00
2023-07-31T02:00,17.6,75,0.00
2023-07-31T03:00,17.2,75,0.00
2023-07-31T04:00,16.7,77,0.00
2023-07-31T05:00,16.5,78,0.00
2023-07-31T06:00,17.4,75,0.00
2023-07-31T07:00,18.1,74,0.00
2023-07-31T08:00,19.4,68,0.00
2023-07-31T09:00,20.3,66,0.00
2023-07-31T10:00,19.4,73,0.40
2023-07-31T11:00,19.6,75,1.30
2023-07-31T12:00,19.5,81,0.40
2023-07-31T13:00,19.8,82,1.20
2023-07-31T14:00,20.0,81,1.10
2023-07-31T15:00,21.0,79,0.50
2023-07-31T16:00,22.3,69,0.10
2023-07-31T17:00,21.6,69,0.50
2023-07-31T18:00,19.9,80,0.80
2023-07-31T19:00,19.9,78,0.00
2023-07-31T20:00,19.7,79,2.60
2023-07-31T21:00,19.0,86,2.70
2023-07-31T22:00,18.9,88,0.20
2023-07-31T23:00,18.8,88,0.00
2023-08-01T00:00,18.6,89,0.00
2023-08-01T01:00,18.2,90,0.30
2023-08-01T02:00,17.8,91,0.30
2023-08-01T03:00,17.0,90,0.00
2023-08-01T04:00,15.8,93,0.00
2023-08-01T05:00,15.6,91,0.00
2023-08-01T06:00,15.6,86,0.00
2023-08-01T07:00,16.6,81,0.00
2023-08-01T08:00,17.9,72,0.10
2023-08-01T09:00,18.6,68,0.00
2023-08-01T10:00,19.8,63,0.20
2023-08-01T11:00,20.5,59,0.10
2023-08-01T12:00,19.8,63,0.20
2023-08-01T13:00,20.5,64,0.20
2023-08-01T14:00,21.5,59,0.10
2023-08-01T15:00,21.6,61,0.00
2023-08-01T16:00,20.9,61,0.10
2023-08-01T17:00,20.0,67,0.00
2023-08-01T18:00,19.8,67,0.00
2023-08-01T19:00,18.6,74,0.00
2023-08-01T20:00,17.7,79,0.00
2023-08-01T21:00,18.2,76,0.00
2023-08-01T22:00,18.1,76,0.00
2023-08-01T23:00,17.8,81,0.00
2023-08-02T00:00,16.8,90,0.90
2023-08-02T01:00,16.9,93,3.30
2023-08-02T02:00,17.2,93,4.50
2023-08-02T03:00,18.0,92,3.90
2023-08-02T04:00,18.4,92,5.70
2023-08-02T05:00,18.7,92,1.00
2023-08-02T06:00,19.0,91,2.40
2023-08-02T07:00,19.6,90,1.20
2023-08-02T08:00,20.3,87,0.00
2023-08-02T09:00,21.4,80,0.30
2023-08-02T10:00,22.6,72,0.60
2023-08-02T11:00,23.1,62,0.00
2023-08-02T12:00,22.4,56,0.00
2023-08-02T13:00,22.9,51,0.00
2023-08-02T14:00,22.0,50,0.00
2023-08-02T15:00,21.0,55,0.00
2023-08-02T16:00,20.3,60,0.00
2023-08-02T17:00,19.7,65,0.00
2023-08-02T18:00,18.8,71,0.30
2023-08-02T19:00,18.5,71,0.10
2023-08-02T20:00,18.1,73,0.20
2023-08-02T21:00,17.7,73,0.20
2023-08-02T22:00,17.5,73,0.00
2023-08-02T23:00,17.1,75,0.50
2023-08-03T00:00,17.0,79,1.50
2023-08-03T01:00,16.9,78,1.80
2023-08-03T02:00,16.5,80,0.10
2023-08-03T03:00,16.4,80,0.00
2023-08-03T04:00,16.1,82,0.00
2023-08-03T05:00,15.8,83,0.00
2023-08-03T06:00,16.5,81,0.00
2023-08-03T07:00,17.2,78,0.10
2023-08-03T08:00,17.1,79,0.10
2023-08-03T09:00,17.3,79,0.00
2023-08-03T10:00,18.3,75,0.00
2023-08-03T11:00,19.3,71,0.00
2023-08-03T12:00,17.3,82,0.00
2023-08-03T13:00,17.2,89,1.90
2023-08-03T14:00,16.8,91,2.00
2023-08-03T15:00,17.3,87,0.70
2023-08-03T16:00,18.1,83,0.20
2023-08-03T17:00,18.3,80,0.10
2023-08-03T18:00,18.0,75,0.10
2023-08-03T19:00,17.1,77,0.00
2023-08-03T20:00,16.6,78,0.00
2023-08-03T21:00,16.3,78,0.00
2023-08-03T22:00,15.9,79,0.00
2023-08-03T23:00,15.1,84,0.00
2023-08-04T00:00,14.9,89,0.00
2023-08-04T01:00,15.1,91,0.10
2023-08-04T02:00,14.8,93,0.00
2023-08-04T03:00,14.2,95,0.00
2023-08-04T04:00,14.1,95,0.00
2023-08-04T05:00,14.0,96,0.00
2023-08-04T06:00,14.9,94,0.00
2023-08-04T07:00,16.0,90,0.00
2023-08-04T08:00,17.2,84,0.00
2023-08-04T09:00,18.6,75,0.00
2023-08-04T10:00,19.8,68,0.10
2023-08-04T11:00,20.8,66,0.10
2023-08-04T12:00,20.6,62,0.10
2023-08-04T13:00,20.1,64,0.90
2023-08-04T14:00,18.5,76,0.70
2023-08-04T15:00,20.5,71,0.00
2023-08-04T16:00,20.9,65,0.10
2023-08-04T17:00,19.0,71,0.60
2023-08-04T18:00,18.8,72,0.00
2023-08-04T19:00,17.5,77,0.00
2023-08-04T20:00,16.5,82,0.00
2023-08-04T21:00,15.5,86,0.00
2023-08-04T22:00,14.6,89,0.00
2023-08-04T23:00,13.6,92,0.00
2023-08-05T00:00,13.4,94,0.00
2023-08-05T01:00,12.5,95,0.00
2023-08-05T02:00,12.3,95,0.00
2023-08-05T03:00,12.4,95,0.00
2023-08-05T04:00,12.1,95,0.00
2023-08-05T05:00,13.6,89,0.00
2023-08-05T06:00,14.1,89,0.00
2023-08-05T07:00,15.2,83,0.00
2023-08-05T08:00,16.6,74,0.00
2023-08-05T09:00,18.1,65,0.00
2023-08-05T10:00,17.2,73,1.10
2023-08-05T11:00,17.8,73,1.40
2023-08-05T12:00,17.3,79,0.80
2023-08-05T13:00,18.1,71,0.50
2023-08-05T14:00,17.8,73,0.30
2023-08-05T15:00,17.9,77,0.50
2023-08-05T16:00,18.1,78,0.10
2023-08-05T17:00,19.3,75,0.00
2023-08-05T18:00,18.7,69,0.10
2023-08-05T19:00,17.2,66,0.00
2023-08-05T20:00,16.6,70,0.00
2023-08-05T21:00,16.2,72,0.00
2023-08-05T22:00,15.9,75,0.30
2023-08-05T23:00,15.3,84,0.70
2023-08-06T00:00,14.4,87,0.40
2023-08-06T01:00,14.1,86,0.00
2023-08-06T02:00,13.8,85,0.10
2023-08-06T03:00,13.4,85,0.00
2023-08-06T04:00,13.3,85,0.00
2023-08-06T05:00,13.1,85,0.00
2023-08-06T06:00,13.6,83,0.00
2023-08-06T07:00,14.3,79,0.00
2023-08-06T08:00,15.4,69,0.00
2023-08-06T09:00,16.5,63,0.00
2023-08-06T10:00,17.7,53,0.00
2023-08-06T11:00,18.1,52,0.00
2023-08-06T12:00,18.0,56,0.00
2023-08-06T13:00,18.8,51,0.00
2023-08-06T14:00,18.9,50,0.10
2023-08-06T15:00,18.9,50,0.20
2023-08-06T16:00,19.1,49,0.00
2023-08-06T17:00,18.4,55,0.00
2023-08-06T18:00,17.7,60,0.00
2023-08-06T19:00,16.3,66,0.00
2023-08-06T20:00,15.2,72,0.00
2023-08-06T21:00,14.5,77,0.00
2023-08-06T22:00,13.8,81,0.00
2023-08-06T23:00,13.1,85,0.00
2023-08-07T00:00,13.6,86,0.00
2023-08-07T01:00,13.1,89,0.00
2023-08-07T02:00,12.5,91,0.00
2023-08-07T03:00,12.2,93,0.00
2023-08-07T04:00,12.0,94,0.00
2023-08-07T05:00,12.0,95,0.00
2023-08-07T06:00,13.1,92,0.00
2023-08-07T07:00,14.8,86,0.00
2023-08-07T08:00,16.5,79,0.00
2023-08-07T09:00,17.9,72,0.00
2023-08-07T10:00,18.9,66,0.00
2023-08-07T11:00,19.6,61,0.10
2023-08-07T12:00,19.3,58,0.10
2023-08-07T13:00,20.4,56,0.20
2023-08-07T14:00,21.0,52,0.00
2023-08-07T15:00,21.1,52,0.00
2023-08-07T16:00,20.5,53,0.10
2023-08-07T17:00,20.4,54,0.00
2023-08-07T18:00,19.7,59,0.00
2023-08-07T19:00,18.1,68,0.00
2023-08-07T20:00,17.3,70,0.00
2023-08-07T21:00,16.5,74,0.00
2023-08-07T22:00,16.2,76,0.00
2023-08-07T23:00,15.9,79,0.00
2023-08-08T00:00,15.8,81,0.00
2023-08-08T01:00,13.4,91,0.00
2023-08-08T02:00,13.7,91,0.00
2023-08-08T03:00,14.7,87,0.00
2023-08-08T04:00,14.8,86,0.00
2023-08-08T05:00,14.8,87,0.00
2023-08-08T06:00,15.5,85,0.00
2023-08-08T07:00,16.3,79,0.00
2023-08-08T08:00,17.4,71,0.00
2023-08-08T09:00,18.5,65,0.00
2023-08-08T10:00,20.4,58,0.00
2023-08-08T11:00,20.7,56,0.00
2023-08-08T12:00,21.5,55,0.00
2023-08-08T13:00,22.6,50,0.00
2023-08-08T14:00,22.6,50,0.00
2023-08-08T15:00,22.7,49,0.00
2023-08-08T16:00,22.4,54,0.00
2023-08-08T17:00,22.2,56,0.00
2023-08-08T18:00,21.5,57,0.00
2023-08-08T19:00,20.0,65,0.30
2023-08-08T20:00,18.4,76,0.20
2023-08-08T21:00,17.6,83,0.00
2023-08-08T22:00,17.1,86,0.00
2023-08-08T23:00,16.7,88,0.00
2023-08-09T00:00,16.8,87,0.00
2023-08-09T01:00,16.2,87,0.00
2023-08-09T02:00,16.6,86,0.00
2023-08-09T03:00,16.5,87,0.00
2023-08-09T04:00,16.4,88,0.00
2023-08-09T05:00,16.3,89,0.00
2023-08-09T06:00,16.8,87,0.00
2023-08-09T07:00,17.2,86,0.00
2023-08-09T08:00,17.8,83,0.00
2023-08-09T09:00,18.7,78,0.00
2023-08-09T10:00,20.4,71,0.10
2023-08-09T11:00,21.6,65,0.10
2023-08-09T12:00,21.7,62,0.00
2023-08-09T13:00,22.1,60,0.00
2023-08-09T14:00,22.8,58,0.00
2023-08-09T15:00,22.6,60,0.00
2023-08-09T16:00,23.0,58,0.00
2023-08-09T17:00,23.0,57,0.00
2023-08-09T18:00,22.6,61,0.00
2023-08-09T19:00,22.1,62,0.00
2023-08-09T20:00,20.9,67,0.00
2023-08-09T21:00,19.8,72,0.00
2023-08-09T22:00,17.8,82,0.00
2023-08-09T23:00,17.4,84,0.00
2023-08-10T00:00,15.5,93,0.00
2023-08-10T01:00,14.9,94,0.00
2023-08-10T02:00,14.2,95,0.00
2023-08-10T03:00,13.8,95,0.00
2023-08-10T04:00,13.7,94,0.00
2023-08-10T05:00,13.8,94,0.00
2023-08-10T06:00,15.4,89,0.00
2023-08-10T07:00,17.5,82,0.00
2023-08-10T08:00,19.9,75,0.00
2023-08-10T09:00,21.5,70,0.00
2023-08-10T10:00,23.5,62,0.00
2023-08-10T11:00,24.7,58,0.00
2023-08-10T12:00,24.5,57,0.00
2023-08-10T13:00,24.9,56,0.00
2023-08-10T14:00,24.8,56,0.00
2023-08-10T15:00,25.3,53,0.00
2023-08-10T16:00,25.7,52,0.00
2023-08-10T17:00,25.4,54,0.00
2023-08-10T18:00,24.5,65,0.00
2023-08-10T19:00,21.6,76,0.00
2023-08-10T20:00,20.1,81,0.00
2023-08-10T21:00,19.0,85,0.00
2023-08-10T22:00,18.3,87,0.00
2023-08-10T23:00,17.8,88,0.00
2023-08-11T00:00,18.5,81,0.00
2023-08-11T01:00,17.8,85,0.00
2023-08-11T02:00,17.3,88,0.00
2023-08-11T03:00,17.1,90,0.00
2023-08-11T04:00,16.7,92,0.00
2023-08-11T05:00,16.7,92,0.00
2023-08-11T06:00,19.1,85,0.00
2023-08-11T07:00,20.6,83,0.00
2023-08-11T08:00,22.4,79,0.00
2023-08-11T09:00,24.1,74,0.00
2023-08-11T10:00,25.5,68,0.00
2023-08-11T11:00,26.7,63,0.00
2023-08-11T12:00,26.9,58,0.00
2023-08-11T13:00,26.8,60,0.60
2023-08-11T14:00,26.2,60,0.00
2023-08-11T15:00,25.5,63,0.00
2023-08-11T16:00,23.6,70,0.00
2023-08-11T17:00,22.1,77,0.50
2023-08-11T18:00,21.0,88,2.10
2023-08-11T19:00,20.7,88,0.30
2023-08-11T20:00,20.0,92,0.00
2023-08-11T21:00,19.9,92,0.10
2023-08-11T22:00,19.1,95,0.00
2023-08-11T23:00,19.7,93,0.00
2023-08-12T00:00,19.7,93,0.40
2023-08-12T01:00,19.8,93,3.30
2023-08-12T02:00,20.0,93,0.00
2023-08-12T03:00,19.8,94,3.90
2023-08-12T04:00,19.5,94,0.20
2023-08-12T05:00,19.4,95,0.40
2023-08-12T06:00,19.6,94,0.10
2023-08-12T07:00,20.0,92,0.10
2023-08-12T08:00,20.2,89,0.10
2023-08-12T09:00,20.7,87,0.00
2023-08-12T10:00,22.2,79,0.30
2023-08-12T11:00,23.9,73,0.00
2023-08-12T12:00,23.6,67,0.00
2023-08-12T13:00,24.5,61,0.20
2023-08-12T14:00,25.2,55,0.00
2023-08-12T15:00,25.3,49,0.00
2023-08-12T16:00,24.4,49,0.00
2023-08-12T17:00,23.8,52,0.00
2023-08-12T18:00,22.5,59,0.00
2023-08-12T19:00,20.5,67,0.00
2023-08-12T20:00,19.3,73,0.00
2023-08-12T21:00,18.8,74,0.00
2023-08-12T22:00,18.2,74,0.00
2023-08-12T23:00,17.8,74,0.00
2023-08-13T00:00,17.6,76,0.00
2023-08-13T01:00,17.2,78,0.00
2023-08-13T02:00,16.6,81,0.00
2023-08-13T03:00,16.2,83,0.00
2023-08-13T04:00,16.0,84,0.00
2023-08-13T05:00,15.5,86,0.00
2023-08-13T06:00,16.0,86,0.00
2023-08-13T07:00,17.3,82,0.00
2023-08-13T08:00,18.5,79,0.00
2023-08-13T09:00,19.6,75,0.00
2023-08-13T10:00,21.1,66,0.00
2023-08-13T11:00,22.2,60,0.00
2023-08-13T12:00,22.4,57,0.00
2023-08-13T13:00,23.0,54,0.00
2023-08-13T14:00,23.0,52,0.00
2023-08-13T15:00,23.0,51,0.00
2023-08-13T16:00,23.2,51,0.00
2023-08-13T17:00,22.9,53,0.00
2023-08-13T18:00,22.2,62,0.00
2023-08-13T19:00,20.5,75,0.00
2023-08-13T20:00,18.8,77,0.00
2023-08-13T21:00,17.3,83,0.00
2023-08-13T22:00,16.4,87,0.00
2023-08-13T23:00,16.0,89,0.00
2023-08-14T00:00,16.5,84,0.00
2023-08-14T01:00,15.1,89,0.00
2023-08-14T02:00,15.4,86,0.00
2023-08-14T03:00,15.2,86,0.00
2023-08-14T04:00,15.5,84,0.00
2023-08-14T05:00,14.9,88,0.00
2023-08-14T06:00,16.5,83,0.00
2023-08-14T07:00,18.3,79,0.00
2023-08-14T08:00,20.4,74,0.00
2023-08-14T09:00,21.9,69,0.00
2023-08-14T10:00,23.2,68,0.00
2023-08-14T11:00,24.3,66,0.00
2023-08-14T12:00,26.2,56,0.00
2023-08-14T13:00,26.4,58,0.00
2023-08-14T14:00,27.0,56,0.00
2023-08-14T15:00,26.8,57,0.00
2023-08-14T16:00,25.5,58,0.00
2023-08-14T17:00,24.7,57,0.00
2023-08-14T18:00,23.0,65,0.00
2023-08-14T19:00,21.3,73,0.00
2023-08-14T20:00,19.9,83,0.00
2023-08-14T21:00,19.8,81,0.00
2023-08-14T22:00,19.1,84,0.00
2023-08-14T23:00,18.7,88,0.00
2023-08-15T00:00,19.2,88,0.00
2023-08-15T01:00,17.8,91,0.00
2023-08-15T02:00,17.5,92,0.00
2023-08-15T03:00,16.9,92,0.00
2023-08-15T04:00,16.3,92,0.00
2023-08-15T05:00,16.0,93,0.00
2023-08-15T06:00,17.1,91,0.00
2023-08-15T07:00,18.5,87,0.00
2023-08-15T08:00,19.9,83,0.00
2023-08-15T09:00,21.5,74,0.00
2023-08-15T10:00,22.4,69,0.00
2023-08-15T11:00,22.9,66,0.00
2023-08-15T12:00,23.6,63,0.00
2023-08-15T13:00,23.1,66,0.40
2023-08-15T14:00,23.4,65,0.30
2023-08-15T15:00,24.1,61,0.10
2023-08-15T16:00,24.1,58,0.00
2023-08-15T17:00,23.8,57,0.00
2023-08-15T18:00,22.8,66,0.00
2023-08-15T19:00,20.2,75,0.00
2023-08-15T20:00,19.1,77,0.00
2023-08-15T21:00,18.3,79,0.00
2023-08-15T22:00,17.8,79,0.00
2023-08-15T23:00,17.1,83,0.00
2023-08-16T00:00,16.8,85,0.00
2023-08-16T01:00,16.6,85,0.00
2023-08-16T02:00,16.2,84,0.00
2023-08-16T03:00,16.2,82,0.00
2023-08-16T04:00,15.8,83,0.00
2023-08-16T05:00,15.8,82,0.00
2023-08-16T06:00,16.5,81,0.00
2023-08-16T07:00,17.7,79,0.00
2023-08-16T08:00,19.4,77,0.00
2023-08-16T09:00,21.4,74,0.00
2023-08-16T10:00,23.3,67,0.00
2023-08-16T11:00,24.5,60,0.00
2023-08-16T12:00,25.2,57,0.00
2023-08-16T13:00,25.5,56,0.10
2023-08-16T14:00,25.7,55,0.00
2023-08-16T15:00,25.9,54,0.00
2023-08-16T16:00,25.9,53,0.00
2023-08-16T17:00,25.4,54,0.00
2023-08-16T18:00,24.1,64,0.00
2023-08-16T19:00,22.2,70,0.00
2023-08-16T20:00,21.0,71,0.00
2023-08-16T21:00,20.3,76,0.00
2023-08-16T22:00,19.6,82,0.00
2023-08-16T23:00,19.1,85,0.00
2023-08-17T00:00,19.8,81,0.00
2023-08-17T01:00,19.0,88,0.60
2023-08-17T02:00,18.5,91,0.10
2023-08-17T03:00,17.9,92,0.00
2023-08-17T04:00,17.5,94,0.00
2023-08-17T05:00,16.7,96,0.00
2023-08-17T06:00,17.7,94,0.00
2023-08-17T07:00,18.7,91,0.00
2023-08-17T08:00,20.5,82,0.00
2023-08-17T09:00,21.9,80,0.00
2023-08-17T10:00,23.5,73,0.00
2023-08-17T11:00,24.9,65,0.00
2023-08-17T12:00,26.2,53,0.00
2023-08-17T13:00,27.1,52,0.00
2023-08-17T14:00,27.5,52,0.00
2023-08-17T15:00,27.4,53,0.00
2023-08-17T16:00,27.0,56,0.00
2023-08-17T17:00,26.5,58,0.00
2023-08-17T18:00,25.4,66,0.00
2023-08-17T19:00,23.0,75,0.00
2023-08-17T20:00,21.9,80,0.00
2023-08-17T21:00,20.7,86,0.00
2023-08-17T22:00,19.8,89,0.00
2023-08-17T23:00,19.4,91,0.00
2023-08-18T00:00,20.0,87,0.00
2023-08-18T01:00,19.1,94,0.00
2023-08-18T02:00,18.6,95,0.00
2023-08-18T03:00,18.2,97,0.00
2023-08-18T04:00,18.0,98,0.00
2023-08-18T05:00,17.6,98,0.00
2023-08-18T06:00,18.7,95,0.00
2023-08-18T07:00,20.1,90,0.00
2023-08-18T08:00,22.2,84,0.00
2023-08-18T09:00,24.1,80,0.00
2023-08-18T10:00,25.9,74,0.00
2023-08-18T11:00,26.7,72,0.00
2023-08-18T12:00,24.0,88,0.30
2023-08-18T13:00,27.7,75,0.10
2023-08-18T14:00,28.9,68,0.10
2023-08-18T15:00,30.7,59,0.00
2023-08-18T16:00,30.8,57,0.00
2023-08-18T17:00,30.4,58,0.00
2023-08-18T18:00,28.9,67,0.00
2023-08-18T19:00,27.0,73,0.00
2023-08-18T20:00,26.2,77,0.00
2023-08-18T21:00,25.2,79,0.00
2023-08-18T22:00,23.7,87,0.00
2023-08-18T23:00,24.4,82,0.00
2023-08-19T00:00,25.4,79,0.00
2023-08-19T01:00,23.9,85,0.90
2023-08-19T02:00,23.9,84,0.00
2023-08-19T03:00,23.3,82,0.00
2023-08-19T04:00,22.6,82,0.00
2023-08-19T05:00,21.6,84,0.00
2023-08-19T06:00,22.0,81,0.00
2023-08-19T07:00,23.0,74,0.00
2023-08-19T08:00,23.8,68,0.00
2023-08-19T09:00,24.5,65,0.70
2023-08-19T10:00,22.2,68,2.70
2023-08-19T11:00,20.1,81,1.80
2023-08-19T12:00,23.4,65,0.80
2023-08-19T13:00,25.2,62,0.00
2023-08-19T14:00,25.4,63,0.00
2023-08-19T15:00,26.6,60,0.00
2023-08-19T16:00,27.1,58,0.00
2023-08-19T17:00,26.7,59,0.00
2023-08-19T18:00,25.5,67,0.00
2023-08-19T19:00,23.3,74,0.00
2023-08-19T20:00,21.9,81,0.00
2023-08-19T21:00,20.9,86,0.00
2023-08-19T22:00,19.6,92,0.00
2023-08-19T23:00,18.4,94,0.00
2023-08-20T00:00,18.6,95,0.00
2023-08-20T01:00,18.4,92,0.00
2023-08-20T02:00,17.9,93,0.00
2023-08-20T03:00,17.4,94,0.00
2023-08-20T04:00,16.9,96,0.00
2023-08-20T05:00,17.1,96,0.00
2023-08-20T06:00,18.3,90,0.00
2023-08-20T07:00,19.6,87,0.00
2023-08-20T08:00,21.8,83,0.00
2023-08-20T09:00,24.0,78,0.00
2023-08-20T10:00,25.8,70,0.00
2023-08-20T11:00,27.0,61,0.10
2023-08-20T12:00,27.9,59,0.00
2023-08-20T13:00,28.3,57,0.20
2023-08-20T14:00,28.8,54,0.00
2023-08-20T15:00,29.2,50,0.00
2023-08-20T16:00,29.3,48,0.00
2023-08-20T17:00,28.6,46,0.00
2023-08-20T18:00,27.1,55,0.00
2023-08-20T19:00,24.9,58,0.00
2023-08-20T20:00,23.0,68,0.00
2023-08-20T21:00,21.4,74,0.00
2023-08-20T22:00,20.4,75,0.00
2023-08-20T23:00,20.0,74,0.00
2023-08-21T00:00,19.0,76,0.00
2023-08-21T01:00,18.3,78,0.00
2023-08-21T02:00,17.7,81,0.00
2023-08-21T03:00,17.0,84,0.00
2023-08-21T04:00,16.4,87,0.00
2023-08-21T05:00,16.1,88,0.00
2023-08-21T06:00,17.0,84,0.00
2023-08-21T07:00,18.1,78,0.00
2023-08-21T08:00,20.0,71,0.00
2023-08-21T09:00,21.9,62,0.00
2023-08-21T10:00,23.4,56,0.00
2023-08-21T11:00,24.6,51,0.00
2023-08-21T12:00,26.0,49,0.00
2023-08-21T13:00,26.8,47,0.00
2023-08-21T14:00,27.2,47,0.00
2023-08-21T15:00,27.3,46,0.00
2023-08-21T16:00,27.2,47,0.00
2023-08-21T17:00,26.8,48,0.00
2023-08-21T18:00,25.4,60,0.00
2023-08-21T19:00,22.4,71,0.00
2023-08-21T20:00,21.3,73,0.00
2023-08-21T21:00,20.2,76,0.00
2023-08-21T22:00,19.5,75,0.00
2023-08-21T23:00,18.9,77,0.00
2023-08-22T00:00,18.6,73,0.00
2023-08-22T01:00,18.0,76,0.00
2023-08-22T02:00,17.4,80,0.00
2023-08-22T03:00,16.7,85,0.00
2023-08-22T04:00,16.2,88,0.00
2023-08-22T05:00,15.9,90,0.00
2023-08-22T06:00,17.4,83,0.00
2023-08-22T07:00,19.3,77,0.00
2023-08-22T08:00,21.6,71,0.00
2023-08-22T09:00,24.1,64,0.00
2023-08-22T10:00,26.1,56,0.00
2023-08-22T11:00,27.5,52,0.00
2023-08-22T12:00,27.6,48,0.00
2023-08-22T13:00,28.5,48,0.00
2023-08-22T14:00,29.0,48,0.00
2023-08-22T15:00,29.3,47,0.00
2023-08-22T16:00,29.5,47,0.00
2023-08-22T17:00,28.9,48,0.00
2023-08-22T18:00,27.3,55,0.00
2023-08-22T19:00,25.1,60,0.00
2023-08-22T20:00,23.9,64,0.00
2023-08-22T21:00,22.4,71,0.00
2023-08-22T22:00,21.5,75,0.00
2023-08-22T23:00,20.6,76,0.00
2023-08-23T00:00,20.0,75,0.00
2023-08-23T01:00,19.3,75,0.00
2023-08-23T02:00,18.6,77,0.00
2023-08-23T03:00,18.2,78,0.00
2023-08-23T04:00,17.8,80,0.00
2023-08-23T05:00,17.4,82,0.00
2023-08-23T06:00,18.3,80,0.00
2023-08-23T07:00,19.9,76,0.00
2023-08-23T08:00,22.1,72,0.00
2023-08-23T09:00,24.3,65,0.00
2023-08-23T10:00,26.1,60,0.00
2023-08-23T11:00,27.9,56,0.00
2023-08-23T12:00,28.9,52,0.00
2023-08-23T13:00,29.8,50,0.00
2023-08-23T14:00,30.3,49,0.00
2023-08-23T15:00,30.5,48,0.00
2023-08-23T16:00,30.6,47,0.00
2023-08-23T17:00,30.2,48,0.00
2023-08-23T18:00,28.9,53,0.00
2023-08-23T19:00,26.9,60,0.00
2023-08-23T20:00,25.9,63,0.00
2023-08-23T21:00,25.0,66,0.00
2023-08-23T22:00,23.6,72,0.00
2023-08-23T23:00,23.1,73,0.00
2023-08-24T00:00,23.3,78,0.00
2023-08-24T01:00,22.5,87,1.00
2023-08-24T02:00,21.3,86,2.20
2023-08-24T03:00,20.9,88,0.10
2023-08-24T04:00,19.4,94,0.00
2023-08-24T05:00,19.6,95,0.00
2023-08-24T06:00,20.4,91,0.00
2023-08-24T07:00,21.5,89,0.00
2023-08-24T08:00,21.0,90,7.60
2023-08-24T09:00,20.6,93,0.30
2023-08-24T10:00,22.8,85,0.20
2023-08-24T11:00,21.6,91,1.20
2023-08-24T12:00,24.2,78,0.20
2023-08-24T13:00,23.1,89,1.20
2023-08-24T14:00,23.3,88,0.00
2023-08-24T15:00,24.9,80,0.00
2023-08-24T16:00,26.2,74,0.00
2023-08-24T17:00,26.0,66,0.00
2023-08-24T18:00,25.0,72,0.00
2023-08-24T19:00,23.6,80,0.00
2023-08-24T20:00,23.0,82,0.00
2023-08-24T21:00,23.2,80,0.00
2023-08-24T22:00,22.6,83,0.00
2023-08-24T23:00,21.7,86,0.00
2023-08-25T00:00,20.9,92,1.00
2023-08-25T01:00,20.3,89,1.80
2023-08-25T02:00,20.2,89,0.00
2023-08-25T03:00,19.3,94,13.50
2023-08-25T04:00,19.3,97,5.90
2023-08-25T05:00,19.1,98,2.30
2023-08-25T06:00,19.5,96,0.00
2023-08-25T07:00,20.1,96,0.90
2023-08-25T08:00,19.6,90,0.40
2023-08-25T09:00,19.8,88,0.00
2023-08-25T10:00,20.6,82,0.00
2023-08-25T11:00,22.4,71,0.00
2023-08-25T12:00,21.4,75,0.00
2023-08-25T13:00,21.4,75,0.40
2023-08-25T14:00,21.3,74,0.30
2023-08-25T15:00,21.0,70,0.10
2023-08-25T16:00,20.8,62,0.10
2023-08-25T17:00,20.7,60,0.00
2023-08-25T18:00,19.5,62,0.00
2023-08-25T19:00,18.6,64,0.00
2023-08-25T20:00,18.0,66,0.00
2023-08-25T21:00,17.3,69,0.00
2023-08-25T22:00,15.3,82,0.00
2023-08-25T23:00,14.5,86,0.00
2023-08-26T00:00,16.0,80,0.00
2023-08-26T01:00,15.2,82,0.00
2023-08-26T02:00,14.7,80,0.00
2023-08-26T03:00,14.5,79,0.00
2023-08-26T04:00,14.1,83,0.00
2023-08-26T05:00,13.9,85,0.00
2023-08-26T06:00,14.2,84,0.00
2023-08-26T07:00,15.4,79,0.00
2023-08-26T08:00,17.3,70,0.00
2023-08-26T09:00,18.6,63,0.00
2023-08-26T10:00,19.9,54,0.10
2023-08-26T11:00,21.2,47,0.10
2023-08-26T12:00,20.2,57,0.20
2023-08-26T13:00,20.3,57,0.00
2023-08-26T14:00,21.4,51,0.00
2023-08-26T15:00,21.4,50,0.00
2023-08-26T16:00,21.0,51,0.10
2023-08-26T17:00,20.8,51,0.00
2023-08-26T18:00,19.5,56,0.00
2023-08-26T19:00,17.9,63,0.00
2023-08-26T20:00,16.2,78,0.00
2023-08-26T21:00,16.3,74,0.00
2023-08-26T22:00,14.7,88,0.00
2023-08-26T23:00,14.3,88,0.00
2023-08-27T00:00,14.2,88,0.00
2023-08-27T01:00,13.2,92,0.00
2023-08-27T02:00,12.8,94,0.00
2023-08-27T03:00,12.3,96,0.00
2023-08-27T04:00,12.4,95,0.00
2023-08-27T05:00,12.0,95,0.00
2023-08-27T06:00,12.8,93,0.00
2023-08-27T07:00,14.2,86,0.00
2023-08-27T08:00,16.0,76,0.00
2023-08-27T09:00,17.5,66,0.00
2023-08-27T10:00,18.7,58,0.10
2023-08-27T11:00,19.8,52,0.10
2023-08-27T12:00,18.8,58,0.10
2023-08-27T13:00,19.7,58,0.10
2023-08-27T14:00,20.9,53,0.10
2023-08-27T15:00,20.6,53,0.00
2023-08-27T16:00,19.1,64,0.10
2023-08-27T17:00,18.9,65,0.00
2023-08-27T18:00,18.2,68,0.00
2023-08-27T19:00,16.7,75,0.00
2023-08-27T20:00,16.0,77,0.00
2023-08-27T21:00,15.1,80,0.00
2023-08-27T22:00,14.3,84,0.00
2023-08-27T23:00,13.8,87,0.00
2023-08-28T00:00,13.9,88,0.00
2023-08-28T01:00,14.1,87,0.00
2023-08-28T02:00,13.8,88,0.10
2023-08-28T03:00,13.4,92,0.80
2023-08-28T04:00,13.1,96,0.60
2023-08-28T05:00,13.6,94,0.00
2023-08-28T06:00,14.1,93,0.00
2023-08-28T07:00,15.0,88,0.00
2023-08-28T08:00,16.0,85,0.00
2023-08-28T09:00,17.2,80,0.10
2023-08-28T10:00,18.6,68,0.10
2023-08-28T11:00,18.5,66,0.10
2023-08-28T12:00,18.6,67,0.10
2023-08-28T13:00,20.2,61,0.00
2023-08-28T14:00,20.9,56,0.00
2023-08-28T15:00,18.6,66,0.20
2023-08-28T16:00,19.5,61,0.10
2023-08-28T17:00,19.9,55,0.10
2023-08-28T18:00,18.6,60,0.00
2023-08-28T19:00,16.9,68,0.00
2023-08-28T20:00,16.2,72,0.00
2023-08-28T21:00,15.1,76,0.00
2023-08-28T22:00,14.1,81,0.00
2023-08-28T23:00,13.3,85,0.00
2023-08-29T00:00,13.1,89,0.00
2023-08-29T01:00,12.3,95,0.00
2023-08-29T02:00,12.1,96,0.00
2023-08-29T03:00,11.7,97,0.00
2023-08-29T04:00,11.1,99,0.00
2023-08-29T05:00,10.6,100,0.00
2023-08-29T06:00,12.3,97,0.00
2023-08-29T07:00,14.2,90,0.00
2023-08-29T08:00,16.1,81,0.00
2023-08-29T09:00,17.8,75,0.00
2023-08-29T10:00,19.0,66,0.10
2023-08-29T11:00,19.7,60,0.20
2023-08-29T12:00,18.2,68,0.10
2023-08-29T13:00,18.5,68,0.40
2023-08-29T14:00,20.2,56,0.20
2023-08-29T15:00,20.7,53,0.00
2023-08-29T16:00,20.5,53,0.00
2023-08-29T17:00,19.8,56,0.00
2023-08-29T18:00,18.6,63,0.00
2023-08-29T19:00,16.2,79,0.00
2023-08-29T20:00,15.5,81,0.00
2023-08-29T21:00,14.8,83,0.00
2023-08-29T22:00,13.8,87,0.00
2023-08-29T23:00,13.0,90,0.00
2023-08-30T00:00,13.0,93,0.00
2023-08-30T01:00,12.9,92,0.00
2023-08-30T02:00,14.2,83,0.00
2023-08-30T03:00,14.7,79,0.00
2023-08-30T04:00,14.3,81,0.30
2023-08-30T05:00,14.2,82,0.00
2023-08-30T06:00,14.7,79,0.30
2023-08-30T07:00,15.2,82,0.50
2023-08-30T08:00,16.8,77,0.00
2023-08-30T09:00,17.3,74,0.00
2023-08-30T10:00,18.6,68,0.10
2023-08-30T11:00,19.5,62,0.10
2023-08-30T12:00,19.4,52,0.00
2023-08-30T13:00,19.2,49,0.00
2023-08-30T14:00,19.9,46,0.00
2023-08-30T15:00,20.0,45,0.00
2023-08-30T16:00,19.6,44,0.00
2023-08-30T17:00,19.0,45,0.00
2023-08-30T18:00,17.8,51,0.00
2023-08-30T19:00,15.5,61,0.00
2023-08-30T20:00,14.9,66,0.00
2023-08-30T21:00,14.0,73,0.00
2023-08-30T22:00,13.6,78,0.00
2023-08-30T23:00,12.5,85,0.00
2023-08-31T00:00,13.6,80,0.00
2023-08-31T01:00,13.5,82,0.00
2023-08-31T02:00,12.5,87,0.00
2023-08-31T03:00,12.4,88,0.00
2023-08-31T04:00,13.6,82,0.00
2023-08-31T05:00,13.8,81,0.00
2023-08-31T06:00,14.3,79,0.00
2023-08-31T07:00,15.2,76,0.00
2023-08-31T08:00,15.8,71,0.00
2023-08-31T09:00,15.5,75,0.10
2023-08-31T10:00,16.1,75,0.00
2023-08-31T11:00,16.4,76,0.10
2023-08-31T12:00,16.2,78,0.10
2023-08-31T13:00,16.2,82,0.60
2023-08-31T14:00,17.0,82,0.10
2023-08-31T15:00,17.4,83,0.00
2023-08-31T16:00,18.2,82,0.00
2023-08-31T17:00,18.6,87,3.10
2023-08-31T18:00,18.2,89,0.40
2023-08-31T19:00,17.9,90,1.40
2023-08-31T20:00,17.5,91,1.10
2023-08-31T21:00,17.2,92,0.30
2023-08-31T22:00,17.0,91,0.10
2023-08-31T23:00,16.7,93,0.00
2023-09-01T00:00,17.3,93,0.00
2023-09-01T01:00,17.3,91,0.20
2023-09-01T02:00,16.9,91,0.00
2023-09-01T03:00,16.7,92,0.00
2023-09-01T04:00,16.4,93,0.00
2023-09-01T05:00,16.6,92,0.00
2023-09-01T06:00,17.2,91,0.00
2023-09-01T07:00,18.0,90,0.20
2023-09-01T08:00,17.7,93,0.60
2023-09-01T09:00,18.8,86,0.10
2023-09-01T10:00,20.9,75,0.00
2023-09-01T11:00,22.5,67,0.00
2023-09-01T12:00,21.2,76,0.00
2023-09-01T13:00,22.7,68,0.10
2023-09-01T14:00,22.7,65,0.10
2023-09-01T15:00,23.0,62,0.00
2023-09-01T16:00,21.9,70,0.70
2023-09-01T17:00,20.5,81,0.00
2023-09-01T18:00,19.3,89,0.10
2023-09-01T19:00,18.8,91,0.70
2023-09-01T20:00,18.7,93,0.30
2023-09-01T21:00,17.6,96,0.00
2023-09-01T22:00,17.4,95,0.00
2023-09-01T23:00,17.0,97,0.00
2023-09-02T00:00,17.5,92,0.00
2023-09-02T01:00,17.2,93,0.10
2023-09-02T02:00,16.8,92,0.10
2023-09-02T03:00,16.0,95,0.00
2023-09-02T04:00,15.7,96,0.00
2023-09-02T05:00,15.3,97,0.00
2023-09-02T06:00,16.0,95,0.00
2023-09-02T07:00,17.5,92,0.00
2023-09-02T08:00,19.4,87,0.00
2023-09-02T09:00,21.6,81,0.00
2023-09-02T10:00,23.5,74,0.00
2023-09-02T11:00,25.5,65,0.00
2023-09-02T12:00,26.6,57,0.00
2023-09-02T13:00,27.0,56,0.50
2023-09-02T14:00,26.7,59,0.00
2023-09-02T15:00,26.5,60,0.00
2023-09-02T16:00,26.2,60,0.10
2023-09-02T17:00,25.5,65,0.00
2023-09-02T18:00,24.0,69,0.00
2023-09-02T19:00,22.4,72,0.00
2023-09-02T20:00,21.7,75,0.00
2023-09-02T21:00,21.0,78,0.00
2023-09-02T22:00,20.3,81,0.00
2023-09-02T23:00,19.6,84,0.00
2023-09-03T00:00,19.6,86,0.00
2023-09-03T01:00,19.0,88,0.00
2023-09-03T02:00,18.4,90,0.00
2023-09-03T03:00,17.7,92,0.00
2023-09-03T04:00,17.6,93,0.00
2023-09-03T05:00,17.2,94,0.00
2023-09-03T06:00,17.9,91,0.00
2023-09-03T07:00,19.5,85,0.00
2023-09-03T08:00,21.3,79,0.00
2023-09-03T09:00,23.2,74,0.00
2023-09-03T10:00,25.2,69,0.00
2023-09-03T11:00,27.0,62,0.00
2023-09-03T12:00,28.8,51,0.00
2023-09-03T13:00,29.4,48,0.00
2023-09-03T14:00,29.7,47,0.00
2023-09-03T15:00,29.4,48,0.00
2023-09-03T16:00,28.8,50,0.00
2023-09-03T17:00,27.8,56,0.00
2023-09-03T18:00,25.7,64,0.00
2023-09-03T19:00,24.0,69,0.00
2023-09-03T20:00,22.9,73,0.00
2023-09-03T21:00,21.8,79,0.00
2023-09-03T22:00,20.9,83,0.00
2023-09-03T23:00,20.2,86,0.00
2023-09-04T00:00,20.1,86,0.00
2023-09-04T01:00,19.3,88,0.00
2023-09-04T02:00,18.8,88,0.00
2023-09-04T03:00,18.1,88,0.00
2023-09-04T04:00,17.3,89,0.00
2023-09-04T05:00,16.8,90,0.00
2023-09-04T06:00,17.4,85,0.00
2023-09-04T07:00,18.9,78,0.00
2023-09-04T08:00,20.6,71,0.00
2023-09-04T09:00,22.6,65,0.00
2023-09-04T10:00,24.6,60,0.00
2023-09-04T11:00,26.2,56,0.00
2023-09-04T12:00,28.0,51,0.00
2023-09-04T13:00,28.8,48,0.00
2023-09-04T14:00,29.0,45,0.00
2023-09-04T15:00,28.7,45,0.00
2023-09-04T16:00,28.0,47,0.00
2023-09-04T17:00,26.5,54,0.00
2023-09-04T18:00,24.8,60,0.00
2023-09-04T19:00,23.1,65,0.00
2023-09-04T20:00,22.5,68,0.00
2023-09-04T21:00,22.0,70,0.00
2023-09-04T22:00,21.4,71,0.00
2023-09-04T23:00,20.6,74,0.00
2023-09-05T00:00,20.6,74,0.00
2023-09-05T01:00,19.4,79,0.00
2023-09-05T02:00,18.5,82,0.00
2023-09-05T03:00,18.1,83,0.00
2023-09-05T04:00,17.8,84,0.00
2023-09-05T05:00,17.3,86,0.00
2023-09-05T06:00,18.4,80,0.00
2023-09-05T07:00,20.4,75,0.00
2023-09-05T08:00,22.3,69,0.00
2023-09-05T09:00,24.5,64,0.00
2023-09-05T10:00,26.9,56,0.00
2023-09-05T11:00,28.9,46,0.00
2023-09-05T12:00,29.9,43,0.00
2023-09-05T13:00,31.0,40,0.00
2023-09-05T14:00,31.7,37,0.00
2023-09-05T15:00,31.9,34,0.00
2023-09-05T16:00,31.7,34,0.00
2023-09-05T17:00,30.6,48,0.00
2023-09-05T18:00,28.6,51,0.00
2023-09-05T19:00,25.8,59,0.00
2023-09-05T20:00,26.1,56,0.00
2023-09-05T21:00,25.0,62,0.00
2023-09-05T22:00,22.6,74,0.00
2023-09-05T23:00,20.8,86,0.00
2023-09-06T00:00,19.8,88,0.00
2023-09-06T01:00,19.0,90,0.00
2023-09-06T02:00,18.9,90,0.00
2023-09-06T03:00,19.3,90,0.00
2023-09-06T04:00,17.3,97,0.00
2023-09-06T05:00,16.8,98,0.00
2023-09-06T06:00,17.7,96,0.00
2023-09-06T07:00,19.8,86,0.00
2023-09-06T08:00,22.2,77,0.00
2023-09-06T09:00,24.7,68,0.00
2023-09-06T10:00,27.0,60,0.00
2023-09-06T11:00,28.7,54,0.00
2023-09-06T12:00,30.6,47,0.00
2023-09-06T13:00,31.6,44,0.00
2023-09-06T14:00,32.0,42,0.00
2023-09-06T15:00,32.0,41,0.00
2023-09-06T16:00,31.5,42,0.00
2023-09-06T17:00,30.2,47,0.00
2023-09-06T18:00,27.2,55,0.00
2023-09-06T19:00,24.9,62,0.00
2023-09-06T20:00,23.2,68,0.00
2023-09-06T21:00,21.4,75,0.00
2023-09-06T22:00,20.1,80,0.00
2023-09-06T23:00,19.0,83,0.00
2023-09-07T00:00,19.0,79,0.00
2023-09-07T01:00,17.6,84,0.00
2023-09-07T02:00,18.3,80,0.00
2023-09-07T03:00,15.7,91,0.00
2023-09-07T04:00,15.3,93,0.00
2023-09-07T05:00,14.7,95,0.00
2023-09-07T06:00,15.9,92,0.00
2023-09-07T07:00,18.4,82,0.00
2023-09-07T08:00,21.0,72,0.00
2023-09-07T09:00,23.4,65,0.00
2023-09-07T10:00,25.5,60,0.00
2023-09-07T11:00,27.5,55,0.00
2023-09-07T12:00,28.8,48,0.00
2023-09-07T13:00,29.8,46,0.00
2023-09-07T14:00,30.3,43,0.00
2023-09-07T15:00,30.6,40,0.00
2023-09-07T16:00,30.5,40,0.00
2023-09-07T17:00,29.9,43,0.00
2023-09-07T18:00,26.1,62,0.00
2023-09-07T19:00,24.5,60,0.00
2023-09-07T20:00,23.3,64,0.00
2023-09-07T21:00,22.2,68,0.00
2023-09-07T22:00,21.1,72,0.00
2023-09-07T23:00,20.2,77,0.00
2023-09-08T00:00,21.5,69,0.00
2023-09-08T01:00,19.8,76,0.00
2023-09-08T02:00,19.1,80,0.00
2023-09-08T03:00,18.3,83,0.00
2023-09-08T04:00,18.0,84,0.00
2023-09-08T05:00,17.7,84,0.00
2023-09-08T06:00,19.0,79,0.00
2023-09-08T07:00,21.4,71,0.00
2023-09-08T08:00,24.0,65,0.00
2023-09-08T09:00,26.7,59,0.00
2023-09-08T10:00,29.3,51,0.00
2023-09-08T11:00,31.2,43,0.00
2023-09-08T12:00,32.8,37,0.00
2023-09-08T13:00,33.7,34,0.00
2023-09-08T14:00,33.9,34,0.00
2023-09-08T15:00,33.9,33,0.00
2023-09-08T16:00,33.5,33,0.00
2023-09-08T17:00,32.1,43,0.00
2023-09-08T18:00,28.5,51,0.00
2023-09-08T19:00,26.7,51,0.00
2023-09-08T20:00,26.1,50,0.00
2023-09-08T21:00,23.8,60,0.00
2023-09-08T22:00,24.6,54,0.00
2023-09-08T23:00,21.2,74,0.00
2023-09-09T00:00,21.5,75,0.00
2023-09-09T01:00,20.5,78,0.00
2023-09-09T02:00,20.0,82,0.00
2023-09-09T03:00,19.4,84,0.00
2023-09-09T04:00,19.1,85,0.00
2023-09-09T05:00,18.5,87,0.00
2023-09-09T06:00,19.2,84,0.00
2023-09-09T07:00,21.5,75,0.00
2023-09-09T08:00,24.0,65,0.00
2023-09-09T09:00,26.6,56,0.00
2023-09-09T10:00,29.1,47,0.00
2023-09-09T11:00,31.0,40,0.00
2023-09-09T12:00,32.5,38,0.00
2023-09-09T13:00,33.5,33,0.00
2023-09-09T14:00,34.0,30,0.00
2023-09-09T15:00,34.0,29,0.00
2023-09-09T16:00,33.5,30,0.00
2023-09-09T17:00,32.1,38,0.00
2023-09-09T18:00,28.5,52,0.00
2023-09-09T19:00,26.6,54,0.00
2023-09-09T20:00,26.2,52,0.00
2023-09-09T21:00,25.7,51,0.00
2023-09-09T22:00,24.9,52,0.00
2023-09-09T23:00,24.0,54,0.00
2023-09-10T00:00,23.6,56,0.00
2023-09-10T01:00,22.3,62,0.00
2023-09-10T02:00,21.4,66,0.00
2023-09-10T03:00,20.6,70,0.00
2023-09-10T04:00,20.1,72,0.00
2023-09-10T05:00,19.4,74,0.00
2023-09-10T06:00,20.0,72,0.00
2023-09-10T07:00,22.2,65,0.00
2023-09-10T08:00,24.3,58,0.00
2023-09-10T09:00,26.4,52,0.00
2023-09-10T10:00,28.7,46,0.00
2023-09-10T11:00,30.4,41,0.00
2023-09-10T12:00,32.3,38,0.00
2023-09-10T13:00,33.0,33,0.00
2023-09-10T14:00,33.4,31,0.00
2023-09-10T15:00,33.7,28,0.00
2023-09-10T16:00,33.5,26,0.00
2023-09-10T17:00,32.2,32,0.00
2023-09-10T18:00,28.5,41,0.00
2023-09-10T19:00,26.2,46,0.00
2023-09-10T20:00,25.2,52,0.00
2023-09-10T21:00,24.2,67,0.00
2023-09-10T22:00,23.1,77,0.00
2023-09-10T23:00,22.1,83,0.00
2023-09-11T00:00,21.2,88,0.00
2023-09-11T01:00,20.2,91,0.00
2023-09-11T02:00,19.2,94,0.00
2023-09-11T03:00,18.9,95,0.00
2023-09-11T04:00,19.0,92,0.00
2023-09-11T05:00,18.7,86,0.00
2023-09-11T06:00,18.9,82,0.00
2023-09-11T07:00,20.7,74,0.00
2023-09-11T08:00,22.4,69,0.00
2023-09-11T09:00,23.7,66,0.00
2023-09-11T10:00,25.1,60,0.00
2023-09-11T11:00,26.6,53,0.00
2023-09-11T12:00,22.2,74,0.00
2023-09-11T13:00,24.3,65,0.00
2023-09-11T14:00,26.3,56,0.00
2023-09-11T15:00,26.6,55,0.00
2023-09-11T16:00,26.0,55,0.00
2023-09-11T17:00,25.3,56,0.00
2023-09-11T18:00,23.5,68,0.00
2023-09-11T19:00,22.7,70,0.00
2023-09-11T20:00,22.2,79,0.50
2023-09-11T21:00,21.1,89,0.40
2023-09-11T22:00,20.4,93,0.20
2023-09-11T23:00,19.7,95,0.00
2023-09-12T00:00,19.9,95,0.00
2023-09-12T01:00,18.8,96,4.50
2023-09-12T02:00,18.7,96,3.80
2023-09-12T03:00,18.8,96,0.20
2023-09-12T04:00,18.4,98,0.00
2023-09-12T05:00,18.1,99,0.00
2023-09-12T06:00,18.1,97,1.20
2023-09-12T07:00,18.1,97,1.60
2023-09-12T08:00,18.6,93,0.50
2023-09-12T09:00,19.5,86,0.10
2023-09-12T10:00,20.2,84,1.50
2023-09-12T11:00,19.9,86,2.30
2023-09-12T12:00,18.7,92,0.60
2023-09-12T13:00,18.9,92,4.00
2023-09-12T14:00,18.9,92,2.80
2023-09-12T15:00,19.1,92,2.20
2023-09-12T16:00,19.1,90,1.20
2023-09-12T17:00,19.0,89,0.60
2023-09-12T18:00,18.6,90,0.10
2023-09-12T19:00,16.8,96,0.00
2023-09-12T20:00,16.6,97,0.00
2023-09-12T21:00,16.3,97,0.00
2023-09-12T22:00,17.0,96,0.00
2023-09-12T23:00,17.3,96,0.00
2023-09-13T00:00,17.9,95,0.00
2023-09-13T01:00,17.8,95,0.00
2023-09-13T02:00,17.1,97,0.00
2023-09-13T03:00,16.9,97,0.00
2023-09-13T04:00,16.6,97,0.00
2023-09-13T05:00,16.3,97,0.00
2023-09-13T06:00,16.3,97,0.00
2023-09-13T07:00,17.2,94,0.00
2023-09-13T08:00,18.2,86,0.00
2023-09-13T09:00,19.5,77,0.00
2023-09-13T10:00,20.5,72,0.20
2023-09-13T11:00,21.6,65,0.10
2023-09-13T12:00,20.2,73,0.00
2023-09-13T13:00,20.4,73,0.20
2023-09-13T14:00,20.5,73,0.10
2023-09-13T15:00,20.8,71,0.10
2023-09-13T16:00,21.0,68,0.10
2023-09-13T17:00,20.8,69,0.00
2023-09-13T18:00,19.2,81,0.00
2023-09-13T19:00,18.6,82,0.00
2023-09-13T20:00,19.2,80,0.00
2023-09-13T21:00,18.8,83,0.00
2023-09-13T22:00,18.7,82,0.00
2023-09-13T23:00,16.9,93,0.00
2023-09-14T00:00,16.4,94,0.00
2023-09-14T01:00,16.2,96,0.00
2023-09-14T02:00,14.0,100,0.00
2023-09-14T03:00,14.0,100,0.00
2023-09-14T04:00,13.5,100,0.00
2023-09-14T05:00,13.3,100,0.00
2023-09-14T06:00,13.4,100,0.00
2023-09-14T07:00,14.8,98,0.00
2023-09-14T08:00,16.8,91,0.00
2023-09-14T09:00,19.4,78,0.00
2023-09-14T10:00,21.6,64,0.00
2023-09-14T11:00,22.8,51,0.00
2023-09-14T12:00,22.7,61,0.00
2023-09-14T13:00,22.9,60,0.10
2023-09-14T14:00,23.2,59,0.00
2023-09-14T15:00,23.4,57,0.00
2023-09-14T16:00,23.3,56,0.00
2023-09-14T17:00,22.9,58,0.00
2023-09-14T18:00,21.0,69,0.00
2023-09-14T19:00,19.4,75,0.00
2023-09-14T20:00,18.6,77,0.00
2023-09-14T21:00,17.5,82,0.00
2023-09-14T22:00,16.8,83,0.00
2023-09-14T23:00,15.8,86,0.00
2023-09-15T00:00,15.9,84,0.00
2023-09-15T01:00,14.5,89,0.00
2023-09-15T02:00,13.9,90,0.00
2023-09-15T03:00,13.7,91,0.00
2023-09-15T04:00,13.1,94,0.00
2023-09-15T05:00,12.7,95,0.00
2023-09-15T06:00,13.4,95,0.00
2023-09-15T07:00,15.5,88,0.00
2023-09-15T08:00,17.8,79,0.00
2023-09-15T09:00,20.0,72,0.00
2023-09-15T10:00,21.9,67,0.00
2023-09-15T11:00,23.3,61,0.00
2023-09-15T12:00,24.9,54,0.00
2023-09-15T13:00,25.7,49,0.00
2023-09-15T14:00,26.1,46,0.00
2023-09-15T15:00,26.0,45,0.00
2023-09-15T16:00,25.7,45,0.00
2023-09-15T17:00,24.5,55,0.00
2023-09-15T18:00,21.9,63,0.00
2023-09-15T19:00,20.5,66,0.00
2023-09-15T20:00,19.6,67,0.00
2023-09-15T21:00,18.6,72,0.00
2023-09-15T22:00,17.8,76,0.00
2023-09-15T23:00,17.3,79,0.00
2023-09-16T00:00,17.0,83,0.00
2023-09-16T01:00,15.4,90,0.00
2023-09-16T02:00,16.4,85,0.00
2023-09-16T03:00,14.2,93,0.00
2023-09-16T04:00,13.9,95,0.00
2023-09-16T05:00,13.4,96,0.00
2023-09-16T06:00,13.5,97,0.00
2023-09-16T07:00,15.9,90,0.00
2023-09-16T08:00,18.3,83,0.00
2023-09-16T09:00,20.4,77,0.00
2023-09-16T10:00,22.2,70,0.00
2023-09-16T11:00,24.0,62,0.00
2023-09-16T12:00,23.4,62,0.00
2023-09-16T13:00,24.3,60,0.00
2023-09-16T14:00,24.5,60,0.00
2023-09-16T15:00,24.3,62,0.00
2023-09-16T16:00,24.0,65,0.00
2023-09-16T17:00,23.3,68,0.00
2023-09-16T18:00,21.3,78,0.00
2023-09-16T19:00,20.0,85,0.00
2023-09-16T20:00,19.0,89,0.00
2023-09-16T21:00,18.7,90,0.00
2023-09-16T22:00,18.0,92,0.00
2023-09-16T23:00,17.2,94,0.00
2023-09-17T00:00,20.0,90,0.00
2023-09-17T01:00,19.7,90,0.40
2023-09-17T02:00,18.4,95,0.10
2023-09-17T03:00,18.6,96,0.00
2023-09-17T04:00,17.3,99,0.00
2023-09-17T05:00,17.3,98,0.00
2023-09-17T06:00,17.3,96,0.00
2023-09-17T07:00,17.8,94,0.00
2023-09-17T08:00,19.0,90,0.00
2023-09-17T09:00,20.5,86,0.00
2023-09-17T10:00,22.1,79,0.00
2023-09-17T11:00,24.3,71,0.00
2023-09-17T12:00,19.9,82,0.00
2023-09-17T13:00,21.7,78,0.20
2023-09-17T14:00,22.7,74,0.00
2023-09-17T15:00,23.3,75,0.00
2023-09-17T16:00,23.6,73,0.00
2023-09-17T17:00,23.1,77,0.00
2023-09-17T18:00,21.5,84,0.00
2023-09-17T19:00,21.0,86,0.00
2023-09-17T20:00,21.0,80,0.20
2023-09-17T21:00,19.8,87,2.30
2023-09-17T22:00,19.2,95,0.30
2023-09-17T23:00,18.6,96,3.00
2023-09-18T00:00,18.2,88,1.20
2023-09-18T01:00,17.8,86,0.00
2023-09-18T02:00,17.7,89,0.00
2023-09-18T03:00,17.3,94,0.00
2023-09-18T04:00,17.1,94,0.00
2023-09-18T05:00,17.3,94,0.00
2023-09-18T06:00,17.2,94,0.00
2023-09-18T07:00,17.8,90,0.00
2023-09-18T08:00,18.8,84,0.00
2023-09-18T09:00,20.3,76,0.00
2023-09-18T10:00,22.0,67,0.00
2023-09-18T11:00,23.4,59,0.00
2023-09-18T12:00,21.4,69,0.00
2023-09-18T13:00,20.9,73,0.80
2023-09-18T14:00,21.6,73,0.40
2023-09-18T15:00,20.9,71,3.30
2023-09-18T16:00,19.5,75,0.10
2023-09-18T17:00,19.1,76,0.10
2023-09-18T18:00,18.4,77,0.00
2023-09-18T19:00,17.4,81,0.00
2023-09-18T20:00,16.8,83,0.00
2023-09-18T21:00,16.3,84,0.00
2023-09-18T22:00,16.1,76,0.00
2023-09-18T23:00,15.6,77,0.00
2023-09-19T00:00,14.6,83,0.00
2023-09-19T01:00,13.5,87,0.00
2023-09-19T02:00,13.2,88,0.00
2023-09-19T03:00,12.9,89,0.00
2023-09-19T04:00,12.7,89,0.00
2023-09-19T05:00,12.7,88,0.00
2023-09-19T06:00,12.9,87,0.00
2023-09-19T07:00,14.3,82,0.00
2023-09-19T08:00,15.7,75,0.00
2023-09-19T09:00,17.4,72,0.00
2023-09-19T10:00,18.8,66,0.00
2023-09-19T11:00,20.2,56,0.00
2023-09-19T12:00,18.5,65,0.00
2023-09-19T13:00,19.2,65,0.80
2023-09-19T14:00,20.5,57,0.00
2023-09-19T15:00,21.1,55,0.00
2023-09-19T16:00,21.2,55,0.00
2023-09-19T17:00,20.7,58,0.00
2023-09-19T18:00,19.7,62,0.00
2023-09-19T19:00,19.5,65,0.00
2023-09-19T20:00,19.1,69,0.00
2023-09-19T21:00,18.2,75,0.00
2023-09-19T22:00,17.9,78,0.00
2023-09-19T23:00,17.9,79,0.00
2023-09-20T00:00,18.1,80,0.00
2023-09-20T01:00,17.5,84,0.00
2023-09-20T02:00,16.9,88,0.00
2023-09-20T03:00,16.2,92,0.00
2023-09-20T04:00,16.2,93,0.00
2023-09-20T05:00,17.0,89,0.00
2023-09-20T06:00,17.2,88,0.00
2023-09-20T07:00,17.6,86,0.00
2023-09-20T08:00,18.8,77,0.00
2023-09-20T09:00,19.7,71,0.00
2023-09-20T10:00,21.0,63,0.00
2023-09-20T11:00,22.6,53,0.00
2023-09-20T12:00,22.4,56,0.00
2023-09-20T13:00,23.2,57,0.00
2023-09-20T14:00,23.3,56,0.00
2023-09-20T15:00,23.8,52,0.00
2023-09-20T16:00,23.5,56,0.10
2023-09-20T17:00,22.6,60,0.00
2023-09-20T18:00,21.6,62,0.00
2023-09-20T19:00,21.2,63,0.00
2023-09-20T20:00,20.9,65,0.00
2023-09-20T21:00,20.7,67,0.00
2023-09-20T22:00,20.6,68,0.00
2023-09-20T23:00,20.0,70,0.00
2023-09-21T00:00,20.2,66,0.00
2023-09-21T01:00,19.5,69,0.80
2023-09-21T02:00,18.8,76,0.60
2023-09-21T03:00,18.6,78,0.30
2023-09-21T04:00,18.1,80,0.20
2023-09-21T05:00,17.7,82,0.10
2023-09-21T06:00,17.2,87,1.10
2023-09-21T07:00,17.3,88,1.40
2023-09-21T08:00,17.2,89,1.50
2023-09-21T09:00,17.6,90,0.80
2023-09-21T10:00,17.6,91,2.00
2023-09-21T11:00,17.0,92,6.00
2023-09-21T12:00,16.0,91,3.60
2023-09-21T13:00,16.4,87,0.30
2023-09-21T14:00,16.3,86,0.30
2023-09-21T15:00,16.4,83,0.00
2023-09-21T16:00,16.6,77,0.00
2023-09-21T17:00,16.3,76,0.00
2023-09-21T18:00,14.9,81,0.00
2023-09-21T19:00,14.8,78,0.00
2023-09-21T20:00,14.1,80,0.00
2023-09-21T21:00,14.1,83,0.00
2023-09-21T22:00,13.8,85,0.00
2023-09-21T23:00,13.6,84,0.00
2023-09-22T00:00,12.9,90,0.00
2023-09-22T01:00,12.6,91,0.10
2023-09-22T02:00,12.1,92,0.00
2023-09-22T03:00,11.6,93,0.00
2023-09-22T04:00,11.1,95,0.00
2023-09-22T05:00,11.0,95,0.00
2023-09-22T06:00,11.3,94,0.00
2023-09-22T07:00,12.1,90,1.90
2023-09-22T08:00,12.3,91,1.20
2023-09-22T09:00,12.8,89,4.00
2023-09-22T10:00,13.1,85,0.30
2023-09-22T11:00,14.9,70,0.00
2023-09-22T12:00,12.9,74,0.00
2023-09-22T13:00,13.5,76,0.50
2023-09-22T14:00,15.6,64,0.10
2023-09-22T15:00,16.4,58,0.00
2023-09-22T16:00,16.5,55,0.00
2023-09-22T17:00,15.8,60,0.00
2023-09-22T18:00,14.3,65,0.00
2023-09-22T19:00,12.7,74,0.00
2023-09-22T20:00,12.1,76,0.00
2023-09-22T21:00,11.9,79,0.00
2023-09-22T22:00,11.7,81,0.00
2023-09-22T23:00,11.4,83,0.00
2023-09-23T00:00,12.2,89,0.00
2023-09-23T01:00,11.4,93,0.00
2023-09-23T02:00,11.1,93,0.00
2023-09-23T03:00,10.8,93,0.00
2023-09-23T04:00,10.5,92,0.00
2023-09-23T05:00,10.3,92,0.00
2023-09-23T06:00,10.2,91,0.00
2023-09-23T07:00,11.4,88,0.00
2023-09-23T08:00,13.0,83,0.00
2023-09-23T09:00,14.6,74,0.00
2023-09-23T10:00,16.0,62,0.00
2023-09-23T11:00,16.8,56,0.00
2023-09-23T12:00,16.9,64,0.00
2023-09-23T13:00,17.3,60,0.10
2023-09-23T14:00,16.7,61,0.10
2023-09-23T15:00,16.7,61,0.10
2023-09-23T16:00,16.9,59,0.00
2023-09-23T17:00,16.5,73,0.00
2023-09-23T18:00,14.1,74,0.00
2023-09-23T19:00,12.7,83,0.00
2023-09-23T20:00,12.2,87,0.00
2023-09-23T21:00,11.4,90,0.00
2023-09-23T22:00,10.7,91,0.00
2023-09-23T23:00,9.6,92,0.00
2023-09-24T00:00,9.4,96,0.00
2023-09-24T01:00,8.2,97,0.00
2023-09-24T02:00,7.8,97,0.00
2023-09-24T03:00,7.6,97,0.00
2023-09-24T04:00,7.6,97,0.00
2023-09-24T05:00,7.4,96,0.00
2023-09-24T06:00,7.9,95,0.00
2023-09-24T07:00,10.1,89,0.00
2023-09-24T08:00,12.3,84,0.00
2023-09-24T09:00,14.9,75,0.00
2023-09-24T10:00,16.8,63,0.00
2023-09-24T11:00,18.0,54,0.00
2023-09-24T12:00,19.1,52,0.00
2023-09-24T13:00,19.6,50,0.00
2023-09-24T14:00,19.9,49,0.00
2023-09-24T15:00,19.9,49,0.00
2023-09-24T16:00,19.4,52,0.00
2023-09-24T17:00,18.1,61,0.00
2023-09-24T18:00,16.0,66,0.00
2023-09-24T19:00,15.1,69,0.00
2023-09-24T20:00,14.2,72,0.00
2023-09-24T21:00,13.4,75,0.00
2023-09-24T22:00,12.6,78,0.00
2023-09-24T23:00,12.2,80,0.00
2023-09-25T00:00,12.0,82,0.00
2023-09-25T01:00,10.5,88,0.00
2023-09-25T02:00,10.1,90,0.00
2023-09-25T03:00,9.6,92,0.00
2023-09-25T04:00,9.2,93,0.00
2023-09-25T05:00,9.1,94,0.00
2023-09-25T06:00,9.0,95,0.00
2023-09-25T07:00,11.0,89,0.00
2023-09-25T08:00,13.4,82,0.00
2023-09-25T09:00,16.2,75,0.00
2023-09-25T10:00,18.6,68,0.00
2023-09-25T11:00,20.4,64,0.00
2023-09-25T12:00,21.4,61,0.00
2023-09-25T13:00,22.3,61,0.00
2023-09-25T14:00,22.6,61,0.00
2023-09-25T15:00,22.8,60,0.00
2023-09-25T16:00,22.5,61,0.00
2023-09-25T17:00,21.1,69,0.00
2023-09-25T18:00,19.0,73,0.00
2023-09-25T19:00,19.2,71,0.00
2023-09-25T20:00,17.5,80,0.00
2023-09-25T21:00,17.6,79,0.00
2023-09-25T22:00,16.3,83,0.00
2023-09-25T23:00,16.6,80,0.00
2023-09-26T00:00,15.6,83,0.00
2023-09-26T01:00,14.4,87,0.00
2023-09-26T02:00,13.9,87,0.00
2023-09-26T03:00,13.3,88,0.00
2023-09-26T04:00,13.1,88,0.00
2023-09-26T05:00,12.6,91,0.00
2023-09-26T06:00,12.6,90,0.00
2023-09-26T07:00,13.8,85,0.00
2023-09-26T08:00,15.5,80,0.00
2023-09-26T09:00,17.0,76,0.00
2023-09-26T10:00,18.8,72,0.00
2023-09-26T11:00,20.1,69,0.00
2023-09-26T12:00,22.1,62,0.00
2023-09-26T13:00,23.3,58,0.00
2023-09-26T14:00,23.7,56,0.00
2023-09-26T15:00,23.5,56,0.00
2023-09-26T16:00,23.1,60,0.00
2023-09-26T17:00,21.1,76,0.00
2023-09-26T18:00,20.1,71,0.00
2023-09-26T19:00,17.0,85,0.00
2023-09-26T20:00,16.5,86,0.00
2023-09-26T21:00,15.8,85,0.00
2023-09-26T22:00,15.2,87,0.00
2023-09-26T23:00,15.2,88,0.00
2023-09-27T00:00,15.8,89,0.00
2023-09-27T01:00,15.0,92,0.00
2023-09-27T02:00,14.7,94,0.00
2023-09-27T03:00,14.5,96,0.00
2023-09-27T04:00,13.9,100,0.00
2023-09-27T05:00,13.0,100,0.00
2023-09-27T06:00,12.1,100,0.00
2023-09-27T07:00,13.2,99,0.00
2023-09-27T08:00,15.0,96,0.00
2023-09-27T09:00,17.3,88,0.00
2023-09-27T10:00,20.4,77,0.00
2023-09-27T11:00,22.7,65,0.00
2023-09-27T12:00,23.9,56,0.00
2023-09-27T13:00,23.6,58,0.00
2023-09-27T14:00,25.0,54,0.00
2023-09-27T15:00,24.9,55,0.00
2023-09-27T16:00,23.4,60,0.00
2023-09-27T17:00,22.3,64,0.00
2023-09-27T18:00,21.5,65,0.00
2023-09-27T19:00,21.4,63,0.00
2023-09-27T20:00,21.4,65,0.00
2023-09-27T21:00,21.5,69,0.00
2023-09-27T22:00,20.9,76,0.00
2023-09-27T23:00,19.6,82,0.00
2023-09-28T00:00,17.8,92,0.00
2023-09-28T01:00,17.7,93,0.00
2023-09-28T02:00,17.3,94,0.00
2023-09-28T03:00,16.8,95,0.00
2023-09-28T04:00,15.9,97,0.00
2023-09-28T05:00,15.8,97,0.00
2023-09-28T06:00,14.4,99,0.00
2023-09-28T07:00,15.9,94,0.00
2023-09-28T08:00,17.3,78,0.00
2023-09-28T09:00,18.6,71,0.00
2023-09-28T10:00,19.3,67,0.00
2023-09-28T11:00,20.1,63,0.00
2023-09-28T12:00,20.3,60,0.00
2023-09-28T13:00,21.2,57,0.00
2023-09-28T14:00,21.6,53,0.00
2023-09-28T15:00,21.7,52,0.00
2023-09-28T16:00,21.7,53,0.00
2023-09-28T17:00,20.4,62,0.00
2023-09-28T18:00,19.7,64,0.00
2023-09-28T19:00,19.3,66,0.00
2023-09-28T20:00,18.5,70,0.00
2023-09-28T21:00,18.2,72,0.00
2023-09-28T22:00,18.7,71,0.00
2023-09-28T23:00,18.1,75,0.00
2023-09-29T00:00,18.1,78,0.00
2023-09-29T01:00,18.7,79,0.00
2023-09-29T02:00,19.3,81,0.00
2023-09-29T03:00,18.6,85,0.00
2023-09-29T04:00,18.3,87,0.00
2023-09-29T05:00,19.1,82,0.00
2023-09-29T06:00,19.1,82,0.00
2023-09-29T07:00,19.1,80,0.00
2023-09-29T08:00,19.2,74,0.00
2023-09-29T09:00,19.3,70,0.00
2023-09-29T10:00,20.7,62,0.00
2023-09-29T11:00,21.5,58,0.00
2023-09-29T12:00,20.4,64,0.00
2023-09-29T13:00,20.8,62,0.10
2023-09-29T14:00,21.4,57,0.00
2023-09-29T15:00,21.0,59,0.00
2023-09-29T16:00,20.5,60,0.00
2023-09-29T17:00,19.0,62,0.00
2023-09-29T18:00,16.7,66,0.00
2023-09-29T19:00,15.0,75,0.00
2023-09-29T20:00,14.1,82,0.00
2023-09-29T21:00,12.8,89,0.00
2023-09-29T22:00,11.7,93,0.00
2023-09-29T23:00,11.9,92,0.00
2023-09-30T00:00,12.3,92,0.00
2023-09-30T01:00,11.7,96,0.00
2023-09-30T02:00,11.4,98,0.00
2023-09-30T03:00,9.5,100,0.00
2023-09-30T04:00,10.3,100,0.00
2023-09-30T05:00,10.3,100,0.00
2023-09-30T06:00,9.3,100,0.00
2023-09-30T07:00,10.1,98,0.00
2023-09-30T08:00,11.7,97,0.00
2023-09-30T09:00,14.4,88,0.00
2023-09-30T10:00,16.8,73,0.00
2023-09-30T11:00,18.4,66,0.00
2023-09-30T12:00,20.2,65,0.00
2023-09-30T13:00,20.8,61,0.00
2023-09-30T14:00,21.7,56,0.00
2023-09-30T15:00,21.9,54,0.00
2023-09-30T16:00,21.7,57,0.00
2023-09-30T17:00,20.0,69,0.00
2023-09-30T18:00,17.4,77,0.00
2023-09-30T19:00,15.9,84,0.00
2023-09-30T20:00,15.2,87,0.00
2023-09-30T21:00,14.8,89,0.00
2023-09-30T22:00,14.3,91,0.00
2023-09-30T23:00,13.8,93,0.00
2023-10-01T00:00,13.4,95,0.00
2023-10-01T01:00,13.1,95,0.00
2023-10-01T02:00,12.9,96,0.00
2023-10-01T03:00,12.3,97,0.00
2023-10-01T04:00,12.2,98,0.00
2023-10-01T05:00,12.0,98,0.00
2023-10-01T06:00,12.1,97,0.00
2023-10-01T07:00,13.6,92,0.00
2023-10-01T08:00,15.8,85,0.00
2023-10-01T09:00,18.3,77,0.00
2023-10-01T10:00,20.8,68,0.00
2023-10-01T11:00,22.7,60,0.00
2023-10-01T12:00,24.0,58,0.00
2023-10-01T13:00,25.0,55,0.00
2023-10-01T14:00,25.5,51,0.00
2023-10-01T15:00,25.6,49,0.00
2023-10-01T16:00,24.8,54,0.00
2023-10-01T17:00,21.7,70,0.00
2023-10-01T18:00,18.9,78,0.00
2023-10-01T19:00,18.0,81,0.00
2023-10-01T20:00,17.5,83,0.00
2023-10-01T21:00,17.0,86,0.00
2023-10-01T22:00,16.2,89,0.00
2023-10-01T23:00,15.3,90,0.00
2023-10-02T00:00,15.8,92,0.00
2023-10-02T01:00,14.7,93,0.00
2023-10-02T02:00,14.3,93,0.00
2023-10-02T03:00,13.6,96,0.00
2023-10-02T04:00,13.1,96,0.00
2023-10-02T05:00,13.0,96,0.00
2023-10-02T06:00,12.8,96,0.00
2023-10-02T07:00,14.1,91,0.00
2023-10-02T08:00,16.2,83,0.00
2023-10-02T09:00,18.6,75,0.00
2023-10-02T10:00,20.9,68,0.00
2023-10-02T11:00,22.9,63,0.00
2023-10-02T12:00,24.8,57,0.00
2023-10-02T13:00,26.1,54,0.00
2023-10-02T14:00,26.7,52,0.00
2023-10-02T15:00,27.0,51,0.00
2023-10-02T16:00,26.3,56,0.00
2023-10-02T17:00,23.8,63,0.00
2023-10-02T18:00,21.8,70,0.00
2023-10-02T19:00,20.9,72,0.00
2023-10-02T20:00,20.9,68,0.00
2023-10-02T21:00,21.2,63,0.00
2023-10-02T22:00,21.5,61,0.00
2023-10-02T23:00,21.5,61,0.00
2023-10-03T00:00,21.7,64,0.00
2023-10-03T01:00,20.9,71,0.00
2023-10-03T02:00,19.8,79,0.00
2023-10-03T03:00,19.1,82,0.00
2023-10-03T04:00,18.7,84,1.50
2023-10-03T05:00,18.3,87,0.00
2023-10-03T06:00,18.3,88,0.00
2023-10-03T07:00,19.0,86,0.20
2023-10-03T08:00,18.0,91,1.70
2023-10-03T09:00,16.9,89,3.50
2023-10-03T10:00,17.0,77,0.10
2023-10-03T11:00,18.6,63,0.00
2023-10-03T12:00,17.5,72,0.10
2023-10-03T13:00,18.8,63,0.10
2023-10-03T14:00,19.3,55,0.00
2023-10-03T15:00,18.9,55,0.00
2023-10-03T16:00,18.5,56,0.00
2023-10-03T17:00,17.1,61,0.00
2023-10-03T18:00,14.8,70,0.00
2023-10-03T19:00,13.8,75,0.00
2023-10-03T20:00,13.1,79,0.00
2023-10-03T21:00,12.2,84,0.00
2023-10-03T22:00,11.9,86,0.00
2023-10-03T23:00,12.0,84,0.00
2023-10-04T00:00,11.4,88,0.00
2023-10-04T01:00,10.4,92,0.00
2023-10-04T02:00,10.1,93,0.00
2023-10-04T03:00,9.7,95,0.00
2023-10-04T04:00,9.3,95,0.00
2023-10-04T05:00,8.8,96,0.00
2023-10-04T06:00,8.7,97,0.00
2023-10-04T07:00,10.7,91,0.00
2023-10-04T08:00,12.8,84,0.00
2023-10-04T09:00,14.8,77,0.00
2023-10-04T10:00,16.0,72,0.00
2023-10-04T11:00,17.0,65,0.00
2023-10-04T12:00,17.2,65,0.00
2023-10-04T13:00,18.3,59,0.00
2023-10-04T14:00,18.7,56,0.00
2023-10-04T15:00,18.8,54,0.00
2023-10-04T16:00,18.3,55,0.00
2023-10-04T17:00,16.1,68,0.00
2023-10-04T18:00,14.4,74,0.00
2023-10-04T19:00,15.5,68,0.00
2023-10-04T20:00,13.2,79,0.00
2023-10-04T21:00,10.9,91,0.00
2023-10-04T22:00,10.7,94,0.00
2023-10-04T23:00,10.3,94,0.00
2023-10-05T00:00,11.1,94,0.00
2023-10-05T01:00,10.4,95,0.00
2023-10-05T02:00,10.1,96,0.00
2023-10-05T03:00,9.1,96,0.00
2023-10-05T04:00,9.0,95,0.00
2023-10-05T05:00,9.4,94,0.00
2023-10-05T06:00,10.2,93,0.00
2023-10-05T07:00,10.4,94,0.00
2023-10-05T08:00,12.6,84,0.00
2023-10-05T09:00,15.3,74,0.00
2023-10-05T10:00,17.1,66,0.00
2023-10-05T11:00,18.1,60,0.00
2023-10-05T12:00,17.7,59,0.00
2023-10-05T13:00,18.4,56,0.00
2023-10-05T14:00,18.9,55,0.00
2023-10-05T15:00,18.8,55,0.00
2023-10-05T16:00,18.4,57,0.00
2023-10-05T17:00,16.6,68,0.00
2023-10-05T18:00,14.5,77,0.00
2023-10-05T19:00,13.1,84,0.00
2023-10-05T20:00,12.5,86,0.00
2023-10-05T21:00,11.4,90,0.00
2023-10-05T22:00,10.7,92,0.00
2023-10-05T23:00,10.7,92,0.00
2023-10-06T00:00,10.4,94,0.00
2023-10-06T01:00,9.5,94,0.00
2023-10-06T02:00,10.1,92,0.00
2023-10-06T03:00,10.8,91,0.00
2023-10-06T04:00,9.0,96,0.00
2023-10-06T05:00,8.2,98,0.00
2023-10-06T06:00,7.9,99,0.00
2023-10-06T07:00,9.9,94,0.00
2023-10-06T08:00,12.3,85,0.00
2023-10-06T09:00,15.0,77,0.00
2023-10-06T10:00,17.5,68,0.00
2023-10-06T11:00,19.1,60,0.00
2023-10-06T12:00,19.8,53,0.00
2023-10-06T13:00,20.8,49,0.00
2023-10-06T14:00,21.3,46,0.00
2023-10-06T15:00,21.4,45,0.00
2023-10-06T16:00,20.8,51,0.00
2023-10-06T17:00,20.1,48,0.00
2023-10-06T18:00,17.1,59,0.00
2023-10-06T19:00,13.8,74,0.00
2023-10-06T20:00,12.0,84,0.00
2023-10-06T21:00,11.4,85,0.00
2023-10-06T22:00,11.3,84,0.00
2023-10-06T23:00,11.3,83,0.00
2023-10-07T00:00,10.5,93,0.00
2023-10-07T01:00,9.9,94,0.00
2023-10-07T02:00,9.7,95,0.00
2023-10-07T03:00,9.6,95,0.00
2023-10-07T04:00,9.7,95,0.00
2023-10-07T05:00,9.8,94,0.00
2023-10-07T06:00,9.8,94,0.00
2023-10-07T07:00,12.3,87,0.00
2023-10-07T08:00,15.2,79,0.00
2023-10-07T09:00,17.9,72,0.00
2023-10-07T10:00,20.2,65,0.00
2023-10-07T11:00,21.9,58,0.00
2023-10-07T12:00,22.3,54,0.00
2023-10-07T13:00,23.3,51,0.00
2023-10-07T14:00,23.9,49,0.00
2023-10-07T15:00,24.0,48,0.00
2023-10-07T16:00,23.1,57,0.00
2023-10-07T17:00,20.2,67,0.00
2023-10-07T18:00,18.5,70,0.00
2023-10-07T19:00,15.7,83,0.00
2023-10-07T20:00,14.5,88,0.00
2023-10-07T21:00,13.7,89,0.00
2023-10-07T22:00,13.4,88,0.00
2023-10-07T23:00,15.1,79,0.00
2023-10-08T00:00,14.8,82,0.00
2023-10-08T01:00,14.5,83,0.00
2023-10-08T02:00,13.8,87,0.00
2023-10-08T03:00,13.3,89,0.00
2023-10-08T04:00,13.0,90,0.00
2023-10-08T05:00,11.2,97,0.00
2023-10-08T06:00,10.1,98,0.00
2023-10-08T07:00,12.5,91,0.00
2023-10-08T08:00,15.3,80,0.00
2023-10-08T09:00,18.2,71,0.00
2023-10-08T10:00,20.5,63,0.00
2023-10-08T11:00,22.4,57,0.00
2023-10-08T12:00,24.0,51,0.00
2023-10-08T13:00,25.1,46,0.00
2023-10-08T14:00,25.6,43,0.00
2023-10-08T15:00,25.6,42,0.00
2023-10-08T16:00,24.1,53,0.00
2023-10-08T17:00,20.1,64,0.00
2023-10-08T18:00,17.6,71,0.00
2023-10-08T19:00,17.6,69,0.00
2023-10-08T20:00,17.0,69,0.00
2023-10-08T21:00,16.6,68,0.00
2023-10-08T22:00,14.5,76,0.00
2023-10-08T23:00,13.2,81,0.00
2023-10-09T00:00,13.6,82,0.00
2023-10-09T01:00,13.0,83,0.00
2023-10-09T02:00,12.0,87,0.00
2023-10-09T03:00,11.5,90,0.00
2023-10-09T04:00,10.9,92,0.00
2023-10-09T05:00,10.5,94,0.00
2023-10-09T06:00,9.9,96,0.00
2023-10-09T07:00,11.8,94,0.00
2023-10-09T08:00,14.3,85,0.00
2023-10-09T09:00,17.1,75,0.00
2023-10-09T10:00,19.8,62,0.00
2023-10-09T11:00,22.0,51,0.00
2023-10-09T12:00,22.7,41,0.00
2023-10-09T13:00,24.0,36,0.00
2023-10-09T14:00,24.3,34,0.00
2023-10-09T15:00,24.4,35,0.00
2023-10-09T16:00,23.3,61,0.00
2023-10-09T17:00,23.3,38,0.00
2023-10-09T18:00,18.3,54,0.00
2023-10-09T19:00,16.5,61,0.00
2023-10-09T20:00,14.8,68,0.00
2023-10-09T21:00,14.5,69,0.00
2023-10-09T22:00,14.4,69,0.00
2023-10-09T23:00,13.3,73,0.00
2023-10-10T00:00,13.7,77,0.00
2023-10-10T01:00,12.1,84,0.00
2023-10-10T02:00,12.4,82,0.00
2023-10-10T03:00,13.0,81,0.00
2023-10-10T04:00,12.2,85,0.00
2023-10-10T05:00,10.5,92,0.00
2023-10-10T06:00,10.6,92,0.00
2023-10-10T07:00,11.8,89,0.00
2023-10-10T08:00,15.3,75,0.00
2023-10-10T09:00,19.4,62,0.00
2023-10-10T10:00,22.8,54,0.00
2023-10-10T11:00,25.0,46,0.00
2023-10-10T12:00,26.0,42,0.00
2023-10-10T13:00,27.0,37,0.00
2023-10-10T14:00,27.4,35,0.00
2023-10-10T15:00,27.1,36,0.00
2023-10-10T16:00,25.2,46,0.00
2023-10-10T17:00,21.3,54,0.00
2023-10-10T18:00,19.5,58,0.00
2023-10-10T19:00,18.4,59,0.00
2023-10-10T20:00,17.7,61,0.00
2023-10-10T21:00,16.9,65,0.00
2023-10-10T22:00,16.0,71,0.00
2023-10-10T23:00,14.7,77,0.00
2023-10-11T00:00,14.6,76,0.00
2023-10-11T01:00,13.7,79,0.00
2023-10-11T02:00,13.2,81,0.00
2023-10-11T03:00,12.5,83,0.00
2023-10-11T04:00,11.9,84,0.00
2023-10-11T05:00,11.4,84,0.00
2023-10-11T06:00,11.0,84,0.00
2023-10-11T07:00,13.2,76,0.00
2023-10-11T08:00,15.8,68,0.00
2023-10-11T09:00,18.3,62,0.00
2023-10-11T10:00,20.8,56,0.00
2023-10-11T11:00,23.0,49,0.00
2023-10-11T12:00,23.8,44,0.00
2023-10-11T13:00,24.5,42,0.00
2023-10-11T14:00,24.8,41,0.00
2023-10-11T15:00,24.6,40,0.00
2023-10-11T16:00,23.5,44,0.00
2023-10-11T17:00,21.5,47,0.00
2023-10-11T18:00,20.0,52,0.00
2023-10-11T19:00,19.3,54,0.00
2023-10-11T20:00,18.1,61,0.00
2023-10-11T21:00,18.3,63,0.00
2023-10-11T22:00,17.6,65,0.00
2023-10-11T23:00,16.9,66,0.00
2023-10-12T00:00,17.7,64,0.00
2023-10-12T01:00,15.9,71,0.00
2023-10-12T02:00,17.1,64,0.00
2023-10-12T03:00,17.8,60,0.00
2023-10-12T04:00,17.7,61,0.00
2023-10-12T05:00,16.5,69,0.00
2023-10-12T06:00,16.9,66,0.00
2023-10-12T07:00,16.6,75,1.40
2023-10-12T08:00,17.4,78,0.00
2023-10-12T09:00,19.4,76,0.00
2023-10-12T10:00,21.1,72,0.00
2023-10-12T11:00,22.2,69,0.10
2023-10-12T12:00,19.8,84,0.00
2023-10-12T13:00,20.4,83,0.80
2023-10-12T14:00,21.6,76,0.10
2023-10-12T15:00,22.1,72,0.00
2023-10-12T16:00,21.6,74,0.00
2023-10-12T17:00,20.6,77,0.00
2023-10-12T18:00,19.0,83,0.00
2023-10-12T19:00,19.2,82,0.00
2023-10-12T20:00,18.5,87,0.00
2023-10-12T21:00,18.1,89,0.00
2023-10-12T22:00,17.7,90,0.00
2023-10-12T23:00,17.7,90,0.00
2023-10-13T00:00,18.4,89,0.00
2023-10-13T01:00,18.4,91,0.00
2023-10-13T02:00,18.2,92,0.00
2023-10-13T03:00,18.1,88,0.00
2023-10-13T04:00,17.7,84,0.00
2023-10-13T05:00,17.1,83,0.00
2023-10-13T06:00,17.3,79,0.00
2023-10-13T07:00,17.9,75,0.00
2023-10-13T08:00,19.7,64,0.00
2023-10-13T09:00,21.6,57,0.00
2023-10-13T10:00,23.7,49,0.00
2023-10-13T11:00,25.2,44,0.00
2023-10-13T12:00,24.1,56,0.00
2023-10-13T13:00,24.9,53,0.00
2023-10-13T14:00,24.3,55,0.00
2023-10-13T15:00,23.9,54,0.00
2023-10-13T16:00,23.6,54,0.00
2023-10-13T17:00,23.3,55,0.00
2023-10-13T18:00,22.6,57,0.00
2023-10-13T19:00,21.1,66,0.00
2023-10-13T20:00,20.1,69,0.00
2023-10-13T21:00,19.2,70,0.00
2023-10-13T22:00,18.7,74,0.20
2023-10-13T23:00,18.0,77,0.10
2023-10-14T00:00,17.4,84,0.50
2023-10-14T01:00,16.7,87,0.30
2023-10-14T02:00,14.6,82,0.00
2023-10-14T03:00,13.6,80,0.00
2023-10-14T04:00,13.0,80,0.00
2023-10-14T05:00,11.6,85,0.00
2023-10-14T06:00,10.7,87,0.00
2023-10-14T07:00,11.1,83,0.00
2023-10-14T08:00,12.8,73,0.00
2023-10-14T09:00,14.2,63,0.00
2023-10-14T10:00,15.3,52,0.00
2023-10-14T11:00,15.3,50,0.00
2023-10-14T12:00,14.9,62,0.00
2023-10-14T13:00,15.1,60,0.00
2023-10-14T14:00,13.5,72,0.40
2023-10-14T15:00,13.4,74,0.00
2023-10-14T16:00,13.1,71,0.10
2023-10-14T17:00,12.7,74,0.00
2023-10-14T18:00,12.5,74,0.00
2023-10-14T19:00,12.5,74,0.00
2023-10-14T20:00,12.1,75,0.00
2023-10-14T21:00,10.2,84,0.00
2023-10-14T22:00,9.8,85,0.00
2023-10-14T23:00,9.4,86,0.00
2023-10-15T00:00,10.0,88,0.00
2023-10-15T01:00,9.5,90,0.00
2023-10-15T02:00,9.0,92,0.00
2023-10-15T03:00,8.4,93,0.00
2023-10-15T04:00,8.0,94,0.00
2023-10-15T05:00,7.6,95,0.00
2023-10-15T06:00,7.1,96,0.00
2023-10-15T07:00,7.9,93,0.00
2023-10-15T08:00,9.4,86,0.00
2023-10-15T09:00,11.1,75,0.00
2023-10-15T10:00,12.3,62,0.00
2023-10-15T11:00,12.9,49,0.00
2023-10-15T12:00,13.1,46,0.00
2023-10-15T13:00,13.4,41,0.00
2023-10-15T14:00,13.4,41,0.00
2023-10-15T15:00,13.5,39,0.00
2023-10-15T16:00,12.8,42,0.00
2023-10-15T17:00,10.6,54,0.00
2023-10-15T18:00,9.3,59,0.00
2023-10-15T19:00,8.6,61,0.00
2023-10-15T20:00,7.8,64,0.00
2023-10-15T21:00,7.3,67,0.00
2023-10-15T22:00,6.8,68,0.00
2023-10-15T23:00,6.3,70,0.00
2023-10-16T00:00,6.1,73,0.00
2023-10-16T01:00,5.3,79,0.00
2023-10-16T02:00,5.0,86,0.00
2023-10-16T03:00,4.8,91,0.00
2023-10-16T04:00,4.7,92,0.00
2023-10-16T05:00,4.3,94,0.00
2023-10-16T06:00,4.0,94,0.00
2023-10-16T07:00,4.6,91,0.00
2023-10-16T08:00,6.3,82,0.00
2023-10-16T09:00,8.2,74,0.00
2023-10-16T10:00,10.2,66,0.00
2023-10-16T11:00,11.6,59,0.00
2023-10-16T12:00,12.1,55,0.00
2023-10-16T13:00,12.8,51,0.00
2023-10-16T14:00,13.2,49,0.00
2023-10-16T15:00,12.8,50,0.00
2023-10-16T16:00,12.0,54,0.00
2023-10-16T17:00,10.6,58,0.00
2023-10-16T18:00,9.7,60,0.00
2023-10-16T19:00,9.1,61,0.00
2023-10-16T20:00,8.6,62,0.00
2023-10-16T21:00,8.2,63,0.00
2023-10-16T22:00,7.8,63,0.00
2023-10-16T23:00,7.5,64,0.00
2023-10-17T00:00,6.8,69,0.00
2023-10-17T01:00,6.2,72,0.00
2023-10-17T02:00,5.6,75,0.00
2023-10-17T03:00,5.3,77,0.00
2023-10-17T04:00,4.9,79,0.00
2023-10-17T05:00,4.9,79,0.00
2023-10-17T06:00,4.6,82,0.00
2023-10-17T07:00,5.5,79,0.00
2023-10-17T08:00,7.3,73,0.00
2023-10-17T09:00,9.5,67,0.00
2023-10-17T10:00,11.6,64,0.00
2023-10-17T11:00,13.5,61,0.00
2023-10-17T12:00,15.3,60,0.00
2023-10-17T13:00,15.8,60,0.00
2023-10-17T14:00,15.9,61,0.00
2023-10-17T15:00,15.8,62,0.00
2023-10-17T16:00,15.2,67,0.00
2023-10-17T17:00,14.7,69,0.00
2023-10-17T18:00,14.8,70,0.00
2023-10-17T19:00,14.6,72,0.00
2023-10-17T20:00,14.5,71,0.00
2023-10-17T21:00,14.6,69,0.00
2023-10-17T22:00,14.1,73,0.00
2023-10-17T23:00,13.5,75,0.00
2023-10-18T00:00,12.0,79,0.00
2023-10-18T01:00,11.4,82,0.00
2023-10-18T02:00,12.1,78,0.00
2023-10-18T03:00,12.3,79,0.00
2023-10-18T04:00,11.8,84,0.70
2023-10-18T05:00,12.3,87,2.80
2023-10-18T06:00,12.6,88,0.10
2023-10-18T07:00,13.0,89,0.00
2023-10-18T08:00,14.2,87,0.00
2023-10-18T09:00,15.3,84,0.00
2023-10-18T10:00,15.9,85,0.10
2023-10-18T11:00,17.0,83,0.00
2023-10-18T12:00,16.9,90,0.90
2023-10-18T13:00,17.4,91,0.60
2023-10-18T14:00,17.6,91,1.20
2023-10-18T15:00,18.3,88,1.00
2023-10-18T16:00,19.0,87,0.00
2023-10-18T17:00,18.5,89,0.00
2023-10-18T18:00,18.1,88,0.20
2023-10-18T19:00,17.9,88,0.20
2023-10-18T20:00,17.2,86,0.00
2023-10-18T21:00,16.0,87,0.00
2023-10-18T22:00,15.7,89,0.10
2023-10-18T23:00,15.7,91,0.00
2023-10-19T00:00,15.4,92,0.00
2023-10-19T01:00,15.4,92,0.20
2023-10-19T02:00,14.9,94,0.00
2023-10-19T03:00,14.7,95,0.00
2023-10-19T04:00,15.0,95,0.00
2023-10-19T05:00,14.5,95,0.00
2023-10-19T06:00,14.8,94,0.00
2023-10-19T07:00,15.3,92,0.10
2023-10-19T08:00,15.6,91,0.20
2023-10-19T09:00,16.4,89,0.20
2023-10-19T10:00,17.1,87,0.00
2023-10-19T11:00,19.4,73,0.00
2023-10-19T12:00,19.9,71,0.00
2023-10-19T13:00,20.4,69,0.00
2023-10-19T14:00,20.9,66,0.00
2023-10-19T15:00,20.7,65,0.00
2023-10-19T16:00,19.9,65,0.00
2023-10-19T17:00,18.2,74,0.70
2023-10-19T18:00,17.2,84,1.50
2023-10-19T19:00,16.2,90,0.50
2023-10-19T20:00,16.3,89,0.10
2023-10-19T21:00,16.4,85,0.00
2023-10-19T22:00,15.8,91,0.50
2023-10-19T23:00,15.7,92,0.50
2023-10-20T00:00,15.5,93,1.60
2023-10-20T01:00,15.0,94,0.50
2023-10-20T02:00,14.6,95,0.30
2023-10-20T03:00,14.3,96,0.40
2023-10-20T04:00,13.9,97,0.60
2023-10-20T05:00,13.9,96,0.40
2023-10-20T06:00,13.8,96,0.00
2023-10-20T07:00,13.7,94,0.10
2023-10-20T08:00,14.4,90,0.00
2023-10-20T09:00,15.1,87,0.10
2023-10-20T10:00,15.8,83,0.10
2023-10-20T11:00,17.0,75,0.10
2023-10-20T12:00,14.9,91,0.10
2023-10-20T13:00,16.7,82,0.40
2023-10-20T14:00,17.6,78,0.20
2023-10-20T15:00,17.6,74,0.10
2023-10-20T16:00,16.4,79,0.10
2023-10-20T17:00,13.8,91,0.30
2023-10-20T18:00,13.4,94,0.10
2023-10-20T19:00,13.1,94,0.00
2023-10-20T20:00,13.1,95,0.00
2023-10-20T21:00,13.2,93,0.00
2023-10-20T22:00,13.3,93,0.00
2023-10-20T23:00,13.2,93,0.00
2023-10-21T00:00,13.4,93,0.00
2023-10-21T01:00,13.8,89,1.00
2023-10-21T02:00,12.7,87,0.00
2023-10-21T03:00,11.8,87,0.00
2023-10-21T04:00,11.2,86,0.00
2023-10-21T05:00,10.9,84,0.00
2023-10-21T06:00,10.8,85,0.00
2023-10-21T07:00,11.2,81,0.00
2023-10-21T08:00,12.2,74,0.00
2023-10-21T09:00,13.3,69,0.00
2023-10-21T10:00,14.5,60,0.00
2023-10-21T11:00,14.9,64,0.10
2023-10-21T12:00,13.1,81,0.50
2023-10-21T13:00,13.9,78,0.90
2023-10-21T14:00,14.4,74,0.10
2023-10-21T15:00,15.1,66,0.00
2023-10-21T16:00,14.2,71,0.20
2023-10-21T17:00,13.4,76,0.50
2023-10-21T18:00,12.6,86,1.00
2023-10-21T19:00,12.5,88,1.10
2023-10-21T20:00,12.4,88,0.60
2023-10-21T21:00,12.4,88,0.90
2023-10-21T22:00,12.4,89,1.10
2023-10-21T23:00,12.3,89,0.40
2023-10-22T00:00,12.4,89,0.20
2023-10-22T01:00,12.2,89,0.00
2023-10-22T02:00,12.4,89,0.00
2023-10-22T03:00,12.3,87,0.00
2023-10-22T04:00,12.2,86,0.10
2023-10-22T05:00,11.9,90,0.90
2023-10-22T06:00,12.1,90,0.10
2023-10-22T07:00,11.9,90,0.00
2023-10-22T08:00,12.4,85,0.00
2023-10-22T09:00,13.1,82,0.00
2023-10-22T10:00,14.4,73,0.00
2023-10-22T11:00,15.6,63,0.00
2023-10-22T12:00,16.0,59,0.10
2023-10-22T13:00,16.2,57,0.10
2023-10-22T14:00,16.5,56,0.00
2023-10-22T15:00,15.8,60,0.00
2023-10-22T16:00,14.9,68,0.00
2023-10-22T17:00,12.2,82,0.00
2023-10-22T18:00,11.2,88,0.00
2023-10-22T19:00,10.3,91,0.00
2023-10-22T20:00,9.2,93,0.00
2023-10-22T21:00,8.7,95,0.00
2023-10-22T22:00,7.9,95,0.00
2023-10-22T23:00,7.4,97,0.00
2023-10-23T00:00,8.3,96,0.00
2023-10-23T01:00,8.1,95,0.00
2023-10-23T02:00,7.9,95,0.00
2023-10-23T03:00,7.3,96,0.00
2023-10-23T04:00,8.0,94,0.00
2023-10-23T05:00,8.4,92,0.00
2023-10-23T06:00,9.1,90,0.00
2023-10-23T07:00,9.6,87,0.00
2023-10-23T08:00,10.6,81,0.00
2023-10-23T09:00,11.6,77,0.00
2023-10-23T10:00,12.0,75,0.10
2023-10-23T11:00,11.8,81,0.60
2023-10-23T12:00,11.8,88,2.50
2023-10-23T13:00,11.5,92,0.90
2023-10-23T14:00,11.8,90,0.20
2023-10-23T15:00,11.8,91,0.20
2023-10-23T16:00,11.9,90,0.00
2023-10-23T17:00,11.4,95,0.00
2023-10-23T18:00,11.4,95,0.00
2023-10-23T19:00,10.2,96,0.00
2023-10-23T20:00,10.7,94,0.00
2023-10-23T21:00,10.9,94,0.00
2023-10-23T22:00,10.6,94,0.00
2023-10-23T23:00,10.4,94,0.00
2023-10-24T00:00,11.4,95,0.00
2023-10-24T01:00,11.1,95,0.00
2023-10-24T02:00,11.4,95,0.20
2023-10-24T03:00,11.3,96,0.60
2023-10-24T04:00,11.3,96,0.30
2023-10-24T05:00,11.4,95,0.50
2023-10-24T06:00,11.3,95,0.10
2023-10-24T07:00,11.2,94,0.00
2023-10-24T08:00,11.6,92,0.00
2023-10-24T09:00,12.6,87,0.00
2023-10-24T10:00,13.8,80,0.00
2023-10-24T11:00,14.9,68,0.00
2023-10-24T12:00,15.8,57,0.00
2023-10-24T13:00,16.0,62,0.10
2023-10-24T14:00,15.2,63,0.00
2023-10-24T15:00,14.8,67,0.00
2023-10-24T16:00,14.0,72,0.00
2023-10-24T17:00,12.3,78,0.00
2023-10-24T18:00,11.6,81,0.00
2023-10-24T19:00,12.0,79,0.00
2023-10-24T20:00,12.2,79,0.10
2023-10-24T21:00,12.0,81,0.00
2023-10-24T22:00,11.0,85,0.00
2023-10-24T23:00,11.1,84,0.00
2023-10-25T00:00,12.3,78,0.80
2023-10-25T01:00,11.9,86,4.40
2023-10-25T02:00,11.9,86,0.10
2023-10-25T03:00,11.8,86,2.10
2023-10-25T04:00,12.0,89,3.50
2023-10-25T05:00,13.2,88,1.00
2023-10-25T06:00,13.4,92,0.50
2023-10-25T07:00,13.4,92,0.10
2023-10-25T08:00,13.6,91,0.10
2023-10-25T09:00,13.8,88,0.20
2023-10-25T10:00,13.6,91,0.40
2023-10-25T11:00,13.3,92,0.50
2023-10-25T12:00,13.4,87,0.60
2023-10-25T13:00,13.8,88,0.10
2023-10-25T14:00,14.8,84,0.10
2023-10-25T15:00,15.1,78,0.10
2023-10-25T16:00,14.1,78,0.10
2023-10-25T17:00,13.1,80,0.00
2023-10-25T18:00,12.2,85,0.00
2023-10-25T19:00,11.8,88,0.00
2023-10-25T20:00,11.3,90,0.00
2023-10-25T21:00,11.2,91,0.00
2023-10-25T22:00,11.2,90,0.00
2023-10-25T23:00,10.9,91,0.00
2023-10-26T00:00,10.1,94,0.00
2023-10-26T01:00,11.2,94,0.80
2023-10-26T02:00,11.6,94,0.90
2023-10-26T03:00,12.1,95,0.70
2023-10-26T04:00,12.6,96,0.00
2023-10-26T05:00,13.1,96,0.10
2023-10-26T06:00,13.5,94,0.10
2023-10-26T07:00,13.6,89,0.00
2023-10-26T08:00,13.3,87,0.00
2023-10-26T09:00,13.7,83,0.00
2023-10-26T10:00,14.4,78,0.00
2023-10-26T11:00,15.1,75,0.00
2023-10-26T12:00,15.9,70,0.00
2023-10-26T13:00,14.6,82,0.10
2023-10-26T14:00,14.3,81,0.30
2023-10-26T15:00,13.8,85,0.20
2023-10-26T16:00,13.5,90,0.60
2023-10-26T17:00,13.2,91,0.70
2023-10-26T18:00,13.1,92,1.50
2023-10-26T19:00,13.1,92,2.90
2023-10-26T20:00,12.8,92,2.60
2023-10-26T21:00,12.8,93,3.30
2023-10-26T22:00,12.6,93,0.80
2023-10-26T23:00,12.2,94,0.50
2023-10-27T00:00,11.9,94,0.00
2023-10-27T01:00,11.7,89,0.40
2023-10-27T02:00,11.1,91,0.00
2023-10-27T03:00,11.0,94,0.00
2023-10-27T04:00,10.8,94,0.00
2023-10-27T05:00,10.8,94,0.00
2023-10-27T06:00,11.1,93,0.00
2023-10-27T07:00,11.5,90,0.00
2023-10-27T08:00,11.9,89,0.00
2023-10-27T09:00,12.9,82,0.00
2023-10-27T10:00,13.9,74,0.00
2023-10-27T11:00,14.6,69,0.10
2023-10-27T12:00,15.3,65,0.00
2023-10-27T13:00,15.0,74,0.20
2023-10-27T14:00,13.9,77,0.60
2023-10-27T15:00,13.6,79,0.00
2023-10-27T16:00,12.1,86,1.10
2023-10-27T17:00,11.5,91,0.60
2023-10-27T18:00,11.4,91,1.00
2023-10-27T19:00,10.9,90,0.10
2023-10-27T20:00,10.0,89,0.00
2023-10-27T21:00,9.7,90,0.00
2023-10-27T22:00,9.9,91,0.00
2023-10-27T23:00,10.3,90,0.00
2023-10-28T00:00,10.6,89,0.00
2023-10-28T01:00,11.1,89,0.10
2023-10-28T02:00,10.8,90,0.00
2023-10-28T03:00,10.9,90,0.00
2023-10-28T04:00,10.6,90,0.30
2023-10-28T05:00,10.6,92,0.00
2023-10-28T06:00,10.5,91,0.00
2023-10-28T07:00,10.5,90,0.00
2023-10-28T08:00,11.3,87,0.00
2023-10-28T09:00,12.6,80,0.00
2023-10-28T10:00,13.3,80,1.40
2023-10-28T11:00,13.6,81,0.00
2023-10-28T12:00,13.9,82,0.00
2023-10-28T13:00,14.0,78,0.40
2023-10-28T14:00,13.8,83,1.00
2023-10-28T15:00,13.6,85,0.20
2023-10-28T16:00,13.8,83,0.30
2023-10-28T17:00,13.4,87,1.00
2023-10-28T18:00,14.0,84,0.10
2023-10-28T19:00,14.2,83,0.10
2023-10-28T20:00,14.5,82,0.10
2023-10-28T21:00,14.9,79,0.00
2023-10-28T22:00,14.4,83,0.70
2023-10-28T23:00,14.0,85,0.90
2023-10-29T00:00,13.9,85,0.10
2023-10-29T01:00,13.8,83,0.00
2023-10-29T02:00,13.7,81,0.00
2023-10-29T03:00,13.4,81,0.00
2023-10-29T04:00,13.1,80,0.00
2023-10-29T05:00,12.1,83,0.00
2023-10-29T06:00,11.5,88,0.00
2023-10-29T07:00,12.0,91,0.60
2023-10-29T08:00,13.1,87,0.00
2023-10-29T09:00,14.2,77,0.00
2023-10-29T10:00,14.4,77,0.30
2023-10-29T11:00,13.9,82,1.00
2023-10-29T12:00,14.3,80,0.10
2023-10-29T13:00,16.1,64,0.00
2023-10-29T14:00,16.2,60,0.10
2023-10-29T15:00,15.0,63,0.00
2023-10-29T16:00,14.2,69,0.00
2023-10-29T17:00,13.4,73,0.00
2023-10-29T18:00,12.9,76,0.00
2023-10-29T19:00,12.3,78,0.00
2023-10-29T20:00,11.9,79,0.00
2023-10-29T21:00,11.6,80,0.00
2023-10-29T22:00,11.7,81,0.00
2023-10-29T23:00,12.1,81,0.00
2023-10-30T00:00,12.3,82,0.10
2023-10-30T01:00,12.2,90,0.00
2023-10-30T02:00,12.1,91,0.20
2023-10-30T03:00,12.1,92,0.10
2023-10-30T04:00,11.8,93,0.70
2023-10-30T05:00,11.8,92,0.00
2023-10-30T06:00,10.5,93,0.00
2023-10-30T07:00,11.0,91,0.00
2023-10-30T08:00,11.3,92,0.70
2023-10-30T09:00,11.4,93,1.50
2023-10-30T10:00,12.1,92,1.10
2023-10-30T11:00,12.5,90,0.60
2023-10-30T12:00,12.8,89,0.50
2023-10-30T13:00,12.8,92,2.60
2023-10-30T14:00,12.8,92,0.70
2023-10-30T15:00,12.4,91,0.20
2023-10-30T16:00,12.1,93,0.00
2023-10-30T17:00,11.6,94,0.00
2023-10-30T18:00,10.8,93,0.10
2023-10-30T19:00,10.4,92,0.00
2023-10-30T20:00,10.1,90,0.00
2023-10-30T21:00,9.5,91,0.00
2023-10-30T22:00,9.1,91,0.00
2023-10-30T23:00,8.9,91,0.00
2023-10-31T00:00,8.6,91,0.00
2023-10-31T01:00,7.9,94,0.00
2023-10-31T02:00,8.0,94,0.00
2023-10-31T03:00,7.8,95,0.00
2023-10-31T04:00,7.9,95,0.00
2023-10-31T05:00,8.0,95,0.00
2023-10-31T06:00,8.2,96,0.00
2023-10-31T07:00,8.3,96,0.00
2023-10-31T08:00,9.6,93,0.00
2023-10-31T09:00,11.4,87,0.00
2023-10-31T10:00,12.2,82,0.00
2023-10-31T11:00,13.2,77,0.00
2023-10-31T12:00,13.9,75,0.10
2023-10-31T13:00,14.5,75,0.00
2023-10-31T14:00,14.8,71,0.10
2023-10-31T15:00,14.9,71,0.00
2023-10-31T16:00,14.1,76,0.00
2023-10-31T17:00,13.6,78,0.00
2023-10-31T18:00,13.5,78,0.00
2023-10-31T19:00,13.4,79,0.00
2023-10-31T20:00,13.4,80,0.30
2023-10-31T21:00,13.7,78,0.00
2023-10-31T22:00,13.5,79,0.00
2023-10-31T23:00,12.7,83,0.00
2023-11-01T00:00,12.1,87,0.00
2023-11-01T01:00,12.5,89,0.00
2023-11-01T02:00,11.9,91,0.00
2023-11-01T03:00,11.7,92,0.00
2023-11-01T04:00,11.3,93,0.00
2023-11-01T05:00,11.1,93,0.00
2023-11-01T06:00,11.3,90,0.00
2023-11-01T07:00,11.6,87,0.00
2023-11-01T08:00,12.3,82,0.00
2023-11-01T09:00,13.4,74,0.00
2023-11-01T10:00,13.8,71,0.10
2023-11-01T11:00,13.1,77,0.30
2023-11-01T12:00,12.3,86,1.10
2023-11-01T13:00,13.0,80,0.30
2023-11-01T14:00,13.5,78,0.10
2023-11-01T15:00,13.7,78,0.10
2023-11-01T16:00,13.0,75,0.20
2023-11-01T17:00,11.8,78,0.00
2023-11-01T18:00,11.4,82,0.00
2023-11-01T19:00,11.0,84,0.00
2023-11-01T20:00,11.4,82,0.00
2023-11-01T21:00,11.5,82,0.00
2023-11-01T22:00,11.6,80,0.10
2023-11-01T23:00,11.3,84,1.00
2023-11-02T00:00,11.4,82,0.50
2023-11-02T01:00,11.4,82,1.10
2023-11-02T02:00,12.1,82,0.40
2023-11-02T03:00,12.5,82,0.10
2023-11-02T04:00,12.9,81,0.10
2023-11-02T05:00,12.1,82,0.00
2023-11-02T06:00,11.8,77,0.00
2023-11-02T07:00,11.6,72,0.00
2023-11-02T08:00,11.6,69,0.00
2023-11-02T09:00,12.4,65,0.00
2023-11-02T10:00,13.3,57,0.00
2023-11-02T11:00,14.0,50,0.00
2023-11-02T12:00,13.9,51,0.00
2023-11-02T13:00,13.4,59,0.00
2023-11-02T14:00,13.3,56,0.00
2023-11-02T15:00,12.6,59,0.00
2023-11-02T16:00,11.6,62,0.00
2023-11-02T17:00,10.8,63,0.00
2023-11-02T18:00,10.2,64,0.00
2023-11-02T19:00,10.1,64,0.00
2023-11-02T20:00,9.9,66,0.00
2023-11-02T21:00,9.4,69,0.00
2023-11-02T22:00,9.0,73,0.00
2023-11-02T23:00,8.6,75,0.00
2023-11-03T00:00,8.2,76,0.00
2023-11-03T01:00,8.3,81,0.10
2023-11-03T02:00,8.0,82,0.00
2023-11-03T03:00,7.4,84,0.00
2023-11-03T04:00,6.7,87,0.00
2023-11-03T05:00,6.2,88,0.00
2023-11-03T06:00,5.9,89,0.00
2023-11-03T07:00,5.7,91,0.00
2023-11-03T08:00,6.7,87,0.00
2023-11-03T09:00,8.2,83,0.00
2023-11-03T10:00,9.5,76,0.00
2023-11-03T11:00,10.3,71,0.00
2023-11-03T12:00,10.8,67,0.00
2023-11-03T13:00,10.2,73,0.00
2023-11-03T14:00,10.0,75,0.00
2023-11-03T15:00,10.1,74,0.00
2023-11-03T16:00,9.3,79,0.00
2023-11-03T17:00,8.4,85,0.00
2023-11-03T18:00,7.5,91,0.00
2023-11-03T19:00,7.4,90,0.00
2023-11-03T20:00,7.8,84,0.00
2023-11-03T21:00,8.2,81,0.00
2023-11-03T22:00,8.1,85,0.00
2023-11-03T23:00,8.4,87,0.00
2023-11-04T00:00,8.5,88,0.00
2023-11-04T01:00,8.1,93,0.00
2023-11-04T02:00,7.9,93,0.00
2023-11-04T03:00,7.5,94,0.00
2023-11-04T04:00,7.4,94,0.00
2023-11-04T05:00,8.1,93,0.00
2023-11-04T06:00,8.8,91,1.80
2023-11-04T07:00,8.8,90,3.70
2023-11-04T08:00,9.1,89,2.60
2023-11-04T09:00,10.1,87,0.70
2023-11-04T10:00,11.0,88,0.50
2023-11-04T11:00,12.8,85,0.30
2023-11-04T12:00,13.2,79,0.60
2023-11-04T13:00,14.2,71,0.10
2023-11-04T14:00,13.4,72,0.00
2023-11-04T15:00,13.2,73,0.00
2023-11-04T16:00,12.3,72,0.00
2023-11-04T17:00,11.8,74,0.00
2023-11-04T18:00,11.3,75,0.00
2023-11-04T19:00,11.2,76,0.00
2023-11-04T20:00,11.1,78,0.00
2023-11-04T21:00,11.4,76,0.00
2023-11-04T22:00,10.8,83,0.80
2023-11-04T23:00,11.1,84,0.10
2023-11-05T00:00,10.9,85,0.20
2023-11-05T01:00,10.5,89,1.40
2023-11-05T02:00,10.5,85,0.40
2023-11-05T03:00,10.3,85,0.10
2023-11-05T04:00,9.7,85,0.00
2023-11-05T05:00,10.3,82,0.00
2023-11-05T06:00,10.3,81,0.00
2023-11-05T07:00,10.2,82,0.00
2023-11-05T08:00,11.0,80,0.10
2023-11-05T09:00,11.6,79,0.00
2023-11-05T10:00,11.9,77,0.20
2023-11-05T11:00,12.3,75,0.10
2023-11-05T12:00,13.4,65,0.10
2023-11-05T13:00,13.3,68,0.00
2023-11-05T14:00,13.6,59,0.00
2023-11-05T15:00,13.0,62,0.00
2023-11-05T16:00,12.1,67,0.00
2023-11-05T17:00,11.5,67,0.00
2023-11-05T18:00,11.1,68,0.00
2023-11-05T19:00,11.0,69,0.00
2023-11-05T20:00,10.8,73,0.00
2023-11-05T21:00,10.3,78,0.00
2023-11-05T22:00,9.9,81,0.00
2023-11-05T23:00,9.5,82,0.00
2023-11-06T00:00,9.0,83,0.00
2023-11-06T01:00,8.8,83,0.00
2023-11-06T02:00,8.3,86,0.00
2023-11-06T03:00,7.9,89,0.00
2023-11-06T04:00,7.7,91,0.00
2023-11-06T05:00,7.9,91,0.00
2023-11-06T06:00,8.2,90,0.00
2023-11-06T07:00,8.2,90,0.00
2023-11-06T08:00,9.1,87,0.00
2023-11-06T09:00,10.3,80,0.00
2023-11-06T10:00,11.5,72,0.00
2023-11-06T11:00,12.5,66,0.00
2023-11-06T12:00,13.1,60,0.10
2023-11-06T13:00,12.5,69,0.10
2023-11-06T14:00,12.5,70,0.00
2023-11-06T15:00,12.3,68,0.00
2023-11-06T16:00,11.3,71,0.00
2023-11-06T17:00,10.7,74,0.00
2023-11-06T18:00,10.2,76,0.00
2023-11-06T19:00,9.2,82,0.00
2023-11-06T20:00,9.3,86,0.80
2023-11-06T21:00,9.3,88,0.00
2023-11-06T22:00,8.6,92,0.10
2023-11-06T23:00,8.5,92,0.10
2023-11-07T00:00,8.1,93,0.10
2023-11-07T01:00,9.1,91,0.10
2023-11-07T02:00,8.9,90,0.20
2023-11-07T03:00,8.6,90,0.00
2023-11-07T04:00,7.6,92,0.00
2023-11-07T05:00,7.1,92,0.00
2023-11-07T06:00,6.7,92,0.00
2023-11-07T07:00,6.4,92,0.00
2023-11-07T08:00,7.3,89,0.00
2023-11-07T09:00,8.5,86,0.00
2023-11-07T10:00,9.7,81,0.00
2023-11-07T11:00,10.9,76,0.00
2023-11-07T12:00,11.9,71,0.00
2023-11-07T13:00,12.1,69,0.00
2023-11-07T14:00,12.2,62,0.00
2023-11-07T15:00,12.0,61,0.00
2023-11-07T16:00,11.0,66,0.00
2023-11-07T17:00,9.8,73,0.00
2023-11-07T18:00,9.3,75,0.00
2023-11-07T19:00,8.8,78,0.00
2023-11-07T20:00,8.3,81,0.00
2023-11-07T21:00,7.8,84,0.00
2023-11-07T22:00,7.4,88,0.00
2023-11-07T23:00,7.0,91,0.00
2023-11-08T00:00,6.7,92,0.00
2023-11-08T01:00,7.6,91,0.00
2023-11-08T02:00,7.2,93,0.00
2023-11-08T03:00,7.0,93,0.00
2023-11-08T04:00,6.9,92,0.00
2023-11-08T05:00,6.7,93,0.00
2023-11-08T06:00,6.5,94,0.00
2023-11-08T07:00,6.3,94,0.00
2023-11-08T08:00,7.1,93,0.00
2023-11-08T09:00,8.0,91,0.00
2023-11-08T10:00,9.2,84,0.00
2023-11-08T11:00,9.5,83,0.00
2023-11-08T12:00,9.7,81,0.00
2023-11-08T13:00,11.1,82,0.10
2023-11-08T14:00,11.9,80,0.00
2023-11-08T15:00,12.2,79,0.70
2023-11-08T16:00,12.1,82,2.10
2023-11-08T17:00,12.1,82,1.10
2023-11-08T18:00,12.1,79,4.70
2023-11-08T19:00,11.9,78,2.20
2023-11-08T20:00,11.8,77,0.00
2023-11-08T21:00,11.9,76,0.00
2023-11-08T22:00,12.0,76,0.00
2023-11-08T23:00,12.0,76,0.00
2023-11-09T00:00,11.9,78,0.10
2023-11-09T01:00,11.0,90,1.30
2023-11-09T02:00,10.8,91,0.90
2023-11-09T03:00,10.5,94,1.10
2023-11-09T04:00,10.4,95,0.40
2023-11-09T05:00,10.2,92,0.10
2023-11-09T06:00,9.6,91,0.00
2023-11-09T07:00,8.2,92,0.00
2023-11-09T08:00,9.0,90,0.00
2023-11-09T09:00,9.8,88,0.00
2023-11-09T10:00,10.6,84,0.00
2023-11-09T11:00,11.6,79,0.20
2023-11-09T12:00,12.1,75,0.00
2023-11-09T13:00,11.3,74,0.30
2023-11-09T14:00,11.3,77,0.10
2023-11-09T15:00,10.3,80,0.60
2023-11-09T16:00,9.7,83,0.10
2023-11-09T17:00,9.2,86,0.00
2023-11-09T18:00,8.9,85,0.00
2023-11-09T19:00,8.6,84,0.00
2023-11-09T20:00,8.7,82,0.10
2023-11-09T21:00,8.4,83,0.00
2023-11-09T22:00,8.0,84,0.00
2023-11-09T23:00,7.8,84,0.00
2023-11-10T00:00,7.6,84,0.00
2023-11-10T01:00,7.2,88,0.00
2023-11-10T02:00,6.8,88,0.00
2023-11-10T03:00,6.5,89,0.00
2023-11-10T04:00,6.4,89,0.00
2023-11-10T05:00,6.3,88,0.00
2023-11-10T06:00,6.5,86,0.00
2023-11-10T07:00,6.8,85,0.00
2023-11-10T08:00,7.7,82,0.00
2023-11-10T09:00,9.0,75,0.00
2023-11-10T10:00,10.2,71,0.00
2023-11-10T11:00,11.1,66,0.00
2023-11-10T12:00,11.5,65,0.00
2023-11-10T13:00,11.2,70,0.00
2023-11-10T14:00,10.7,78,0.60
2023-11-10T15:00,10.2,79,0.00
2023-11-10T16:00,10.2,77,0.00
2023-11-10T17:00,9.4,82,0.00
2023-11-10T18:00,9.0,81,0.00
2023-11-10T19:00,8.5,82,0.00
2023-11-10T20:00,8.1,84,0.00
2023-11-10T21:00,7.5,86,0.00
2023-11-10T22:00,7.2,88,0.00
2023-11-10T23:00,6.8,90,0.00
2023-11-11T00:00,6.3,92,0.00
2023-11-11T01:00,6.2,94,0.00
2023-11-11T02:00,4.9,95,0.00
2023-11-11T03:00,4.6,96,0.00
2023-11-11T04:00,4.7,95,0.00
2023-11-11T05:00,5.0,94,0.00
2023-11-11T06:00,5.2,93,0.00
2023-11-11T07:00,5.2,92,0.00
2023-11-11T08:00,6.4,88,0.00
2023-11-11T09:00,8.0,84,0.00
2023-11-11T10:00,9.5,79,0.00
2023-11-11T11:00,10.8,75,0.00
2023-11-11T12:00,11.6,68,0.00
2023-11-11T13:00,10.9,76,0.00
2023-11-11T14:00,11.4,71,0.10
2023-11-11T15:00,10.3,76,0.10
2023-11-11T16:00,8.9,84,0.00
2023-11-11T17:00,6.6,90,0.00
2023-11-11T18:00,6.5,92,0.00
2023-11-11T19:00,6.3,92,0.00
2023-11-11T20:00,6.0,94,0.00
2023-11-11T21:00,5.5,96,0.00
2023-11-11T22:00,5.6,96,0.00
2023-11-11T23:00,6.2,95,0.00
2023-11-12T00:00,6.1,96,0.00
2023-11-12T01:00,7.5,91,0.50
2023-11-12T02:00,7.7,90,1.00
2023-11-12T03:00,7.5,89,2.00
2023-11-12T04:00,6.6,87,1.20
2023-11-12T05:00,6.4,86,1.40
2023-11-12T06:00,6.5,87,1.10
2023-11-12T07:00,6.6,88,1.00
2023-11-12T08:00,6.8,89,0.30
2023-11-12T09:00,7.1,91,0.30
2023-11-12T10:00,7.7,92,0.10
2023-11-12T11:00,8.8,92,0.10
2023-11-12T12:00,11.2,89,0.00
2023-11-12T13:00,10.7,93,0.20
2023-11-12T14:00,12.4,88,0.70
2023-11-12T15:00,13.0,85,0.30
2023-11-12T16:00,12.6,83,0.10
2023-11-12T17:00,11.7,86,0.00
2023-11-12T18:00,11.9,89,0.10
2023-11-12T19:00,12.5,90,0.00
2023-11-12T20:00,13.4,87,0.00
2023-11-12T21:00,13.0,87,0.00
2023-11-12T22:00,12.7,89,0.00
2023-11-12T23:00,12.4,90,0.00
2023-11-13T00:00,12.0,88,0.00
2023-11-13T01:00,11.8,92,1.40
2023-11-13T02:00,11.7,91,1.90
2023-11-13T03:00,12.4,92,0.40
2023-11-13T04:00,13.5,92,0.00
2023-11-13T05:00,14.1,90,0.00
2023-11-13T06:00,14.6,90,0.00
2023-11-13T07:00,15.1,89,0.00
2023-11-13T08:00,15.1,90,1.60
2023-11-13T09:00,15.6,88,0.00
2023-11-13T10:00,15.1,90,1.50
2023-11-13T11:00,16.0,87,0.70
2023-11-13T12:00,16.2,90,0.30
2023-11-13T13:00,16.3,89,1.20
2023-11-13T14:00,17.1,86,0.10
2023-11-13T15:00,16.8,86,0.10
2023-11-13T16:00,16.1,85,0.10
2023-11-13T17:00,15.6,86,0.10
2023-11-13T18:00,14.5,86,0.10
2023-11-13T19:00,13.2,86,0.00
2023-11-13T20:00,12.5,80,0.00
2023-11-13T21:00,11.7,81,0.00
2023-11-13T22:00,11.3,82,0.00
2023-11-13T23:00,11.2,82,0.00
2023-11-14T00:00,10.7,82,0.00
2023-11-14T01:00,10.6,83,0.00
2023-11-14T02:00,10.8,80,0.00
2023-11-14T03:00,11.0,78,0.00
2023-11-14T04:00,11.1,77,0.00
2023-11-14T05:00,11.4,78,0.00
2023-11-14T06:00,11.1,83,0.00
2023-11-14T07:00,11.1,87,0.00
2023-11-14T08:00,12.1,85,0.00
2023-11-14T09:00,13.1,84,0.00
2023-11-14T10:00,13.3,82,0.20
2023-11-14T11:00,13.2,79,0.20
2023-11-14T12:00,13.3,77,0.10
2023-11-14T13:00,12.5,88,0.60
2023-11-14T14:00,12.6,83,0.20
2023-11-14T15:00,12.9,82,0.90
2023-11-14T16:00,12.3,88,0.30
2023-11-14T17:00,11.6,83,0.00
2023-11-14T18:00,11.2,84,0.00
2023-11-14T19:00,10.7,85,0.00
2023-11-14T20:00,10.4,86,0.00
2023-11-14T21:00,10.2,86,0.00
2023-11-14T22:00,10.2,86,0.00
2023-11-14T23:00,10.1,86,0.00
2023-11-15T00:00,9.9,87,0.00
2023-11-15T01:00,9.9,88,0.00
2023-11-15T02:00,9.7,88,0.00
2023-11-15T03:00,9.4,89,0.00
2023-11-15T04:00,9.3,90,0.00
2023-11-15T05:00,9.2,91,0.00
2023-11-15T06:00,9.0,91,0.00
2023-11-15T07:00,8.8,91,0.00
2023-11-15T08:00,9.4,89,0.00
2023-11-15T09:00,10.9,82,0.00
2023-11-15T10:00,11.9,78,0.00
2023-11-15T11:00,12.2,78,0.00
2023-11-15T12:00,12.7,72,0.00
2023-11-15T13:00,12.7,75,0.10
2023-11-15T14:00,12.3,75,0.10
2023-11-15T15:00,12.1,76,0.00
2023-11-15T16:00,11.2,79,0.00
2023-11-15T17:00,10.2,84,0.00
2023-11-15T18:00,10.2,84,0.00
2023-11-15T19:00,9.2,90,0.00
2023-11-15T20:00,8.5,92,0.00
2023-11-15T21:00,8.0,93,0.00
2023-11-15T22:00,7.7,94,0.00
2023-11-15T23:00,6.8,95,0.00
2023-11-16T00:00,7.0,96,0.00
2023-11-16T01:00,9.0,91,0.00
2023-11-16T02:00,8.4,95,0.00
2023-11-16T03:00,7.4,98,0.00
2023-11-16T04:00,7.9,97,0.00
2023-11-16T05:00,8.0,97,0.30
2023-11-16T06:00,8.0,95,2.70
2023-11-16T07:00,8.3,95,0.80
2023-11-16T08:00,8.5,94,2.60
2023-11-16T09:00,9.3,90,0.40
2023-11-16T10:00,9.5,91,0.60
2023-11-16T11:00,9.4,90,0.50
2023-11-16T12:00,9.4,91,1.70
2023-11-16T13:00,10.0,93,0.60
2023-11-16T14:00,9.8,94,0.20
2023-11-16T15:00,10.0,95,1.00
2023-11-16T16:00,9.6,95,1.10
2023-11-16T17:00,9.2,93,0.10
2023-11-16T18:00,8.6,89,0.10
2023-11-16T19:00,7.4,91,0.00
2023-11-16T20:00,7.2,91,0.00
2023-11-16T21:00,7.3,91,0.00
2023-11-16T22:00,7.4,91,0.00
2023-11-16T23:00,7.5,91,0.10
2023-11-17T00:00,7.6,91,0.00
2023-11-17T01:00,7.3,92,0.00
2023-11-17T02:00,7.0,92,0.00
2023-11-17T03:00,6.5,92,0.00
2023-11-17T04:00,6.0,92,0.00
2023-11-17T05:00,5.8,91,0.00
2023-11-17T06:00,6.2,90,0.00
2023-11-17T07:00,6.6,91,0.00
2023-11-17T08:00,6.9,92,0.00
2023-11-17T09:00,8.3,88,0.00
2023-11-17T10:00,9.6,83,0.00
2023-11-17T11:00,10.6,77,0.00
2023-11-17T12:00,11.4,71,0.10
2023-11-17T13:00,11.2,77,0.00
2023-11-17T14:00,11.3,73,0.10
2023-11-17T15:00,10.7,74,0.00
2023-11-17T16:00,8.4,85,0.00
2023-11-17T17:00,6.5,91,0.00
2023-11-17T18:00,6.2,92,0.00
2023-11-17T19:00,6.2,93,0.00
2023-11-17T20:00,7.0,92,0.00
2023-11-17T21:00,7.7,90,0.00
2023-11-17T22:00,7.9,90,0.00
2023-11-17T23:00,8.2,90,0.00
2023-11-18T00:00,8.2,92,0.10
2023-11-18T01:00,8.7,93,0.30
2023-11-18T02:00,8.8,93,0.40
2023-11-18T03:00,8.8,93,0.10
2023-11-18T04:00,8.9,92,0.10
2023-11-18T05:00,8.8,92,0.10
2023-11-18T06:00,8.9,90,0.10
2023-11-18T07:00,9.0,90,0.40
2023-11-18T08:00,9.0,90,1.20
2023-11-18T09:00,9.4,90,1.00
2023-11-18T10:00,9.8,92,1.20
2023-11-18T11:00,10.7,92,0.50
2023-11-18T12:00,11.4,92,1.00
2023-11-18T13:00,11.3,93,0.80
2023-11-18T14:00,11.8,92,1.20
2023-11-18T15:00,12.1,92,2.70
2023-11-18T16:00,12.5,92,1.40
2023-11-18T17:00,12.8,92,1.30
2023-11-18T18:00,13.3,91,0.70
2023-11-18T19:00,13.7,90,0.00
2023-11-18T20:00,14.0,90,0.00
2023-11-18T21:00,14.2,90,0.00
2023-11-18T22:00,14.4,90,1.60
2023-11-18T23:00,14.5,92,0.00
2023-11-19T00:00,14.6,92,0.00
2023-11-19T01:00,14.8,91,0.00
2023-11-19T02:00,14.3,93,0.10
2023-11-19T03:00,14.1,92,0.00
2023-11-19T04:00,13.5,92,0.00
2023-11-19T05:00,13.2,93,0.00
2023-11-19T06:00,12.8,92,0.00
2023-11-19T07:00,12.3,91,0.00
2023-11-19T08:00,12.2,92,0.00
2023-11-19T09:00,12.9,89,0.00
2023-11-19T10:00,13.8,84,0.00
2023-11-19T11:00,14.6,77,0.00
2023-11-19T12:00,15.2,70,0.00
2023-11-19T13:00,14.5,67,0.00
2023-11-19T14:00,14.4,64,0.00
2023-11-19T15:00,13.8,66,0.00
2023-11-19T16:00,12.9,69,0.00
2023-11-19T17:00,12.3,73,0.00
2023-11-19T18:00,12.1,75,0.00
2023-11-19T19:00,11.6,79,0.00
2023-11-19T20:00,11.8,77,0.00
2023-11-19T21:00,12.0,74,0.00
2023-11-19T22:00,11.9,73,0.00
2023-11-19T23:00,12.0,73,0.00
2023-11-20T00:00,11.7,76,0.00
2023-11-20T01:00,10.9,81,0.00
2023-11-20T02:00,10.8,82,0.00
2023-11-20T03:00,10.3,85,0.00
2023-11-20T04:00,10.3,84,0.00
2023-11-20T05:00,10.0,86,0.00
2023-11-20T06:00,9.7,86,0.00
2023-11-20T07:00,9.6,87,0.00
2023-11-20T08:00,9.7,86,0.00
2023-11-20T09:00,10.7,81,0.00
2023-11-20T10:00,11.6,75,0.00
2023-11-20T11:00,12.3,68,0.00
2023-11-20T12:00,12.5,69,0.10
2023-11-20T13:00,11.9,74,0.90
2023-11-20T14:00,11.6,77,1.10
2023-11-20T15:00,11.3,81,1.50
2023-11-20T16:00,10.9,83,0.20
2023-11-20T17:00,10.9,85,0.10
2023-11-20T18:00,10.6,87,0.00
2023-11-20T19:00,10.0,91,0.00
2023-11-20T20:00,9.6,93,0.10
2023-11-20T21:00,9.8,93,0.10
2023-11-20T22:00,9.6,91,0.20
2023-11-20T23:00,9.5,92,0.10
2023-11-21T00:00,8.9,95,0.00
2023-11-21T01:00,8.6,95,0.00
2023-11-21T02:00,8.5,95,0.00
2023-11-21T03:00,8.7,94,0.00
2023-11-21T04:00,8.4,95,0.00
2023-11-21T05:00,8.2,95,0.00
2023-11-21T06:00,8.3,95,0.00
2023-11-21T07:00,8.3,95,0.00
2023-11-21T08:00,8.7,95,0.00
2023-11-21T09:00,9.8,92,0.00
2023-11-21T10:00,11.0,87,0.00
2023-11-21T11:00,11.8,84,0.10
2023-11-21T12:00,12.1,81,0.00
2023-11-21T13:00,11.6,88,0.00
2023-11-21T14:00,11.8,85,0.00
2023-11-21T15:00,11.4,85,0.00
2023-11-21T16:00,10.6,89,0.10
2023-11-21T17:00,10.0,92,0.00
2023-11-21T18:00,9.7,92,0.00
2023-11-21T19:00,9.3,93,0.00
2023-11-21T20:00,9.0,94,0.00
2023-11-21T21:00,8.8,94,0.00
2023-11-21T22:00,9.1,94,0.00
2023-11-21T23:00,9.2,93,0.00
2023-11-22T00:00,9.1,92,0.00
2023-11-22T01:00,8.1,94,0.00
2023-11-22T02:00,9.0,90,0.00
2023-11-22T03:00,8.1,94,0.00
2023-11-22T04:00,7.2,94,0.00
2023-11-22T05:00,6.2,93,0.00
2023-11-22T06:00,5.1,93,0.00
2023-11-22T07:00,4.1,94,0.00
2023-11-22T08:00,4.1,93,0.00
2023-11-22T09:00,5.3,88,0.00
2023-11-22T10:00,6.5,83,0.00
2023-11-22T11:00,7.7,77,0.00
2023-11-22T12:00,8.6,69,0.00
2023-11-22T13:00,9.1,61,0.00
2023-11-22T14:00,9.2,61,0.00
2023-11-22T15:00,8.7,65,0.00
2023-11-22T16:00,7.4,74,0.00
2023-11-22T17:00,6.7,79,0.00
2023-11-22T18:00,7.0,76,0.00
2023-11-22T19:00,4.5,89,0.00
2023-11-22T20:00,5.1,88,0.00
2023-11-22T21:00,6.2,82,0.00
2023-11-22T22:00,6.3,81,0.00
2023-11-22T23:00,7.2,78,0.00
2023-11-23T00:00,7.8,78,0.00
2023-11-23T01:00,8.0,82,0.00
2023-11-23T02:00,7.6,88,0.00
2023-11-23T03:00,8.1,91,0.00
2023-11-23T04:00,8.9,91,0.00
2023-11-23T05:00,9.2,91,0.00
2023-11-23T06:00,9.4,92,0.00
2023-11-23T07:00,9.5,94,0.00
2023-11-23T08:00,10.0,94,0.00
2023-11-23T09:00,10.9,90,0.00
2023-11-23T10:00,12.0,84,0.00
2023-11-23T11:00,12.7,81,0.00
2023-11-23T12:00,13.0,79,0.00
2023-11-23T13:00,12.1,82,0.00
2023-11-23T14:00,12.7,79,0.00
2023-11-23T15:00,12.5,82,0.00
2023-11-23T16:00,11.7,86,0.00
2023-11-23T17:00,11.5,87,0.00
2023-11-23T18:00,11.4,87,0.00
2023-11-23T19:00,11.4,88,0.00
2023-11-23T20:00,11.3,88,0.00
2023-11-23T21:00,10.9,87,0.00
2023-11-23T22:00,10.7,85,0.00
2023-11-23T23:00,10.8,85,0.00
2023-11-24T00:00,10.9,85,0.00
2023-11-24T01:00,11.1,86,0.00
2023-11-24T02:00,11.4,86,0.00
2023-11-24T03:00,11.4,87,0.00
2023-11-24T04:00,11.2,88,0.00
2023-11-24T05:00,11.3,87,0.00
2023-11-24T06:00,11.3,87,0.00
2023-11-24T07:00,10.9,89,0.10
2023-11-24T08:00,10.8,84,0.10
2023-11-24T09:00,10.2,71,0.00
2023-11-24T10:00,10.3,64,0.00
2023-11-24T11:00,9.9,66,0.00
2023-11-24T12:00,9.6,67,0.00
2023-11-24T13:00,9.0,78,0.10
2023-11-24T14:00,9.0,75,0.20
2023-11-24T15:00,8.5,68,0.00
2023-11-24T16:00,7.7,66,0.00
2023-11-24T17:00,7.3,67,0.00
2023-11-24T18:00,6.1,64,0.00
2023-11-24T19:00,4.9,65,0.00
2023-11-24T20:00,3.9,69,0.00
2023-11-24T21:00,3.3,72,0.00
2023-11-24T22:00,2.9,75,0.00
2023-11-24T23:00,2.8,77,0.00
2023-11-25T00:00,2.6,79,0.00
2023-11-25T01:00,3.2,79,0.00
2023-11-25T02:00,2.9,82,0.00
2023-11-25T03:00,2.6,86,0.00
2023-11-25T04:00,2.3,89,0.00
2023-11-25T05:00,2.1,91,0.00
2023-11-25T06:00,2.0,92,0.00
2023-11-25T07:00,2.1,92,0.00
2023-11-25T08:00,3.0,91,0.00
2023-11-25T09:00,5.2,82,0.00
2023-11-25T10:00,6.6,76,0.00
2023-11-25T11:00,7.3,70,0.00
2023-11-25T12:00,7.8,64,0.00
2023-11-25T13:00,7.9,62,0.00
2023-11-25T14:00,7.6,62,0.00
2023-11-25T15:00,7.2,62,0.00
2023-11-25T16:00,6.4,64,0.00
2023-11-25T17:00,5.0,70,0.00
2023-11-25T18:00,3.9,77,0.00
2023-11-25T19:00,2.6,84,0.00
2023-11-25T20:00,2.1,87,0.00
2023-11-25T21:00,1.7,89,0.00
2023-11-25T22:00,1.4,90,0.00
2023-11-25T23:00,1.5,91,0.00
2023-11-26T00:00,1.3,92,0.00
2023-11-26T01:00,0.5,95,0.00
2023-11-26T02:00,0.1,95,0.00
2023-11-26T03:00,0.2,95,0.00
2023-11-26T04:00,-0.3,96,0.00
2023-11-26T05:00,-0.6,96,0.00
2023-11-26T06:00,-1.0,96,0.00
2023-11-26T07:00,-0.2,95,0.00
2023-11-26T08:00,0.1,96,0.00
2023-11-26T09:00,2.1,90,0.00
2023-11-26T10:00,4.0,84,0.00
2023-11-26T11:00,5.8,78,0.00
2023-11-26T12:00,6.8,72,0.00
2023-11-26T13:00,6.7,70,0.00
2023-11-26T14:00,6.6,70,0.00
2023-11-26T15:00,6.5,70,0.00
2023-11-26T16:00,4.9,79,0.00
2023-11-26T17:00,5.2,77,0.00
2023-11-26T18:00,4.9,77,0.00
2023-11-26T19:00,4.8,75,0.00
2023-11-26T20:00,4.3,77,0.00
2023-11-26T21:00,4.6,76,0.00
2023-11-26T22:00,4.5,76,0.00
2023-11-26T23:00,4.8,74,0.00
2023-11-27T00:00,4.7,75,0.00
2023-11-27T01:00,4.7,76,0.00
2023-11-27T02:00,4.7,77,0.20
2023-11-27T03:00,4.6,79,0.20
2023-11-27T04:00,4.5,84,0.40
2023-11-27T05:00,4.5,87,0.30
2023-11-27T06:00,4.8,89,0.30
2023-11-27T07:00,5.3,88,0.00
2023-11-27T08:00,5.7,89,0.00
2023-11-27T09:00,6.1,89,0.10
2023-11-27T10:00,6.4,90,0.10
2023-11-27T11:00,6.8,92,0.40
2023-11-27T12:00,7.2,92,0.90
2023-11-27T13:00,7.6,92,0.90
2023-11-27T14:00,8.1,92,0.40
2023-11-27T15:00,8.5,92,0.70
2023-11-27T16:00,9.0,90,0.20
2023-11-27T17:00,9.1,91,0.10
2023-11-27T18:00,8.4,90,0.60
2023-11-27T19:00,8.1,92,0.00
2023-11-27T20:00,7.7,91,0.00
2023-11-27T21:00,7.7,91,0.10
2023-11-27T22:00,7.3,89,0.00
2023-11-27T23:00,6.5,90,0.00
2023-11-28T00:00,6.2,89,0.00
2023-11-28T01:00,6.5,89,0.10
2023-11-28T02:00,6.1,90,0.00
2023-11-28T03:00,6.2,90,0.00
2023-11-28T04:00,6.2,89,0.00
2023-11-28T05:00,5.8,90,0.10
2023-11-28T06:00,5.4,91,0.00
2023-11-28T07:00,4.3,93,0.00
2023-11-28T08:00,4.5,92,0.00
2023-11-28T09:00,4.7,87,0.00
2023-11-28T10:00,5.1,80,0.00
2023-11-28T11:00,5.5,76,0.00
2023-11-28T12:00,6.0,72,0.00
2023-11-28T13:00,6.4,67,0.00
2023-11-28T14:00,6.5,65,0.00
2023-11-28T15:00,6.0,71,0.00
2023-11-28T16:00,5.1,74,0.00
2023-11-28T17:00,4.4,78,0.00
2023-11-28T18:00,2.7,86,0.00
2023-11-28T19:00,1.4,93,0.00
2023-11-28T20:00,1.5,93,0.00
2023-11-28T21:00,0.9,94,0.00
2023-11-28T22:00,0.6,94,0.00
2023-11-28T23:00,0.7,93,0.00
2023-11-29T00:00,0.9,94,0.00
2023-11-29T01:00,-0.4,97,0.00
2023-11-29T02:00,0.5,97,0.00
2023-11-29T03:00,2.6,94,0.00
2023-11-29T04:00,1.4,95,0.00
2023-11-29T05:00,1.4,95,0.00
2023-11-29T06:00,1.8,94,0.00
2023-11-29T07:00,1.5,94,0.00
2023-11-29T08:00,1.9,95,0.00
2023-11-29T09:00,4.0,91,0.00
2023-11-29T10:00,5.6,86,0.00
2023-11-29T11:00,6.9,82,0.00
2023-11-29T12:00,7.8,76,0.00
2023-11-29T13:00,8.4,71,0.00
2023-11-29T14:00,8.1,70,0.00
2023-11-29T15:00,7.7,74,0.00
2023-11-29T16:00,6.0,83,0.00
2023-11-29T17:00,5.1,88,0.00
2023-11-29T18:00,4.5,92,0.00
2023-11-29T19:00,3.1,95,0.00
2023-11-29T20:00,2.8,95,0.00
2023-11-29T21:00,2.8,95,0.00
2023-11-29T22:00,2.7,95,0.00
2023-11-29T23:00,2.7,95,0.00
2023-11-30T00:00,2.6,95,0.00
2023-11-30T01:00,2.5,97,0.00
2023-11-30T02:00,1.8,98,0.00
2023-11-30T03:00,1.2,98,0.00
2023-11-30T04:00,1.6,96,0.00
2023-11-30T05:00,0.4,97,0.00
2023-11-30T06:00,0.2,96,0.00
2023-11-30T07:00,-0.8,96,0.00
2023-11-30T08:00,-0.1,95,0.00
2023-11-30T09:00,2.0,90,0.00
2023-11-30T10:00,3.5,83,0.00
2023-11-30T11:00,4.4,79,0.00
2023-11-30T12:00,4.4,79,0.00
2023-11-30T13:00,6.5,70,0.00
2023-11-30T14:00,6.7,69,0.00
2023-11-30T15:00,5.9,77,0.80
2023-11-30T16:00,4.6,84,0.20
2023-11-30T17:00,2.6,91,0.00
2023-11-30T18:00,2.1,93,0.00
2023-11-30T19:00,2.5,93,0.10
2023-11-30T20:00,2.7,93,0.60
2023-11-30T21:00,2.8,94,0.00
2023-11-30T22:00,2.5,95,0.00
2023-11-30T23:00,2.3,96,0.00
2023-12-01T00:00,2.9,96,0.00
2023-12-01T01:00,3.7,95,0.00
2023-12-01T02:00,3.7,94,0.00
2023-12-01T03:00,3.4,93,0.00
2023-12-01T04:00,3.1,94,0.00
2023-12-01T05:00,3.0,93,0.00
2023-12-01T06:00,2.9,92,0.00
2023-12-01T07:00,2.6,91,0.00
2023-12-01T08:00,2.3,90,0.00
2023-12-01T09:00,2.3,90,0.00
2023-12-01T10:00,2.8,87,0.00
2023-12-01T11:00,3.2,85,0.00
2023-12-01T12:00,3.2,85,0.00
2023-12-01T13:00,2.6,81,0.00
2023-12-01T14:00,2.4,79,0.00
2023-12-01T15:00,1.9,76,0.00
2023-12-01T16:00,0.7,79,0.00
2023-12-01T17:00,0.2,79,0.00
2023-12-01T18:00,-0.4,81,0.00
2023-12-01T19:00,-0.4,79,0.00
2023-12-01T20:00,-0.3,76,0.00
2023-12-01T21:00,-0.4,76,0.00
2023-12-01T22:00,-0.5,76,0.00
2023-12-01T23:00,-1.3,79,0.00
2023-12-02T00:00,-2.4,86,0.00
2023-12-02T01:00,0.5,77,0.00
2023-12-02T02:00,0.0,79,0.00
2023-12-02T03:00,-0.7,80,0.00
2023-12-02T04:00,-1.2,81,0.00
2023-12-02T05:00,-1.9,85,0.00
2023-12-02T06:00,-3.4,91,0.00
2023-12-02T07:00,-3.8,92,0.00
2023-12-02T08:00,-3.5,91,0.00
2023-12-02T09:00,-2.4,86,0.00
2023-12-02T10:00,-1.1,79,0.00
2023-12-02T11:00,0.3,74,0.00
2023-12-02T12:00,1.5,70,0.00
2023-12-02T13:00,2.7,66,0.00
2023-12-02T14:00,3.0,64,0.00
2023-12-02T15:00,2.6,69,0.00
2023-12-02T16:00,-0.3,80,0.00
2023-12-02T17:00,-1.5,85,0.00
2023-12-02T18:00,-1.7,86,0.00
2023-12-02T19:00,-1.8,86,0.00
2023-12-02T20:00,-2.3,86,0.00
2023-12-02T21:00,-2.4,85,0.00
2023-12-02T22:00,-2.5,84,0.00
2023-12-02T23:00,-2.5,84,0.00
2023-12-03T00:00,-2.4,83,0.00
2023-12-03T01:00,-2.4,84,0.00
2023-12-03T02:00,-2.4,83,0.00
2023-12-03T03:00,-2.3,83,0.00
2023-12-03T04:00,-1.8,82,0.00
2023-12-03T05:00,-1.3,80,0.00
2023-12-03T06:00,-0.8,78,0.00
2023-12-03T07:00,-0.7,78,0.00
2023-12-03T08:00,-0.4,80,0.10
2023-12-03T09:00,0.8,71,0.00
2023-12-03T10:00,2.0,64,0.00
2023-12-03T11:00,2.7,63,0.00
2023-12-03T12:00,3.9,58,0.00
2023-12-03T13:00,4.0,64,0.00
2023-12-03T14:00,4.1,65,0.00
2023-12-03T15:00,3.6,68,0.00
2023-12-03T16:00,2.9,68,0.00
2023-12-03T17:00,1.9,71,0.00
2023-12-03T18:00,1.6,69,0.00
2023-12-03T19:00,1.7,67,0.00
2023-12-03T20:00,1.6,65,0.00
2023-12-03T21:00,1.7,62,0.00
2023-12-03T22:00,2.1,57,0.00
2023-12-03T23:00,2.5,53,0.00
2023-12-04T00:00,3.1,50,0.00
2023-12-04T01:00,3.2,51,0.00
2023-12-04T02:00,3.5,52,0.00
2023-12-04T03:00,4.1,51,0.00
2023-12-04T04:00,4.2,56,0.30
2023-12-04T05:00,3.8,65,0.40
2023-12-04T06:00,2.0,89,0.80
2023-12-04T07:00,2.1,93,0.90
2023-12-04T08:00,2.8,88,1.00
2023-12-04T09:00,3.3,89,1.30
2023-12-04T10:00,4.8,84,0.00
2023-12-04T11:00,6.0,81,0.00
2023-12-04T12:00,7.2,79,0.00
2023-12-04T13:00,9.5,82,1.40
2023-12-04T14:00,9.3,85,0.20
2023-12-04T15:00,9.3,86,0.00
2023-12-04T16:00,8.9,88,0.00
2023-12-04T17:00,8.8,89,0.70
2023-12-04T18:00,8.9,90,0.80
2023-12-04T19:00,9.1,88,0.00
2023-12-04T20:00,8.5,88,0.00
2023-12-04T21:00,8.3,89,0.30
2023-12-04T22:00,8.1,89,1.80
2023-12-04T23:00,8.0,90,0.40
2023-12-05T00:00,7.7,91,0.10
2023-12-05T01:00,7.7,88,0.20
2023-12-05T02:00,7.5,89,0.30
2023-12-05T03:00,7.1,89,1.80
2023-12-05T04:00,6.8,89,2.40
2023-12-05T05:00,6.8,90,0.90
2023-12-05T06:00,6.9,88,0.10
2023-12-05T07:00,6.8,90,0.30
2023-12-05T08:00,6.8,91,0.50
2023-12-05T09:00,7.0,91,0.20
2023-12-05T10:00,7.3,89,0.10
2023-12-05T11:00,7.8,86,0.00
2023-12-05T12:00,7.9,86,0.00
2023-12-05T13:00,7.1,90,0.40
2023-12-05T14:00,7.1,90,0.30
2023-12-05T15:00,7.2,87,0.00
2023-12-05T16:00,6.0,90,0.00
2023-12-05T17:00,5.7,90,0.00
2023-12-05T18:00,6.2,88,0.00
2023-12-05T19:00,6.1,88,0.10
2023-12-05T20:00,5.9,89,0.10
2023-12-05T21:00,5.7,90,0.00
2023-12-05T22:00,5.7,91,0.10
2023-12-05T23:00,5.7,92,0.00
2023-12-06T00:00,5.4,94,0.00
2023-12-06T01:00,5.9,93,0.00
2023-12-06T02:00,5.4,94,0.00
2023-12-06T03:00,4.0,96,0.00
2023-12-06T04:00,3.2,97,0.00
2023-12-06T05:00,3.3,97,0.00
2023-12-06T06:00,3.6,97,0.00
2023-12-06T07:00,2.8,98,0.00
2023-12-06T08:00,2.7,98,0.00
2023-12-06T09:00,4.0,96,0.00
2023-12-06T10:00,5.3,93,0.00
2023-12-06T11:00,6.5,88,0.00
2023-12-06T12:00,7.3,79,0.00
2023-12-06T13:00,7.7,76,0.00
2023-12-06T14:00,7.7,73,0.00
2023-12-06T15:00,7.4,74,0.00
2023-12-06T16:00,5.0,88,0.00
2023-12-06T17:00,4.0,92,0.00
2023-12-06T18:00,3.2,93,0.00
2023-12-06T19:00,3.5,93,0.00
2023-12-06T20:00,2.7,94,0.00
2023-12-06T21:00,3.1,94,0.00
2023-12-06T22:00,1.9,96,0.00
2023-12-06T23:00,2.6,96,0.00
2023-12-07T00:00,2.5,96,0.00
2023-12-07T01:00,2.8,96,0.00
2023-12-07T02:00,2.7,97,0.00
2023-12-07T03:00,3.2,96,0.00
2023-12-07T04:00,2.6,97,0.00
2023-12-07T05:00,2.8,94,0.00
2023-12-07T06:00,2.3,94,0.00
2023-12-07T07:00,2.1,94,0.00
2023-12-07T08:00,3.1,91,0.00
2023-12-07T09:00,3.7,88,0.00
2023-12-07T10:00,4.6,84,0.00
2023-12-07T11:00,5.6,80,0.00
2023-12-07T12:00,6.1,79,0.00
2023-12-07T13:00,5.2,85,0.00
2023-12-07T14:00,5.3,88,0.50
2023-12-07T15:00,5.5,84,0.30
2023-12-07T16:00,5.6,83,0.00
2023-12-07T17:00,5.7,81,0.10
2023-12-07T18:00,5.5,85,0.30
2023-12-07T19:00,5.4,85,0.80
2023-12-07T20:00,5.6,87,0.80
2023-12-07T21:00,5.8,89,1.80
2023-12-07T22:00,5.9,90,3.00
2023-12-07T23:00,6.1,92,2.60
2023-12-08T00:00,6.2,94,0.40
2023-12-08T01:00,5.6,95,0.30
2023-12-08T02:00,5.7,95,0.00
2023-12-08T03:00,5.4,96,0.00
2023-12-08T04:00,4.7,97,0.00
2023-12-08T05:00,4.7,98,0.00
2023-12-08T06:00,4.4,99,0.00
2023-12-08T07:00,4.6,98,0.00
2023-12-08T08:00,5.2,99,0.00
2023-12-08T09:00,6.6,98,0.00
2023-12-08T10:00,7.2,97,0.00
2023-12-08T11:00,7.9,96,0.00
2023-12-08T12:00,8.3,94,0.00
2023-12-08T13:00,9.8,91,0.00
2023-12-08T14:00,10.2,88,0.00
2023-12-08T15:00,10.2,88,0.00
2023-12-08T16:00,9.0,92,0.00
2023-12-08T17:00,7.3,95,0.00
2023-12-08T18:00,6.8,95,0.00
2023-12-08T19:00,6.5,94,0.00
2023-12-08T20:00,6.1,94,0.00
2023-12-08T21:00,6.1,94,0.00
2023-12-08T22:00,6.2,95,0.00
2023-12-08T23:00,6.4,95,0.00
2023-12-09T00:00,6.4,94,0.00
2023-12-09T01:00,6.6,94,0.00
2023-12-09T02:00,6.4,94,0.00
2023-12-09T03:00,6.4,94,0.00
2023-12-09T04:00,6.8,93,0.10
2023-12-09T05:00,7.1,93,0.20
2023-12-09T06:00,7.5,93,0.50
2023-12-09T07:00,7.8,92,2.50
2023-12-09T08:00,8.1,92,3.40
2023-12-09T09:00,8.5,92,2.80
2023-12-09T10:00,9.3,90,4.90
2023-12-09T11:00,10.4,89,0.40
2023-12-09T12:00,11.4,89,0.10
2023-12-09T13:00,12.4,92,2.30
2023-12-09T14:00,14.1,90,0.50
2023-12-09T15:00,14.0,90,2.20
2023-12-09T16:00,13.5,92,1.70
2023-12-09T17:00,12.4,82,0.50
2023-12-09T18:00,10.9,81,0.00
2023-12-09T19:00,10.7,78,0.00
2023-12-09T20:00,10.5,77,0.00
2023-12-09T21:00,9.6,79,0.00
2023-12-09T22:00,9.2,78,0.00
2023-12-09T23:00,9.2,79,0.00
2023-12-10T00:00,9.1,78,0.00
2023-12-10T01:00,9.1,79,0.00
2023-12-10T02:00,8.9,77,0.00
2023-12-10T03:00,8.9,77,0.00
2023-12-10T04:00,8.6,80,0.00
2023-12-10T05:00,9.0,75,0.00
2023-12-10T06:00,7.4,83,0.00
2023-12-10T07:00,6.9,88,0.00
2023-12-10T08:00,7.3,89,0.00
2023-12-10T09:00,8.1,89,0.00
2023-12-10T10:00,9.7,84,0.00
2023-12-10T11:00,10.4,79,0.00
2023-12-10T12:00,11.4,72,0.00
2023-12-10T13:00,11.5,80,0.50
2023-12-10T14:00,11.2,82,0.70
2023-12-10T15:00,11.5,83,0.00
2023-12-10T16:00,11.8,86,0.10
2023-12-10T17:00,12.4,87,0.00
2023-12-10T18:00,12.8,88,0.10
2023-12-10T19:00,13.4,88,0.10
2023-12-10T20:00,13.0,88,0.00
2023-12-10T21:00,12.6,88,0.00
2023-12-10T22:00,12.0,89,0.00
2023-12-10T23:00,11.1,87,0.00
2023-12-11T00:00,10.7,88,0.00
2023-12-11T01:00,10.6,89,0.00
2023-12-11T02:00,10.4,90,0.00
2023-12-11T03:00,10.7,90,0.00
2023-12-11T04:00,10.8,89,0.00
2023-12-11T05:00,10.8,88,0.00
2023-12-11T06:00,10.4,88,0.00
2023-12-11T07:00,10.2,87,0.00
2023-12-11T08:00,9.7,88,0.00
2023-12-11T09:00,10.3,87,0.00
2023-12-11T10:00,11.3,84,0.00
2023-12-11T11:00,12.4,78,0.00
2023-12-11T12:00,12.9,74,0.10
2023-12-11T13:00,12.6,76,0.00
2023-12-11T14:00,12.4,77,0.00
2023-12-11T15:00,11.7,80,0.00
2023-12-11T16:00,8.8,91,0.00
2023-12-11T17:00,8.3,94,0.00
2023-12-11T18:00,8.5,93,0.00
2023-12-11T19:00,8.5,94,0.00
2023-12-11T20:00,8.2,95,0.00
2023-12-11T21:00,7.8,97,0.00
2023-12-11T22:00,8.2,97,0.00
2023-12-11T23:00,8.4,97,0.00
2023-12-12T00:00,8.6,97,0.00
2023-12-12T01:00,9.1,92,1.20
2023-12-12T02:00,9.0,94,1.10
2023-12-12T03:00,9.8,93,0.00
2023-12-12T04:00,10.1,97,0.00
2023-12-12T05:00,10.0,98,0.10
2023-12-12T06:00,10.3,97,0.00
2023-12-12T07:00,10.1,95,0.00
2023-12-12T08:00,11.3,95,0.00
2023-12-12T09:00,11.7,93,0.00
2023-12-12T10:00,12.1,91,0.00
2023-12-12T11:00,12.7,88,0.00
2023-12-12T12:00,12.7,86,0.10
2023-12-12T13:00,12.7,86,0.10
2023-12-12T14:00,12.4,84,0.00
2023-12-12T15:00,12.2,82,0.00
2023-12-12T16:00,11.2,83,0.00
2023-12-12T17:00,10.3,84,0.00
2023-12-12T18:00,9.8,86,0.00
2023-12-12T19:00,9.3,89,0.00
2023-12-12T20:00,9.2,90,0.00
2023-12-12T21:00,9.1,90,0.00
2023-12-12T22:00,9.2,90,0.00
2023-12-12T23:00,9.9,88,0.00
2023-12-13T00:00,9.6,88,0.00
2023-12-13T01:00,9.2,91,0.10
2023-12-13T02:00,8.4,92,0.00
2023-12-13T03:00,7.8,92,0.00
2023-12-13T04:00,7.3,93,0.00
2023-12-13T05:00,7.0,94,0.00
2023-12-13T06:00,6.6,94,0.00
2023-12-13T07:00,6.2,94,0.00
2023-12-13T08:00,6.3,94,0.00
2023-12-13T09:00,7.6,91,0.00
2023-12-13T10:00,8.7,87,0.20
2023-12-13T11:00,8.8,88,0.60
2023-12-13T12:00,9.2,88,0.00
2023-12-13T13:00,9.9,83,0.10
2023-12-13T14:00,8.9,83,0.20
2023-12-13T15:00,8.7,86,0.10
2023-12-13T16:00,7.7,90,0.10
2023-12-13T17:00,7.8,88,0.00
2023-12-13T18:00,7.4,89,0.00
2023-12-13T19:00,7.5,89,0.00
2023-12-13T20:00,6.5,91,0.00
2023-12-13T21:00,6.3,92,0.00
2023-12-13T22:00,6.7,91,0.20
2023-12-13T23:00,7.5,90,0.80
2023-12-14T00:00,8.0,88,0.20
2023-12-14T01:00,8.1,86,0.00
2023-12-14T02:00,7.9,86,0.00
2023-12-14T03:00,8.0,85,0.00
2023-12-14T04:00,7.8,86,0.00
2023-12-14T05:00,7.9,84,0.00
2023-12-14T06:00,7.6,84,0.00
2023-12-14T07:00,7.0,86,0.00
2023-12-14T08:00,7.0,86,0.00
2023-12-14T09:00,7.5,83,0.00
2023-12-14T10:00,7.9,80,0.00
2023-12-14T11:00,8.2,76,0.00
2023-12-14T12:00,8.4,71,0.00
2023-12-14T13:00,7.9,74,0.00
2023-12-14T14:00,7.5,76,0.00
2023-12-14T15:00,7.3,79,0.00
2023-12-14T16:00,6.9,83,0.00
2023-12-14T17:00,6.9,84,0.00
2023-12-14T18:00,6.8,84,0.00
2023-12-14T19:00,6.8,83,0.10
2023-12-14T20:00,6.9,83,0.00
2023-12-14T21:00,7.0,84,0.00
2023-12-14T22:00,7.1,85,0.00
2023-12-14T23:00,7.3,87,0.10
2023-12-15T00:00,7.5,88,0.10
2023-12-15T01:00,7.4,92,0.00
2023-12-15T02:00,7.2,94,0.00
2023-12-15T03:00,7.4,94,0.00
2023-12-15T04:00,7.5,94,0.00
2023-12-15T05:00,7.1,96,0.00
2023-12-15T06:00,6.9,97,0.00
2023-12-15T07:00,7.2,97,0.00
2023-12-15T08:00,7.3,96,0.00
2023-12-15T09:00,7.6,93,0.00
2023-12-15T10:00,8.3,90,0.00
2023-12-15T11:00,8.8,89,0.10
2023-12-15T12:00,9.2,89,0.20
2023-12-15T13:00,9.3,90,0.50
2023-12-15T14:00,9.6,88,0.00
2023-12-15T15:00,9.2,91,0.00
2023-12-15T16:00,6.6,95,0.00
2023-12-15T17:00,5.2,96,0.00
2023-12-15T18:00,5.7,93,0.00
2023-12-15T19:00,5.3,93,0.00
2023-12-15T20:00,4.0,95,0.00
2023-12-15T21:00,4.4,94,0.00
2023-12-15T22:00,4.6,94,0.00
2023-12-15T23:00,4.5,95,0.00
2023-12-16T00:00,3.9,96,0.00
2023-12-16T01:00,5.8,89,0.00
2023-12-16T02:00,5.1,91,0.00
2023-12-16T03:00,3.4,95,0.00
2023-12-16T04:00,3.8,92,0.00
2023-12-16T05:00,4.5,87,0.00
2023-12-16T06:00,3.0,88,0.00
2023-12-16T07:00,2.2,89,0.00
2023-12-16T08:00,2.2,90,0.00
2023-12-16T09:00,3.9,87,0.00
2023-12-16T10:00,5.8,84,0.00
2023-12-16T11:00,7.5,81,0.00
2023-12-16T12:00,8.7,77,0.00
2023-12-16T13:00,9.5,70,0.00
2023-12-16T14:00,9.6,68,0.00
2023-12-16T15:00,9.2,71,0.00
2023-12-16T16:00,7.2,78,0.00
2023-12-16T17:00,4.6,89,0.00
2023-12-16T18:00,4.1,92,0.00
2023-12-16T19:00,3.6,94,0.00
2023-12-16T20:00,2.7,96,0.00
2023-12-16T21:00,2.2,96,0.00
2023-12-16T22:00,1.8,95,0.00
2023-12-16T23:00,3.2,91,0.00
2023-12-17T00:00,2.6,93,0.00
2023-12-17T01:00,2.2,98,0.00
2023-12-17T02:00,1.8,100,0.00
2023-12-17T03:00,1.1,100,0.00
2023-12-17T04:00,1.2,99,0.00
2023-12-17T05:00,1.3,98,0.00
2023-12-17T06:00,1.5,97,0.00
2023-12-17T07:00,1.5,98,0.00
2023-12-17T08:00,1.6,99,0.00
2023-12-17T09:00,1.9,99,0.00
2023-12-17T10:00,2.6,98,0.00
2023-12-17T11:00,3.9,93,0.00
2023-12-17T12:00,4.8,90,0.00
2023-12-17T13:00,6.6,84,0.00
2023-12-17T14:00,7.0,84,0.00
2023-12-17T15:00,6.5,88,0.00
2023-12-17T16:00,4.4,96,0.00
2023-12-17T17:00,2.6,99,0.00
2023-12-17T18:00,2.4,99,0.00
2023-12-17T19:00,1.8,99,0.00
2023-12-17T20:00,1.2,99,0.00
2023-12-17T21:00,0.8,99,0.00
2023-12-17T22:00,0.4,99,0.00
2023-12-17T23:00,0.1,99,0.00
2023-12-18T00:00,-0.2,99,0.00
2023-12-18T01:00,-0.2,98,0.00
2023-12-18T02:00,0.6,99,0.00
2023-12-18T03:00,1.6,100,0.00
2023-12-18T04:00,1.7,98,0.00
2023-12-18T05:00,1.7,97,0.00
2023-12-18T06:00,1.8,94,0.00
2023-12-18T07:00,1.6,94,0.00
2023-12-18T08:00,1.0,93,0.00
2023-12-18T09:00,0.8,91,0.00
2023-12-18T10:00,1.4,92,0.00
2023-12-18T11:00,2.0,94,0.00
2023-12-18T12:00,2.7,95,0.00
2023-12-18T13:00,1.2,88,0.00
2023-12-18T14:00,2.1,84,0.00
2023-12-18T15:00,2.8,82,0.00
2023-12-18T16:00,2.3,88,0.00
2023-12-18T17:00,2.3,88,0.00
2023-12-18T18:00,3.2,87,0.00
2023-12-18T19:00,3.7,89,0.00
2023-12-18T20:00,3.9,91,0.00
2023-12-18T21:00,3.7,92,0.00
2023-12-18T22:00,3.3,94,0.00
2023-12-18T23:00,3.9,92,0.00
2023-12-19T00:00,4.1,92,0.00
2023-12-19T01:00,3.8,91,0.00
2023-12-19T02:00,4.1,91,0.00
2023-12-19T03:00,4.4,91,0.00
2023-12-19T04:00,4.8,91,0.00
2023-12-19T05:00,4.8,92,0.00
2023-12-19T06:00,4.7,94,0.00
2023-12-19T07:00,5.1,92,0.00
2023-12-19T08:00,5.0,94,0.00
2023-12-19T09:00,6.1,89,0.00
2023-12-19T10:00,7.6,85,0.00
2023-12-19T11:00,8.7,82,0.00
2023-12-19T12:00,9.0,81,0.00
2023-12-19T13:00,8.6,85,0.00
2023-12-19T14:00,8.7,85,0.00
2023-12-19T15:00,8.8,86,0.00
2023-12-19T16:00,8.8,88,0.10
2023-12-19T17:00,8.9,90,0.50
2023-12-19T18:00,9.0,91,0.40
2023-12-19T19:00,9.3,92,1.10
2023-12-19T20:00,9.7,92,0.80
2023-12-19T21:00,9.9,91,0.70
2023-12-19T22:00,8.9,90,0.20
2023-12-19T23:00,8.5,93,0.00
2023-12-20T00:00,8.5,91,0.00
2023-12-20T01:00,7.5,92,0.00
2023-12-20T02:00,7.0,92,0.00
2023-12-20T03:00,6.9,88,0.00
2023-12-20T04:00,5.9,90,0.00
2023-12-20T05:00,5.0,91,0.00
2023-12-20T06:00,4.4,93,0.00
2023-12-20T07:00,4.4,93,0.00
2023-12-20T08:00,4.4,92,0.00
2023-12-20T09:00,5.9,89,0.00
2023-12-20T10:00,7.4,85,0.00
2023-12-20T11:00,8.7,81,0.00
2023-12-20T12:00,9.5,79,0.00
2023-12-20T13:00,9.2,79,0.00
2023-12-20T14:00,8.7,81,0.00
2023-12-20T15:00,8.5,82,0.00
2023-12-20T16:00,8.7,82,0.00
2023-12-20T17:00,8.9,82,0.00
2023-12-20T18:00,9.1,81,0.00
2023-12-20T19:00,9.3,81,0.00
2023-12-20T20:00,9.2,82,0.00
2023-12-20T21:00,9.3,83,0.00
2023-12-20T22:00,9.5,84,0.00
2023-12-20T23:00,9.8,84,0.00
2023-12-21T00:00,9.7,84,0.00
2023-12-21T01:00,9.4,84,0.20
2023-12-21T02:00,9.5,85,0.10
2023-12-21T03:00,9.8,84,0.00
2023-12-21T04:00,10.2,85,0.00
2023-12-21T05:00,10.5,86,0.00
2023-12-21T06:00,10.7,86,0.00
2023-12-21T07:00,10.7,86,0.00
2023-12-21T08:00,10.9,87,0.10
2023-12-21T09:00,11.2,87,0.00
2023-12-21T10:00,11.4,87,0.20
2023-12-21T11:00,11.6,86,0.10
2023-12-21T12:00,12.0,85,0.00
2023-12-21T13:00,10.9,87,0.10
2023-12-21T14:00,10.9,86,0.10
2023-12-21T15:00,11.0,83,0.00
2023-12-21T16:00,11.0,81,0.00
2023-12-21T17:00,10.8,81,0.00
2023-12-21T18:00,10.9,81,0.00
2023-12-21T19:00,10.7,82,0.00
2023-12-21T20:00,10.7,81,0.00
2023-12-21T21:00,10.5,78,0.00
2023-12-21T22:00,10.3,74,0.00
2023-12-21T23:00,9.8,77,0.00
2023-12-22T00:00,9.3,78,0.00
2023-12-22T01:00,10.4,75,0.00
2023-12-22T02:00,10.3,72,0.00
2023-12-22T03:00,9.4,73,0.00
2023-12-22T04:00,9.6,76,0.00
2023-12-22T05:00,10.2,79,0.00
2023-12-22T06:00,10.4,83,0.30
2023-12-22T07:00,10.6,84,0.10
2023-12-22T08:00,10.5,86,0.20
2023-12-22T09:00,10.5,88,0.20
2023-12-22T10:00,10.8,86,0.20
2023-12-22T11:00,10.9,83,0.10
2023-12-22T12:00,10.9,83,0.00
2023-12-22T13:00,10.3,80,0.00
2023-12-22T14:00,10.5,78,0.00
2023-12-22T15:00,10.2,76,0.00
2023-12-22T16:00,10.0,77,0.00
2023-12-22T17:00,9.6,77,0.00
2023-12-22T18:00,9.4,77,0.00
2023-12-22T19:00,9.5,76,0.00
2023-12-22T20:00,9.6,76,0.00
2023-12-22T21:00,9.5,77,0.00
2023-12-22T22:00,9.6,79,0.00
2023-12-22T23:00,9.6,81,0.00
2023-12-23T00:00,9.7,82,0.00
2023-12-23T01:00,8.8,82,0.00
2023-12-23T02:00,8.8,78,0.00
2023-12-23T03:00,8.8,77,0.00
2023-12-23T04:00,8.9,76,0.00
2023-12-23T05:00,8.8,76,0.00
2023-12-23T06:00,7.8,83,0.00
2023-12-23T07:00,7.7,85,0.00
2023-12-23T08:00,8.5,83,0.00
2023-12-23T09:00,9.4,82,0.00
2023-12-23T10:00,10.2,80,0.00
2023-12-23T11:00,10.9,79,0.10
2023-12-23T12:00,11.7,77,0.10
2023-12-23T13:00,11.3,77,0.10
2023-12-23T14:00,11.4,78,0.00
2023-12-23T15:00,11.0,80,0.10
2023-12-23T16:00,10.1,85,0.10
2023-12-23T17:00,9.9,84,0.00
2023-12-23T18:00,9.9,83,0.00
2023-12-23T19:00,10.3,82,0.00
2023-12-23T20:00,10.5,80,0.00
2023-12-23T21:00,10.5,80,0.00
2023-12-23T22:00,9.8,85,0.00
2023-12-23T23:00,10.2,81,0.00
2023-12-24T00:00,10.3,80,0.00
2023-12-24T01:00,9.6,82,0.00
2023-12-24T02:00,9.6,81,0.00
2023-12-24T03:00,9.5,82,0.00
2023-12-24T04:00,9.4,80,0.00
2023-12-24T05:00,8.3,85,0.00
2023-12-24T06:00,9.0,82,0.00
2023-12-24T07:00,9.4,82,0.00
2023-12-24T08:00,9.8,81,0.00
2023-12-24T09:00,10.1,80,0.10
2023-12-24T10:00,10.4,79,0.00
2023-12-24T11:00,11.4,76,0.00
2023-12-24T12:00,11.6,77,0.00
2023-12-24T13:00,10.8,80,0.00
2023-12-24T14:00,10.9,78,0.00
2023-12-24T15:00,11.4,78,0.00
2023-12-24T16:00,11.3,79,0.00
2023-12-24T17:00,10.9,79,0.00
2023-12-24T18:00,10.4,82,0.00
2023-12-24T19:00,10.3,81,0.00
2023-12-24T20:00,10.3,81,0.00
2023-12-24T21:00,10.7,81,0.00
2023-12-24T22:00,11.0,80,0.00
2023-12-24T23:00,11.2,80,0.00
2023-12-25T00:00,11.3,80,0.00
2023-12-25T01:00,11.2,78,0.00
2023-12-25T02:00,11.1,79,0.00
2023-12-25T03:00,11.3,79,0.00
2023-12-25T04:00,11.3,81,0.00
2023-12-25T05:00,11.5,81,0.00
2023-12-25T06:00,11.3,82,0.00
2023-12-25T07:00,10.8,85,0.00
2023-12-25T08:00,10.6,85,0.00
2023-12-25T09:00,11.2,81,0.00
2023-12-25T10:00,11.5,80,0.00
2023-12-25T11:00,11.9,80,0.00
2023-12-25T12:00,12.6,78,0.00
2023-12-25T13:00,11.6,82,0.00
2023-12-25T14:00,11.6,82,0.00
2023-12-25T15:00,11.6,81,0.00
2023-12-25T16:00,11.4,81,0.00
2023-12-25T17:00,11.3,81,0.00
2023-12-25T18:00,11.0,82,0.00
2023-12-25T19:00,10.4,85,0.00
2023-12-25T20:00,10.6,84,0.00
2023-12-25T21:00,10.9,81,0.00
2023-12-25T22:00,10.7,80,0.00
2023-12-25T23:00,10.7,80,0.00
2023-12-26T00:00,10.6,79,0.00
2023-12-26T01:00,10.8,76,0.00
2023-12-26T02:00,10.6,77,0.00
2023-12-26T03:00,10.1,79,0.00
2023-12-26T04:00,10.3,78,0.00
2023-12-26T05:00,10.3,78,0.00
2023-12-26T06:00,10.4,78,0.00
2023-12-26T07:00,10.4,78,0.00
2023-12-26T08:00,10.4,79,0.00
2023-12-26T09:00,10.8,80,0.00
2023-12-26T10:00,11.3,79,0.00
2023-12-26T11:00,11.4,81,0.00
2023-12-26T12:00,11.7,80,0.00
2023-12-26T13:00,11.0,85,0.00
2023-12-26T14:00,11.3,83,0.00
2023-12-26T15:00,11.1,85,0.00
2023-12-26T16:00,10.5,89,0.00
2023-12-26T17:00,10.4,91,0.00
2023-12-26T18:00,10.4,92,0.00
2023-12-26T19:00,10.5,91,0.00
2023-12-26T20:00,10.6,89,0.00
2023-12-26T21:00,10.4,88,0.00
2023-12-26T22:00,10.1,89,0.20
2023-12-26T23:00,9.7,91,0.00
2023-12-27T00:00,8.8,94,0.00
2023-12-27T01:00,9.5,91,0.00
2023-12-27T02:00,9.6,92,0.00
2023-12-27T03:00,9.5,91,0.00
2023-12-27T04:00,9.4,91,0.00
2023-12-27T05:00,9.4,90,0.00
2023-12-27T06:00,8.9,89,0.00
2023-12-27T07:00,8.0,91,0.00
2023-12-27T08:00,7.3,92,0.00
2023-12-27T09:00,7.6,90,0.00
2023-12-27T10:00,8.1,87,0.00
2023-12-27T11:00,8.8,81,0.00
2023-12-27T12:00,9.7,76,0.00
2023-12-27T13:00,10.3,71,0.00
2023-12-27T14:00,10.2,72,0.00
2023-12-27T15:00,9.9,56,0.00
2023-12-27T16:00,9.5,56,0.00
2023-12-27T17:00,9.3,55,0.00
2023-12-27T18:00,9.3,59,0.00
2023-12-27T19:00,9.6,65,0.00
2023-12-27T20:00,10.1,69,0.10
2023-12-27T21:00,9.5,83,1.40
2023-12-27T22:00,9.9,83,0.00
2023-12-27T23:00,10.2,84,0.00
2023-12-28T00:00,10.5,86,0.00
2023-12-28T01:00,10.3,87,0.00
2023-12-28T02:00,10.3,89,0.00
2023-12-28T03:00,10.1,90,0.00
2023-12-28T04:00,9.9,91,0.00
2023-12-28T05:00,9.7,91,0.00
2023-12-28T06:00,9.6,91,0.00
2023-12-28T07:00,9.5,92,0.00
2023-12-28T08:00,9.6,93,0.00
2023-12-28T09:00,10.7,90,0.00
2023-12-28T10:00,11.1,85,0.00
2023-12-28T11:00,11.5,82,0.00
2023-12-28T12:00,12.0,76,0.00
2023-12-28T13:00,12.2,72,0.00
2023-12-28T14:00,12.1,73,0.00
2023-12-28T15:00,11.4,78,0.00
2023-12-28T16:00,10.4,86,0.00
2023-12-28T17:00,9.8,89,0.00
2023-12-28T18:00,9.3,89,0.00
2023-12-28T19:00,8.9,88,0.00
2023-12-28T20:00,8.6,88,0.00
2023-12-28T21:00,8.4,86,0.00
2023-12-28T22:00,8.2,84,0.00
2023-12-28T23:00,8.2,84,0.00
2023-12-29T00:00,8.1,87,0.00
2023-12-29T01:00,8.3,90,0.00
2023-12-29T02:00,8.7,88,0.00
2023-12-29T03:00,8.9,88,0.00
2023-12-29T04:00,9.9,83,0.00
2023-12-29T05:00,10.0,83,0.00
2023-12-29T06:00,10.1,82,0.00
2023-12-29T07:00,9.9,83,0.00
2023-12-29T08:00,9.4,86,0.00
2023-12-29T09:00,10.2,83,0.00
2023-12-29T10:00,10.8,82,0.00
2023-12-29T11:00,11.5,78,0.00
2023-12-29T12:00,11.7,77,0.00
2023-12-29T13:00,11.0,80,0.00
2023-12-29T14:00,11.2,79,0.00
2023-12-29T15:00,10.9,81,0.00
2023-12-29T16:00,10.6,84,0.30
2023-12-29T17:00,10.3,88,0.60
2023-12-29T18:00,9.9,89,0.40
2023-12-29T19:00,10.3,88,0.10
2023-12-29T20:00,9.9,90,0.30
2023-12-29T21:00,9.3,92,0.00
2023-12-29T22:00,8.9,91,0.00
2023-12-29T23:00,8.7,92,0.00
2023-12-30T00:00,8.4,92,0.00
2023-12-30T01:00,7.8,92,0.00
2023-12-30T02:00,7.2,94,0.00
2023-12-30T03:00,7.2,95,0.00
2023-12-30T04:00,7.8,95,0.00
2023-12-30T05:00,8.7,93,0.00
2023-12-30T06:00,8.9,94,0.00
2023-12-30T07:00,9.2,93,0.00
2023-12-30T08:00,9.1,93,0.00
2023-12-30T09:00,9.0,92,0.00
2023-12-30T10:00,9.4,87,0.00
2023-12-30T11:00,10.2,83,0.00
2023-12-30T12:00,10.7,81,0.00
2023-12-30T13:00,10.9,88,0.10
2023-12-30T14:00,11.8,82,0.10
2023-12-30T15:00,11.1,85,0.00
2023-12-30T16:00,10.6,86,0.00
2023-12-30T17:00,10.4,85,0.00
2023-12-30T18:00,10.0,85,0.00
2023-12-30T19:00,9.9,83,0.00
2023-12-30T20:00,9.7,80,0.00
2023-12-30T21:00,8.6,85,0.00
2023-12-30T22:00,8.8,86,0.00
2023-12-30T23:00,9.3,84,0.00
2023-12-31T00:00,9.3,86,0.00
2023-12-31T01:00,9.8,80,0.00
2023-12-31T02:00,10.4,77,0.00
2023-12-31T03:00,10.4,75,0.10
2023-12-31T04:00,10.6,74,0.30
2023-12-31T05:00,9.3,83,1.20
2023-12-31T06:00,8.6,81,0.10
2023-12-31T07:00,8.6,81,0.10
2023-12-31T08:00,7.9,81,0.00
2023-12-31T09:00,7.9,79,0.00
2023-12-31T10:00,8.7,74,0.00
2023-12-31T11:00,9.6,71,0.00
2023-12-31T12:00,10.4,64,0.00
2023-12-31T13:00,10.1,65,0.10
2023-12-31T14:00,10.1,62,0.00
2023-12-31T15:00,9.7,64,0.00
2023-12-31T16:00,9.6,65,0.00
2023-12-31T17:00,8.7,70,0.00
2023-12-31T18:00,8.5,72,0.00
2023-12-31T19:00,8.1,75,0.00
2023-12-31T20:00,7.8,77,0.00
2023-12-31T21:00,7.5,78,0.00
2023-12-31T22:00,7.4,77,0.00
2023-12-31T23:00,7.3,76,0.00
